slug,farmaco_a_slug,farmaco_b_slug,severidade,resumo_pt,resumo_en,mecanismo_pt,mecanismo_en,conselho_pt,conselho_en,monitorizacao_pt,monitorizacao_en,red_flags_pt,red_flags_en,fonte_pt,fonte_en,estado,data_revisao
acetazolamida_furosemida,acetazolamida,furosemida,moderate,O acetazolamida somado à furosemida pode aprofundar a acidose e a depleção de potássio.,Adding acetazolamide to furosemide may deepen metabolic acidosis and hypokalaemia.,Ambos causam perda de bicarbonato/cloro e potássio; risco de acidose metabólica acentuada.,Both cause bicarbonate/chloride and potassium loss; risk of marked metabolic acidosis.,Monitorizar gasometria e eletrólitos; usar com precaução em idosos.,Monitor gases and electrolytes; use cautiously in the elderly.,"Potássio, cloro, pH.","Potassium, chloride, pH.",Sinais de acidose (respiração de Kussmaul) ou arritmia.,Signs of acidosis (Kussmaul breathing) or arrhythmia.,"DailyMed (FDA) — rótulo aprovado Acetazolamida: https://dailymed.nlm.nih.gov/dailymed/drugInfo.cfm?setid=268db224-d5db-457c-86bc-972c9fe07917 ; rótulo aprovado Furosemida: https://dailymed.nlm.nih.gov/dailymed/drugInfo.cfm?setid=6d9caaab-d874-4cf1-b9fe-408452a18998 — referência adicional: Prontuário Terapêutico do INFARMED (11.ª ed., 2012)","DailyMed (FDA) — approved Acetazolamide label: https://dailymed.nlm.nih.gov/dailymed/drugInfo.cfm?setid=268db224-d5db-457c-86bc-972c9fe07917 ; approved Furosemide label: https://dailymed.nlm.nih.gov/dailymed/drugInfo.cfm?setid=6d9caaab-d874-4cf1-b9fe-408452a18998 — additional reference: Prontuário Terapêutico do INFARMED (11th ed., 2012)",publicado,
acido_ascorbico_ferro,acido_ascorbico,ferro,moderate,Ferro + vitamina C: a vitamina C aumenta a absorção do ferro oral.,Iron + vitamin C: vitamin C increases oral iron absorption.,"O ácido ascórbico reduz o ferro férrico a ferroso e forma complexos solúveis, melhorando a absorção intestinal.","Ascorbic acid reduces ferric to ferrous iron and forms soluble complexes, improving intestinal absorption.",Associação favorável: pode permitir reduzir a dose de ferro; vigiar sobrecarga em doentes com risco.,Favourable combination: may allow a lower iron dose; watch for overload in at-risk patients.,Ferritina e hemoglobina.,Ferritin and haemoglobin.,Sinais de sobrecarga de ferro (raro com doses habituais).,Signs of iron overload (rare at usual doses).,"DailyMed (FDA) — rótulo aprovado Ferro: https://dailymed.nlm.nih.gov/dailymed/drugInfo.cfm?setid=4e88a847-397b-4ddb-83d7-42c9b963a0b7 ; rótulo aprovado Ácido ascórbico (vitamina C): https://dailymed.nlm.nih.gov/dailymed/drugInfo.cfm?setid=1606e29f-0e80-4069-b688-daab9cbff20a — referência adicional: Prontuário Terapêutico do INFARMED (11.ª ed., 2012)","DailyMed (FDA) — approved Iron label: https://dailymed.nlm.nih.gov/dailymed/drugInfo.cfm?setid=4e88a847-397b-4ddb-83d7-42c9b963a0b7 ; approved Ascorbic acid (vitamin C) label: https://dailymed.nlm.nih.gov/dailymed/drugInfo.cfm?setid=1606e29f-0e80-4069-b688-daab9cbff20a — additional reference: Prontuário Terapêutico do INFARMED (11th ed., 2012)",publicado,
acido_ascorbico_warfarina,acido_ascorbico,warfarina,moderate,Varfarina + vitamina C (doses elevadas): possível alteração do INR.,Warfarin + vitamin C (high doses): possible INR change.,Doses muito elevadas de vitamina C podem interferir com a anticoagulação (mecanismo não totalmente esclarecido).,Very high vitamin C doses may interfere with anticoagulation (mechanism not fully clarified).,Evitar doses altas (>1 g/dia) sem monitorização; vigiar INR.,Avoid high doses (>1 g/day) without monitoring; check INR.,INR periódico.,Periodic INR.,Sinais de hemorragia ou trombose.,Signs of bleeding or thrombosis.,"DailyMed (FDA) — rótulo aprovado Varfarina: https://dailymed.nlm.nih.gov/dailymed/drugInfo.cfm?setid=541c9a70-adaf-4ef3-94ba-ad4e70dfa057 ; rótulo aprovado Ácido ascórbico (vitamina C): https://dailymed.nlm.nih.gov/dailymed/drugInfo.cfm?setid=1606e29f-0e80-4069-b688-daab9cbff20a — referência adicional: Prontuário Terapêutico do INFARMED (11.ª ed., 2012)","DailyMed (FDA) — approved Warfarin label: https://dailymed.nlm.nih.gov/dailymed/drugInfo.cfm?setid=541c9a70-adaf-4ef3-94ba-ad4e70dfa057 ; approved Ascorbic acid (vitamin C) label: https://dailymed.nlm.nih.gov/dailymed/drugInfo.cfm?setid=1606e29f-0e80-4069-b688-daab9cbff20a — additional reference: Prontuário Terapêutico do INFARMED (11th ed., 2012)",publicado,
acido_folico_ciprofloxacina,acido_folico,ciprofloxacina,minor,Associação geralmente sem interação relevante; pode manter-se a terapêutica habitual.,The combination is generally safe with no relevant interaction; usual therapy can be maintained.,Sem mecanismo de interação conhecido entre folato e fluoroquinolonas.,No known interaction mechanism between folate and fluoroquinolones.,Sem necessidade de ajuste posológico.,No dose adjustment needed.,Sem monitorização adicional específica.,No specific additional monitoring.,Sem sinais de alerta específicos.,No specific red flags.,"DailyMed (FDA) — rótulo aprovado Ácido fólico: https://dailymed.nlm.nih.gov/dailymed/drugInfo.cfm?setid=0baa10dd-6d1d-4946-8236-566451132da3 ; rótulo aprovado Ciprofloxacina: https://dailymed.nlm.nih.gov/dailymed/drugInfo.cfm?setid=c527d138-e32c-418f-9573-a3d8a796279f — referência adicional: Prontuário Terapêutico do INFARMED (11.ª ed., 2012)","DailyMed (FDA) — approved Folic acid label: https://dailymed.nlm.nih.gov/dailymed/drugInfo.cfm?setid=0baa10dd-6d1d-4946-8236-566451132da3 ; approved Ciprofloxacin label: https://dailymed.nlm.nih.gov/dailymed/drugInfo.cfm?setid=c527d138-e32c-418f-9573-a3d8a796279f — additional reference: Prontuário Terapêutico do INFARMED (11th ed., 2012)",publicado,
acido_folico_sulfassalazina,acido_folico,sulfassalazina,moderate,"A sulfassalazina pode reduzir a absorção do ácido fólico e o seu efeito, sobretudo em uso prolongado.","Sulfasalazine may reduce folic acid absorption and its effect, especially with long-term use.",Inibição do transportador de folato intestinal pela sulfapiridina (metabolito da sulfassalazina).,Inhibition of the intestinal folate transporter by sulfapyridine (a sulfasalazine metabolite).,"Considerar suplementação de ácido fólico em doentes em tratamento prolongado, sobretudo se anemia ou gravidez.","Consider folic acid supplementation in patients on long-term therapy, especially with anaemia or pregnancy.",Vigiar hemograma e sinais de anemia megaloblástica.,Monitor blood count and signs of megaloblastic anaemia.,Anemia megaloblástica.,Megaloblastic anaemia.,"DailyMed (FDA) — rótulo aprovado Sulfassalazina: https://dailymed.nlm.nih.gov/dailymed/drugInfo.cfm?setid=d967092f-9685-446b-b7b8-17821e29417b ; rótulo aprovado Ácido fólico: https://dailymed.nlm.nih.gov/dailymed/drugInfo.cfm?setid=0baa10dd-6d1d-4946-8236-566451132da3 — referência adicional: Prontuário Terapêutico do INFARMED (11.ª ed., 2012)","DailyMed (FDA) — approved Sulfasalazine label: https://dailymed.nlm.nih.gov/dailymed/drugInfo.cfm?setid=d967092f-9685-446b-b7b8-17821e29417b ; approved Folic acid label: https://dailymed.nlm.nih.gov/dailymed/drugInfo.cfm?setid=0baa10dd-6d1d-4946-8236-566451132da3 — additional reference: Prontuário Terapêutico do INFARMED (11th ed., 2012)",publicado,
acido_tranexamico_enoxaparina,acido_tranexamico,enoxaparina,moderate,O ácido tranexâmico combinado com enoxaparina aumenta o risco trombótico; avaliar criteriosamente a indicação.,Tranexamic acid combined with enoxaparin increases thrombotic risk; assess the indication carefully.,O antifibrinolítico reduz a lise do coágulo enquanto a HBPM acentua a anticoagulação; o balanço é paradoxal e o risco trombótico aditivo em doentes de risco.,The antifibrinolytic reduces clot lysis while LMWH enhances anticoagulation; the balance is paradoxical and thrombotic risk is additive in at-risk patients.,Usar apenas quando a hemorragia supera o risco trombótico; vigiar sinais de trombose.,Use only when bleeding outweighs thrombotic risk; monitor for signs of thrombosis.,"Vigiar sinais de TVP, embolia pulmonar e hemorragia.","Monitor for signs of DVT, pulmonary embolism and bleeding.","Dor ou edema de membro, dispneia súbita, hemorragia persistente.","Limb pain or swelling, sudden dyspnoea, persistent bleeding.","DailyMed (FDA) — rótulo aprovado Ácido tranexâmico: https://dailymed.nlm.nih.gov/dailymed/drugInfo.cfm?setid=4877eacd-fda7-4708-93a5-81052c1d2e14 ; rótulo aprovado Enoxaparina: https://dailymed.nlm.nih.gov/dailymed/drugInfo.cfm?setid=5017a927-2a24-4f27-89f9-27c805bf7d59 — referência adicional: Prontuário Terapêutico do INFARMED (11.ª ed., 2012)","DailyMed (FDA) — approved Tranexamic acid label: https://dailymed.nlm.nih.gov/dailymed/drugInfo.cfm?setid=4877eacd-fda7-4708-93a5-81052c1d2e14 ; approved Enoxaparin label: https://dailymed.nlm.nih.gov/dailymed/drugInfo.cfm?setid=5017a927-2a24-4f27-89f9-27c805bf7d59 — additional reference: Prontuário Terapêutico do INFARMED (11th ed., 2012)",publicado,
adrenalina_amiodarona,adrenalina,amiodarona,moderate,Adrenalina + antiarrítmico: risco de arritmias ventriculares.,Epinephrine + antiarrhythmic: risk of ventricular arrhythmias.,"A estimulação adrenérgica adiciona-se a fármacos que prolongam a repolarização, aumentando o risco de arritmia.","Adrenergic stimulation adds to drugs that prolong repolarisation, increasing arrhythmia risk.",Usar com precaução em doentes com doença cardíaca; monitorizar ritmo cardíaco.,Use with caution in cardiac patients; monitor heart rhythm.,Eletrocardiograma e tensão arterial.,ECG and blood pressure.,"Palpitações, taquicardia, arritmias ventriculares.","Palpitations, tachycardia, ventricular arrhythmias.","DailyMed (FDA) — rótulo aprovado Adrenalina: https://dailymed.nlm.nih.gov/dailymed/drugInfo.cfm?setid=5726eeca-db88-ba8e-e063-6294a90a927d ; rótulo aprovado Amiodarona: https://dailymed.nlm.nih.gov/dailymed/drugInfo.cfm?setid=51a88e8e-da02-4b97-9e7e-442fbffd908d — referência adicional: Prontuário Terapêutico do INFARMED (11.ª ed., 2012)","DailyMed (FDA) — approved Epinephrine label: https://dailymed.nlm.nih.gov/dailymed/drugInfo.cfm?setid=5726eeca-db88-ba8e-e063-6294a90a927d ; approved Amiodarone label: https://dailymed.nlm.nih.gov/dailymed/drugInfo.cfm?setid=51a88e8e-da02-4b97-9e7e-442fbffd908d — additional reference: Prontuário Terapêutico do INFARMED (11th ed., 2012)",publicado,
adrenalina_ciprofloxacina,adrenalina,ciprofloxacina,minor,Adrenalina + fluoroquinolona: risco teórico de prolongamento do QTc.,Epinephrine + fluoroquinolone: theoretical risk of QTc prolongation.,Ambos podem prolongar o intervalo QTc em doentes suscetíveis.,Both may prolong the QTc interval in susceptible patients.,Usar com precaução em doentes com fatores de risco de QTc prolongado.,Use with caution in patients with QTc risk factors.,Eletrocardiograma em doentes de risco.,ECG in at-risk patients.,"Palpitações, síncope.","Palpitations, syncope.","DailyMed (FDA) — rótulo aprovado Adrenalina: https://dailymed.nlm.nih.gov/dailymed/drugInfo.cfm?setid=5726eeca-db88-ba8e-e063-6294a90a927d ; rótulo aprovado Ciprofloxacina: https://dailymed.nlm.nih.gov/dailymed/drugInfo.cfm?setid=c527d138-e32c-418f-9573-a3d8a796279f — referência adicional: Prontuário Terapêutico do INFARMED (11.ª ed., 2012)","DailyMed (FDA) — approved Epinephrine label: https://dailymed.nlm.nih.gov/dailymed/drugInfo.cfm?setid=5726eeca-db88-ba8e-e063-6294a90a927d ; approved Ciprofloxacin label: https://dailymed.nlm.nih.gov/dailymed/drugInfo.cfm?setid=c527d138-e32c-418f-9573-a3d8a796279f — additional reference: Prontuário Terapêutico do INFARMED (11th ed., 2012)",publicado,
adrenalina_digoxina,adrenalina,digoxina,moderate,Adrenalina + digoxina: risco de arritmias (sensibilização miocárdica).,Epinephrine + digoxin: risk of arrhythmias (myocardial sensitisation).,Ambos aumentam a automaticidade miocárdica; a hipocaliemia potenciada aumenta o risco de arritmias.,Both increase myocardial automaticity; potentiated hypokalaemia increases arrhythmia risk.,Monitorizar ritmo cardíaco e potássio em doentes com doença cardíaca.,Monitor heart rhythm and potassium in cardiac patients.,Eletrocardiograma e potássio sérico.,ECG and serum potassium.,"Arritmias, palpitações, hipocaliemia.","Arrhythmias, palpitations, hypokalaemia.","DailyMed (FDA) — rótulo aprovado Adrenalina: https://dailymed.nlm.nih.gov/dailymed/drugInfo.cfm?setid=5726eeca-db88-ba8e-e063-6294a90a927d ; rótulo aprovado Digoxina: https://dailymed.nlm.nih.gov/dailymed/drugInfo.cfm?setid=e61d2108-d871-44c0-b12a-2e61fbb56967 — referência adicional: Prontuário Terapêutico do INFARMED (11.ª ed., 2012)","DailyMed (FDA) — approved Epinephrine label: https://dailymed.nlm.nih.gov/dailymed/drugInfo.cfm?setid=5726eeca-db88-ba8e-e063-6294a90a927d ; approved Digoxin label: https://dailymed.nlm.nih.gov/dailymed/drugInfo.cfm?setid=e61d2108-d871-44c0-b12a-2e61fbb56967 — additional reference: Prontuário Terapêutico do INFARMED (11th ed., 2012)",publicado,
adrenalina_salbutamol,adrenalina,salbutamol,moderate,Adrenalina + β2-agonista: efeitos simpáticos e hipocaliemia aditivos.,Epinephrine + β2-agonist: additive sympathetic effects and hypokalaemia.,"A sobreposição β-adrenérgica aumenta taquicardia, tremores e perda de potássio.","Overlapping β-adrenergic effects increase tachycardia, tremor and potassium loss.",Monitorizar potássio e sintomas cardiovasculares em doentes de risco.,Monitor potassium and cardiovascular symptoms in at-risk patients.,Potássio e ritmo cardíaco.,Potassium and heart rhythm.,"Palpitações, tremores, hipocaliemia.","Palpitations, tremor, hypokalaemia.","DailyMed (FDA) — rótulo aprovado Adrenalina: https://dailymed.nlm.nih.gov/dailymed/drugInfo.cfm?setid=5726eeca-db88-ba8e-e063-6294a90a927d ; rótulo aprovado Salbutamol: https://dailymed.nlm.nih.gov/dailymed/drugInfo.cfm?setid=3236f82c-14e9-dfd4-e063-6294a90ac43d — referência adicional: Prontuário Terapêutico do INFARMED (11.ª ed., 2012)","DailyMed (FDA) — approved Epinephrine label: https://dailymed.nlm.nih.gov/dailymed/drugInfo.cfm?setid=5726eeca-db88-ba8e-e063-6294a90a927d ; approved Salbutamol label: https://dailymed.nlm.nih.gov/dailymed/drugInfo.cfm?setid=3236f82c-14e9-dfd4-e063-6294a90ac43d — additional reference: Prontuário Terapêutico do INFARMED (11th ed., 2012)",publicado,
adrenalina_teofilina,adrenalina,teofilina,moderate,Adrenalina + teofilina: efeitos cardíacos e hipocaliemia aditivos.,Epinephrine + theophylline: additive cardiac effects and hypokalaemia.,"Ambos são estimulantes β-adrenérgicos; aumentam o risco de taquicardia, tremores e hipocaliemia.","Both are β-adrenergic stimulants; they increase the risk of tachycardia, tremor and hypokalaemia.","Monitorizar potássio e ritmo cardíaco, sobretudo em doentes cardiovasculares.","Monitor potassium and heart rhythm, especially in cardiovascular patients.",Potássio sérico e eletrocardiograma.,Serum potassium and ECG.,"Taquiarritmias, tremores, hipocaliemia sintomática.","Tachyarrhythmias, tremor, symptomatic hypokalaemia.","DailyMed (FDA) — rótulo aprovado Adrenalina: https://dailymed.nlm.nih.gov/dailymed/drugInfo.cfm?setid=5726eeca-db88-ba8e-e063-6294a90a927d ; rótulo aprovado Teofilina: https://dailymed.nlm.nih.gov/dailymed/drugInfo.cfm?setid=5e64036a-ee3e-42e7-9e59-881f88a4e298 — referência adicional: Prontuário Terapêutico do INFARMED (11.ª ed., 2012)","DailyMed (FDA) — approved Epinephrine label: https://dailymed.nlm.nih.gov/dailymed/drugInfo.cfm?setid=5726eeca-db88-ba8e-e063-6294a90a927d ; approved Theophylline label: https://dailymed.nlm.nih.gov/dailymed/drugInfo.cfm?setid=5e64036a-ee3e-42e7-9e59-881f88a4e298 — additional reference: Prontuário Terapêutico do INFARMED (11th ed., 2012)",publicado,
alendronato_antiacidos,alendronato,antiacidos,moderate,Bifosfonato + antiácidos: redução marcada da absorção do alendronato.,Bisphosphonate + antacids: marked reduction of alendronate absorption.,"O cálcio, alumínio e magnésio dos antiácidos quelam o alendronato no trato GI, impedindo a absorção.","Calcium, aluminium and magnesium in antacids chelate alendronate in the GI tract, preventing absorption.","Separar a toma por pelo menos 2 horas (alendronato em jejum, com água simples).","Separate administration by at least 2 hours (alendronate on an empty stomach, with plain water).",Confirmar a adesão ao esquema de toma correto.,Confirm adherence to the correct dosing schedule.,Falta de efeito terapêutico; persistência da osteoporose/dor óssea.,Lack of therapeutic effect; persisting osteoporosis/bone pain.,"DailyMed (FDA) — rótulo aprovado Alendronato: https://dailymed.nlm.nih.gov/dailymed/drugInfo.cfm?setid=c7e470d6-508e-466e-a78d-060bbbc9745c ; rótulo aprovado Antiácidos: https://dailymed.nlm.nih.gov/dailymed/drugInfo.cfm?setid=5e346dc0-69ce-4cc5-bb5d-bfa833e11c1f — referência adicional: Prontuário Terapêutico do INFARMED (11.ª ed., 2012)","DailyMed (FDA) — approved Alendronate label: https://dailymed.nlm.nih.gov/dailymed/drugInfo.cfm?setid=c7e470d6-508e-466e-a78d-060bbbc9745c ; approved Antacids label: https://dailymed.nlm.nih.gov/dailymed/drugInfo.cfm?setid=5e346dc0-69ce-4cc5-bb5d-bfa833e11c1f — additional reference: Prontuário Terapêutico do INFARMED (11th ed., 2012)",publicado,
alendronato_carbonato_calcio,alendronato,carbonato_calcio,moderate,Alendronato + cálcio: o cálcio liga-se ao bisfosfonato e impede a sua absorção.,Alendronate + calcium: calcium binds the bisphosphonate and prevents its absorption.,Os sais de cálcio formam complexos insolúveis com o alendronato no estômago.,Calcium salts form insoluble complexes with alendronate in the stomach.,"Tomar o alendronato 30-60 minutos antes do cálcio, de manhã em jejum.","Take alendronate 30-60 minutes before calcium, in the morning on an empty stomach.",Adesão e resposta à terapêutica da osteoporose.,Adherence and response to osteoporosis therapy.,"Falta de eficácia (fraturas), sem outros sintomas agudos.","Lack of efficacy (fractures), no other acute symptoms.","DailyMed (FDA) — rótulo aprovado Alendronato: https://dailymed.nlm.nih.gov/dailymed/drugInfo.cfm?setid=ffdd2496-d253-419b-85a6-8c615f7545f1 ; rótulo aprovado Carbonato de cálcio: https://dailymed.nlm.nih.gov/dailymed/drugInfo.cfm?setid=348d3dfa-6a52-4583-96e3-83c4bf2df45b — referência adicional: Prontuário Terapêutico do INFARMED (11.ª ed., 2012)","DailyMed (FDA) — approved Alendronate label: https://dailymed.nlm.nih.gov/dailymed/drugInfo.cfm?setid=ffdd2496-d253-419b-85a6-8c615f7545f1 ; approved Calcium carbonate label: https://dailymed.nlm.nih.gov/dailymed/drugInfo.cfm?setid=348d3dfa-6a52-4583-96e3-83c4bf2df45b — additional reference: Prontuário Terapêutico do INFARMED (11th ed., 2012)",publicado,
alendronato_ibuprofeno,alendronato,ibuprofeno,moderate,Bifosfonato + AINE: risco gastrointestinal aditivo.,Bisphosphonate + NSAID: additive gastrointestinal risk.,Ambos podem irritar a mucosa esofagogástrica.,Both may irritate the oesophagogastric mucosa.,Vigiar sintomas digestivos; considerar gastroprotecção se fatores de risco.,Watch for GI symptoms; consider gastroprotection if risk factors exist.,"Sintomas GI (dispepsia, dor, disfagia).","GI symptoms (dyspepsia, pain, dysphagia).","Dor epigástrica, disfagia, melena.","Epigastric pain, dysphagia, melena.","DailyMed (FDA) — rótulo aprovado Alendronato: https://dailymed.nlm.nih.gov/dailymed/drugInfo.cfm?setid=c7e470d6-508e-466e-a78d-060bbbc9745c ; rótulo aprovado Ibuprofeno: https://dailymed.nlm.nih.gov/dailymed/drugInfo.cfm?setid=291602fa-8ebe-4200-bba7-9798c90f8a50 — referência adicional: Prontuário Terapêutico do INFARMED (11.ª ed., 2012)","DailyMed (FDA) — approved Alendronate label: https://dailymed.nlm.nih.gov/dailymed/drugInfo.cfm?setid=c7e470d6-508e-466e-a78d-060bbbc9745c ; approved Ibuprofen label: https://dailymed.nlm.nih.gov/dailymed/drugInfo.cfm?setid=291602fa-8ebe-4200-bba7-9798c90f8a50 — additional reference: Prontuário Terapêutico do INFARMED (11th ed., 2012)",publicado,
alendronato_omeprazol,alendronato,omeprazol,moderate,Bifosfonato + IBP: possível redução da absorção e do efeito do alendronato.,Bisphosphonate + PPI: possible reduced alendronate absorption and effect.,A supressão ácida pode reduzir a dissolução/absorção do alendronato.,Acid suppression may reduce alendronate dissolution/absorption.,Assegurar o esquema correto (jejum + água) e reavaliar a necessidade de IBP.,Ensure correct schedule (fasting + water) and reassess the need for the PPI.,Avaliar adesão e resposta terapêutica.,Assess adherence and therapeutic response.,Fratura ou ausência de melhoria densitométrica.,Fracture or lack of densitometric improvement.,"DailyMed (FDA) — rótulo aprovado Alendronato: https://dailymed.nlm.nih.gov/dailymed/drugInfo.cfm?setid=c7e470d6-508e-466e-a78d-060bbbc9745c ; rótulo aprovado Omeprazol: https://dailymed.nlm.nih.gov/dailymed/drugInfo.cfm?setid=6ea9a6f3-b756-4cdf-b3db-f666a2c17d66 — referência adicional: Prontuário Terapêutico do INFARMED (11.ª ed., 2012)","DailyMed (FDA) — approved Alendronate label: https://dailymed.nlm.nih.gov/dailymed/drugInfo.cfm?setid=c7e470d6-508e-466e-a78d-060bbbc9745c ; approved Omeprazole label: https://dailymed.nlm.nih.gov/dailymed/drugInfo.cfm?setid=6ea9a6f3-b756-4cdf-b3db-f666a2c17d66 — additional reference: Prontuário Terapêutico do INFARMED (11th ed., 2012)",publicado,
alopurinol_amoxicilina,alopurinol,amoxicilina,moderate,A associação de Amoxicilina e Alopurinol aumenta a incidência de erupções cutâneas (rash).,Combining Amoxicillin and Allopurinol increases the incidence of skin rashes.,Aumento da reatividade cutânea de hipersensibilidade quando coadministrados; mecanismo não totalmente esclarecido.,Increased cutaneous hypersensitivity reactivity when coadministered; mechanism not fully established.,Vigiar o aparecimento de rash; considerar alternativa antibiótica ou ajuste do alopurinol se a erupção for relevante.,Watch for a rash; consider an antibiotic alternative or adjust allopurinol if the eruption is significant.,"Estado da pele, sinais de hipersensibilidade.","Skin status, signs of hypersensitivity.","Rash generalizado, febre, envolvimento de mucosas.","Generalized rash, fever, mucosal involvement.",DailyMed/FDA (NIH/NLM) — rótulo aprovado Amoxicilina: https://dailymed.nlm.nih.gov/dailymed/drugInfo.cfm?setid=57e56202-950b-10f6-e063-6394a90a4912 ; rótulo aprovado Alopurinol: https://dailymed.nlm.nih.gov/dailymed/drugInfo.cfm?setid=b6c5b5c0-b1cb-44c0-a849-5d317e6fa300,DailyMed/FDA (NIH/NLM) — approved Amoxicillin label: https://dailymed.nlm.nih.gov/dailymed/drugInfo.cfm?setid=57e56202-950b-10f6-e063-6394a90a4912 ; approved Allopurinol label: https://dailymed.nlm.nih.gov/dailymed/drugInfo.cfm?setid=b6c5b5c0-b1cb-44c0-a849-5d317e6fa300,publicado,2026-08-04
alopurinol_ampicilina,alopurinol,ampicilina,moderate,A associação de Ampicilina e Alopurinol aumenta a incidência de erupções cutâneas (rash).,Combining Ampicillin and Allopurinol increases the incidence of skin rashes.,Mecanismo não totalmente esclarecido; aumento da reatividade cutânea de hipersensibilidade quando coadministrados.,Mechanism not fully established; increased cutaneous hypersensitivity reactivity when coadministered.,Vigiar o aparecimento de rash; considerar antibiótico alternativo ou suspender o alopurinol se a erupção for extensa ou pruriginosa; valorizar reação cruzada com penicilinas.,Watch for a rash; consider an alternative antibiotic or stop allopurinol if the eruption is extensive or pruritic; assess penicillin cross-reactivity.,"Estado da pele (erupção, extensão, prurido), sinais de hipersensibilidade.","Skin status (eruption, extent, pruritus), signs of hypersensitivity.","Rash generalizado, febre, envolvimento de mucosas (síndrome de hipersensibilidade).","Generalized rash, fever, mucosal involvement (hypersensitivity syndrome).",DailyMed/FDA (NIH/NLM) — rótulo aprovado Ampicilina: https://dailymed.nlm.nih.gov/dailymed/drugInfo.cfm?setid=402e7cc7-5ae8-c113-e063-6394a90aa54a ; rótulo aprovado Alopurinol: https://dailymed.nlm.nih.gov/dailymed/drugInfo.cfm?setid=b6c5b5c0-b1cb-44c0-a849-5d317e6fa300,DailyMed/FDA (NIH/NLM) — approved Ampicillin label: https://dailymed.nlm.nih.gov/dailymed/drugInfo.cfm?setid=402e7cc7-5ae8-c113-e063-6394a90aa54a ; approved Allopurinol label: https://dailymed.nlm.nih.gov/dailymed/drugInfo.cfm?setid=b6c5b5c0-b1cb-44c0-a849-5d317e6fa300,publicado,2026-08-04
alopurinol_azatioprina,alopurinol,azatioprina,critical,"Mielossupressão grave. O Alopurinol inibe o metabolismo da Azatioprina, com risco de leucopenia grave e infeções.","Severe myelosuppression. Allopurinol inhibits Azathioprine metabolism, with risk of severe leucopenia and infections.",A xantina oxidase (inibida pelo Alopurinol) é responsável pela inativação do metabolito ativo 6-mercaptopurina.,Xanthine oxidase (inhibited by Allopurinol) inactivates the active metabolite 6-mercaptopurine.,Reduzir a dose de Azatioprina para cerca de 25% da habitual e monitorizar o hemograma.,Reduce Azathioprine to about 25% of the usual dose and monitor the full blood count.,Hemograma completo a cada 1–2 semanas no início da associação.,Full blood count every 1–2 weeks when starting the combination.,"Febre, infeções recorrentes, faringite, equimoses espontâneas.","Fever, recurrent infections, sore throat, spontaneous bruising.",DailyMed/FDA (NIH/NLM) — rótulo aprovado Alopurinol: https://dailymed.nlm.nih.gov/dailymed/drugInfo.cfm?setid=b6c5b5c0-b1cb-44c0-a849-5d317e6fa300 ; rótulo aprovado Azatioprina: https://dailymed.nlm.nih.gov/dailymed/drugInfo.cfm?setid=5116b22b-1460-5535-e063-6394a90acbe5,DailyMed/FDA (NIH/NLM) — approved Allopurinol label: https://dailymed.nlm.nih.gov/dailymed/drugInfo.cfm?setid=b6c5b5c0-b1cb-44c0-a849-5d317e6fa300 ; approved Azathioprine label: https://dailymed.nlm.nih.gov/dailymed/drugInfo.cfm?setid=5116b22b-1460-5535-e063-6394a90acbe5,publicado,2026-04-02
alopurinol_febuxostat,alopurinol,febuxostat,minor,Dois inibidores da xantina-oxidase: sem benefício e com risco aumentado de reações de hipersensibilidade.,Two xanthine oxidase inhibitors: no benefit and increased risk of hypersensitivity reactions.,Sobreposição do mecanismo de ação (inibição da xantina-oxidase) e do perfil de reações adversas cutâneas graves.,Overlapping mechanism (xanthine oxidase inhibition) and risk profile of severe cutaneous reactions.,Não associar; escolher apenas um inibidor da xantina-oxidase.,Do not combine; choose only one xanthine oxidase inhibitor.,Vigiar erupções cutâneas e sintomas de hipersensibilidade.,Watch for skin rash and hypersensitivity symptoms.,"Erupção cutânea, prurido, febre, sintomas de síndrome de hipersensibilidade.","Skin rash, pruritus, fever, hypersensitivity syndrome symptoms.","DailyMed (FDA) — rótulo aprovado Alopurinol: https://dailymed.nlm.nih.gov/dailymed/drugInfo.cfm?setid=b6c5b5c0-b1cb-44c0-a849-5d317e6fa300 ; rótulo aprovado Febuxostat: https://dailymed.nlm.nih.gov/dailymed/drugInfo.cfm?setid=f2c338dc-5bab-49f4-a4ac-d8dea8afeea5 — referência adicional: Prontuário Terapêutico do INFARMED (11.ª ed., 2012)","DailyMed (FDA) — approved Allopurinol label: https://dailymed.nlm.nih.gov/dailymed/drugInfo.cfm?setid=b6c5b5c0-b1cb-44c0-a849-5d317e6fa300 ; approved Febuxostat label: https://dailymed.nlm.nih.gov/dailymed/drugInfo.cfm?setid=f2c338dc-5bab-49f4-a4ac-d8dea8afeea5 — additional reference: Prontuário Terapêutico do INFARMED (11th ed., 2012)",publicado,
alprazolam_cetoconazol,alprazolam,cetoconazol,moderate,"A associação de Alprazolam com Cetoconazol aumenta as concentrações de Alprazolam, com risco de sedação excessiva.","Combining Alprazolam with Ketoconazole increases Alprazolam concentrations, with a risk of excessive sedation.","O Cetoconazol, inibidor do CYP3A4, reduz o metabolismo do Alprazolam, elevando os seus níveis.","Ketoconazole, a CYP3A4 inhibitor, reduces Alprazolam metabolism, raising its levels.",Reduzir a dose de Alprazolam ou evitar a associação; monitorizar a sedação.,Reduce the Alprazolam dose or avoid the combination; monitor sedation.,"Sedação marcada, confusão ou depressão respiratória exigem intervenção imediata.","Marked sedation, confusion or respiratory depression require immediate intervention.",Sedação marcada ou depressão respiratória exigem intervenção imediata.,Marked sedation or respiratory depression require immediate intervention.,"DailyMed/FDA (NIH/NLM) — rótulo aprovado Alprazolam: https://dailymed.nlm.nih.gov/dailymed/drugInfo.cfm?setid=0cf8b567-201b-44fa-8fd3-c74023aff44f ; rótulo aprovado Cetoconazol: https://dailymed.nlm.nih.gov/dailymed/drugInfo.cfm?setid=f162e616-21b4-49b1-b437-15e21001a6f0 — com referência adicional: Prontuário Terapêutico do INFARMED (11.ª ed., 2012)","DailyMed/FDA (NIH/NLM) — approved Alprazolam label: https://dailymed.nlm.nih.gov/dailymed/drugInfo.cfm?setid=0cf8b567-201b-44fa-8fd3-c74023aff44f ; approved Ketoconazole label: https://dailymed.nlm.nih.gov/dailymed/drugInfo.cfm?setid=f162e616-21b4-49b1-b437-15e21001a6f0 — with additional reference: Prontuário Terapêutico do INFARMED, INFARMED (11th ed., 2012)",publicado,2026-08-04
alprazolam_claritromicina,alprazolam,claritromicina,moderate,"A associação de Alprazolam com Claritromicina aumenta as concentrações de Alprazolam, com risco de sedação excessiva.","Combining Alprazolam with Clarithromycin increases Alprazolam concentrations, with a risk of excessive sedation.","A Claritromicina, inibidora do CYP3A4, reduz o metabolismo do Alprazolam, elevando os seus níveis séricos.","Clarithromycin, a CYP3A4 inhibitor, reduces Alprazolam metabolism, raising its serum levels.",Considerar reduzir a dose de Alprazolam durante o uso de Claritromicina.,Consider reducing the Alprazolam dose during Clarithromycin use.,Vigiar sedação e depressão do sistema nervoso central.,Watch for sedation and central nervous system depression.,Sedação marcada ou confusão exigem redução de dose e reavaliação.,Marked sedation or confusion require dose reduction and reassessment.,"DailyMed/FDA (NIH/NLM) — rótulo aprovado Alprazolam: https://dailymed.nlm.nih.gov/dailymed/drugInfo.cfm?setid=0cf8b567-201b-44fa-8fd3-c74023aff44f ; rótulo aprovado Claritromicina: https://dailymed.nlm.nih.gov/dailymed/drugInfo.cfm?setid=d836ae7e-fdbf-4dcb-a90d-ede1dcbc3e67 — com referência adicional: Prontuário Terapêutico do INFARMED (11.ª ed., 2012)","DailyMed/FDA (NIH/NLM) — approved Alprazolam label: https://dailymed.nlm.nih.gov/dailymed/drugInfo.cfm?setid=0cf8b567-201b-44fa-8fd3-c74023aff44f ; approved Clarithromycin label: https://dailymed.nlm.nih.gov/dailymed/drugInfo.cfm?setid=d836ae7e-fdbf-4dcb-a90d-ede1dcbc3e67 — with additional reference: Prontuário Terapêutico do INFARMED, INFARMED (11th ed., 2012)",publicado,2026-08-04
alprazolam_codeina,alprazolam,codeina,critical,"A codeína com alprazolam aumenta o risco de sedação, depressão respiratória e morte; em crianças a codeína é contraindicada.","Codeine with alprazolam increases the risk of sedation, respiratory depression and death; codeine is contraindicated in children.",Efeito aditivo na depressão do SNC; a codeína é metabolizada a morfina pela CYP2D6 e a depressão central soma-se à benzodiazepina.,Additive CNS depression; codeine is metabolised to morphine by CYP2D6 and the central depression adds to the benzodiazepine.,"Evitar a associação; se necessária, usar doses mínimas e vigiar o doente de perto.","Avoid the combination; if required, use minimum doses and monitor the patient closely.","Ritmo respiratório, sedação, pupilas, sinais de toxicidade opioide.","Respiratory pattern, sedation, pupils and signs of opioid toxicity.","Sedação profunda, bradipneia ou hipóxia exigem reversão urgente (naloxona).","Deep sedation, bradypnoea or hypoxia require urgent reversal (naloxone).","DailyMed/FDA (NIH/NLM) — rótulo aprovado Codeína: https://dailymed.nlm.nih.gov/dailymed/drugInfo.cfm?setid=4c966d73-77c6-4514-954e-57aa06a080c6 ; rótulo aprovado Alprazolam: https://dailymed.nlm.nih.gov/dailymed/drugInfo.cfm?setid=0cf8b567-201b-44fa-8fd3-c74023aff44f — com referência adicional: Prontuário Terapêutico do INFARMED (11.ª ed., 2012)","DailyMed/FDA (NIH/NLM) — approved Codeine label: https://dailymed.nlm.nih.gov/dailymed/drugInfo.cfm?setid=4c966d73-77c6-4514-954e-57aa06a080c6 ; approved Alprazolam label: https://dailymed.nlm.nih.gov/dailymed/drugInfo.cfm?setid=0cf8b567-201b-44fa-8fd3-c74023aff44f — with additional reference: Prontuário Terapêutico do INFARMED (11th ed., 2012)",publicado,
alprazolam_hidromorfona,alprazolam,hidromorfona,critical,"A hidromorfona com alprazolam potencia a depressão do SNC e da respiração, podendo ser fatal.",Hydromorphone with alprazolam potentiates CNS and respiratory depression and may be fatal.,Ação aditiva opioide-benzodiazepina na depressão respiratória e do SNC.,Additive opioid-benzodiazepine action on respiratory and CNS depression.,"Evitar a coadministração; se inevitável, reduzir doses e garantir supervisão.","Avoid coadministration; if unavoidable, reduce doses and ensure supervision.","Frequência respiratória, SpO2, sedação, diâmetro pupilar.","Respiratory rate, SpO2, sedation and pupil size.",Bradipneia ou ausência de resposta ao estímulo exigem naloxona e suporte ventilatório.,Bradypnoea or unresponsiveness require naloxone and ventilatory support.,"DailyMed/FDA (NIH/NLM) — rótulo aprovado Hidromorfona: https://dailymed.nlm.nih.gov/dailymed/drugInfo.cfm?setid=4c5c1cc8-c42b-46e3-ad68-8e22f57101f2 ; rótulo aprovado Alprazolam: https://dailymed.nlm.nih.gov/dailymed/drugInfo.cfm?setid=0cf8b567-201b-44fa-8fd3-c74023aff44f — com referência adicional: Prontuário Terapêutico do INFARMED (11.ª ed., 2012)","DailyMed/FDA (NIH/NLM) — approved Hydromorphone label: https://dailymed.nlm.nih.gov/dailymed/drugInfo.cfm?setid=4c5c1cc8-c42b-46e3-ad68-8e22f57101f2 ; approved Alprazolam label: https://dailymed.nlm.nih.gov/dailymed/drugInfo.cfm?setid=0cf8b567-201b-44fa-8fd3-c74023aff44f — with additional reference: Prontuário Terapêutico do INFARMED (11th ed., 2012)",publicado,
alprazolam_morfina,alprazolam,morfina,critical,"A associação de morfina com alprazolam aumenta o risco de sedação profunda, depressão respiratória, coma e morte.","Combining morphine with alprazolam increases the risk of profound sedation, respiratory depression, coma and death.",Efeito aditivo de opioides e benzodiazepinas na depressão do sistema nervoso central e da respiração.,Additive effect of opioids and benzodiazepines on central nervous system and respiratory depression.,"Evitar a associação sempre que possível; se inevitável, usar as menores doses eficazes e vigiar de perto.","Avoid the combination whenever possible; if unavoidable, use the lowest effective doses and monitor closely.","Frequência respiratória, saturação de oxigénio, nível de sedação e pupilas.","Respiratory rate, oxygen saturation, level of sedation and pupillary response.","Depressão respiratória (frequência < 10/min), sedação profunda ou coma exigem avaliação urgente e reversão com naloxona.","Respiratory depression (rate < 10/min), deep sedation or coma require urgent assessment and reversal with naloxone.","DailyMed/FDA (NIH/NLM) — rótulo aprovado Morfina: https://dailymed.nlm.nih.gov/dailymed/drugInfo.cfm?setid=57ee014e-744e-65e1-e063-6394a90a8c93 ; rótulo aprovado Alprazolam: https://dailymed.nlm.nih.gov/dailymed/drugInfo.cfm?setid=0cf8b567-201b-44fa-8fd3-c74023aff44f — com referência adicional: Prontuário Terapêutico do INFARMED (11.ª ed., 2012)","DailyMed/FDA (NIH/NLM) — approved Morphine label: https://dailymed.nlm.nih.gov/dailymed/drugInfo.cfm?setid=57ee014e-744e-65e1-e063-6394a90a8c93 ; approved Alprazolam label: https://dailymed.nlm.nih.gov/dailymed/drugInfo.cfm?setid=0cf8b567-201b-44fa-8fd3-c74023aff44f — with additional reference: Prontuário Terapêutico do INFARMED (11th ed., 2012)",publicado,
amicacina_furosemida,amicacina,furosemida,moderate,"A associação de Amicacina com Furosemida aumenta o risco de ototoxicidade e nefrotoxicidade, por efeito aditivo sobre o ouvido interno e o rim.",Combining Amikacin with Furosemide increases the risk of ototoxicity and nephrotoxicity through an additive effect on the inner ear and the kidney.,"A Amicacina (aminoglicosídeo) e a Furosemida (diurético de ansa) são ototóxicas e nefrotóxicas; a co-administração potencia a toxicidade vestibular/coclear e renal, especialmente com insuficiência renal ou desidratação.","Amikacin (aminoglycoside) and Furosemide (loop diuretic) are both ototoxic and nephrotoxic; co-administration potentiates vestibular/cochlear and renal toxicity, especially with renal impairment or dehydration.","Evitar a associação; se necessária, minimizar a duração, hidratar adequadamente e ajustar a dose de amicacina à função renal.","Avoid the combination; if needed, minimize duration, ensure adequate hydration and adjust the amikacin dose to renal function.","Monitorizar função renal, débito urinário, eletrólitos e sinais ototóxicos; doseamentos séricos de amicacina em regimes prolongados.","Monitor renal function, urine output, electrolytes and ototoxic signs; serum amikacin levels during prolonged regimens.","Zumbidos, vertigens, hipoacusia ou deterioração renal exigem suspensão e avaliação imediata.","Tinnitus, vertigo, hearing loss or worsening renal function require prompt discontinuation and evaluation.","DailyMed/FDA (NIH/NLM) — rótulo aprovado Amicacina: https://dailymed.nlm.nih.gov/dailymed/drugInfo.cfm?setid=f260ff2a-76a0-4672-9516-91c344b67890 ; rótulo aprovado Furosemida: https://dailymed.nlm.nih.gov/dailymed/drugInfo.cfm?setid=7cdcd001-ab4b-4210-a455-2e17a7bc4972 — com referência adicional: Prontuário Terapêutico do INFARMED (11.ª ed., 2012)","DailyMed/FDA (NIH/NLM) — approved Amikacin label: https://dailymed.nlm.nih.gov/dailymed/drugInfo.cfm?setid=f260ff2a-76a0-4672-9516-91c344b67890 ; approved Furosemide label: https://dailymed.nlm.nih.gov/dailymed/drugInfo.cfm?setid=7cdcd001-ab4b-4210-a455-2e17a7bc4972 — with additional reference: Prontuário Terapêutico do INFARMED, INFARMED (11th ed., 2012)",publicado,2026-08-04
amicacina_vancomicina,amicacina,vancomicina,moderate,"A associação de Amicacina com Vancomicina aumenta o risco de nefrotoxicidade e ototoxicidade, com efeito aditivo sobre o rim e o ouvido interno.","Combining Amikacin with Vancomycin increases the risk of nephrotoxicity and ototoxicity, with an additive effect on the kidney and the inner ear.","A Vancomicina e a Amicacina (aminoglicosídeo) são nefro- e ototóxicas; a co-administração soma a toxicidade renal e coclear/vestibular, sobretudo em doentes com insuficiência renal prévia ou terapêutica prolongada.","Vancomycin and Amikacin (aminoglycoside) are nephrotoxic and ototoxic; combined use adds renal and cochlear/vestibular toxicity, particularly with prior renal impairment or prolonged therapy.","Evitar a associação; se necessária, usar a menor duração, hidratar e ajustar doses à função renal.","Avoid the combination; if needed, use the shortest course, hydrate and adjust doses to renal function.","Monitorizar função renal, níveis séricos de ambos os fármacos e sinais de ototoxicidade.","Monitor renal function, serum levels of both drugs and signs of ototoxicity.","Deterioração renal, oligúria ou sinais auditivos impõem suspensão e avaliação imediata.","Worsening renal function, oliguria or auditory signs require prompt discontinuation and evaluation.","DailyMed/FDA (NIH/NLM) — rótulo aprovado Amicacina: https://dailymed.nlm.nih.gov/dailymed/drugInfo.cfm?setid=f260ff2a-76a0-4672-9516-91c344b67890 ; rótulo aprovado Vancomicina: https://dailymed.nlm.nih.gov/dailymed/drugInfo.cfm?setid=b01aaa02-8f1d-4b57-96a5-337503428af1 — com referência adicional: Prontuário Terapêutico do INFARMED (11.ª ed., 2012)","DailyMed/FDA (NIH/NLM) — approved Amikacin label: https://dailymed.nlm.nih.gov/dailymed/drugInfo.cfm?setid=f260ff2a-76a0-4672-9516-91c344b67890 ; approved Vancomycin label: https://dailymed.nlm.nih.gov/dailymed/drugInfo.cfm?setid=b01aaa02-8f1d-4b57-96a5-337503428af1 — with additional reference: Prontuário Terapêutico do INFARMED, INFARMED (11th ed., 2012)",publicado,2026-08-04
amiodarona_artemeter-lumefantrina,amiodarona,artemeter-lumefantrina,moderate,"Ambos prolongam o intervalo QT; a associação aumenta o risco de arritmias ventriculares (ex.: torsades de pointes), sobretudo com QT longo, hipocaliemia ou cardiopatia.","Both prolong the QT interval; the combination raises the risk of ventricular arrhythmias (e.g. torsades de pointes), especially with long QT, hypokalaemia or heart disease.",Efeito aditivo na repolarização cardíaca: a Lumefantrina bloqueia os canais de potássio (hERG) e a Amiodarona prolonga o QT e é arritmogénica por si só.,Additive effect on cardiac repolarisation: Lumefantrine blocks potassium channels (hERG) and Amiodarone prolongs QT and is arrhythmogenic on its own.,"Evitar sempre que possível. Se inevitável, usar com precaução, corrigir hipocaliemia/hipomagnesemia e monitorizar o ECG.","Avoid whenever possible. If unavoidable, use with caution, correct hypokalaemia/hypomagnesaemia and monitor the ECG.","ECG com medição do QTc, potássio e magnésio; vigilância reforçada em doentes com fatores de risco.","ECG with QTc measurement, potassium and magnesium; closer monitoring in patients with risk factors.","Síncope, palpitações, tonturas, convulsões.","Syncope, palpitations, dizziness, seizures.",DailyMed/FDA (NIH/NLM) — rótulo aprovado Arteméter + Lumefantrina: https://dailymed.nlm.nih.gov/dailymed/drugInfo.cfm?setid=7866ec19-dfac-47d4-a53f-511a12643cbf ; rótulo aprovado Amiodarona: https://dailymed.nlm.nih.gov/dailymed/drugInfo.cfm?setid=51a88e8e-da02-4b97-9e7e-442fbffd908d,DailyMed/FDA (NIH/NLM) — approved Artemether + Lumefantrine label: https://dailymed.nlm.nih.gov/dailymed/drugInfo.cfm?setid=7866ec19-dfac-47d4-a53f-511a12643cbf ; approved Amiodarone label: https://dailymed.nlm.nih.gov/dailymed/drugInfo.cfm?setid=51a88e8e-da02-4b97-9e7e-442fbffd908d,publicado,2026-08-03
amiodarona_artesunato-amodiaquina,amiodarona,artesunato-amodiaquina,moderate,A Amiodarona soma-se ao efeito da Amodiaquina no prolongamento do QT — risco de arritmias ventriculares.,Amiodarone adds to Amodiaquine's QT-prolonging effect — risk of ventricular arrhythmias.,Prolongamento aditivo da repolarização cardíaca.,Additive prolongation of cardiac repolarisation.,"Preferir evitar; se inevitável, monitorizar ECG e eletrólitos.","Prefer to avoid; if unavoidable, monitor ECG and electrolytes.","ECG (QTc), potássio e magnésio.","ECG (QTc), potassium and magnesium.","Palpitações, síncope.","Palpitations, syncope.",OMS (WHO) — Directrizes da OMS para a malária: https://www.who.int/teams/global-malaria-programme/guidelines-for-malaria ; DailyMed/FDA (NIH/NLM) — rótulo aprovado Amiodarona: https://dailymed.nlm.nih.gov/dailymed/drugInfo.cfm?setid=51a88e8e-da02-4b97-9e7e-442fbffd908d,WHO — WHO Guidelines for malaria: https://www.who.int/teams/global-malaria-programme/guidelines-for-malaria ; DailyMed/FDA (NIH/NLM) — approved Amiodarone label: https://dailymed.nlm.nih.gov/dailymed/drugInfo.cfm?setid=51a88e8e-da02-4b97-9e7e-442fbffd908d,publicado,2026-08-03
amiodarona_bedaquilina,amiodarona,bedaquilina,moderate,A Bedaquilina prolonga o QT; a associação com Amiodarona aumenta o risco de arritmias ventriculares.,Bedaquiline prolongs the QT interval; combining with Amiodarone raises the risk of ventricular arrhythmias.,Prolongamento aditivo da repolarização cardíaca.,Additive cardiac repolarisation prolongation.,"Evitar; se inevitável, ECG periódico e controle de eletrólitos.","Avoid; if unavoidable, periodic ECG and electrolyte control.","ECG (QTc), potássio e magnésio.","ECG (QTc), potassium and magnesium.","Síncope, palpitações.","Syncope, palpitations.",DailyMed/FDA (NIH/NLM) — rótulo aprovado Bedaquilina: https://dailymed.nlm.nih.gov/dailymed/drugInfo.cfm?setid=1534c9ae-4948-4cf4-9f66-222a99db6d0e ; rótulo aprovado Amiodarona: https://dailymed.nlm.nih.gov/dailymed/drugInfo.cfm?setid=51a88e8e-da02-4b97-9e7e-442fbffd908d,DailyMed/FDA (NIH/NLM) — approved Bedaquiline label: https://dailymed.nlm.nih.gov/dailymed/drugInfo.cfm?setid=1534c9ae-4948-4cf4-9f66-222a99db6d0e ; approved Amiodarone label: https://dailymed.nlm.nih.gov/dailymed/drugInfo.cfm?setid=51a88e8e-da02-4b97-9e7e-442fbffd908d,publicado,2026-08-03
amiodarona_cetoconazol,amiodarona,cetoconazol,moderate,Associação de Cetoconazol e Amiodarona com risco de prolongamento do intervalo QT e arritmias ventriculares.,Ketoconazole plus Amiodarone carries a risk of QT prolongation and ventricular arrhythmias.,Efeito aditivo sobre a repolarização cardíaca; o cetoconazol também pode aumentar os níveis de amiodarona por inibição do metabolismo.,Additive effect on cardiac repolarization; ketoconazole may also raise amiodarone levels via metabolic inhibition.,"Usar com precaução; monitorizar ECG (intervalo QT) e eletrólitos (K+, Mg2+); corrigir hipocalemia antes de associar.","Use with caution; monitor ECG (QT interval) and electrolytes (K+, Mg2+); correct hypokalaemia before combining.","ECG (intervalo QT), eletrólitos (K+, Mg2+), sinais de arritmia/palpitações.","ECG (QT interval), electrolytes (K+, Mg2+), signs of arrhythmia/palpitations.","Síncope, palpitações, torsades de pointes.","Syncope, palpitations, torsades de pointes.",DailyMed/FDA (NIH/NLM) — rótulo aprovado Cetoconazol: https://dailymed.nlm.nih.gov/dailymed/drugInfo.cfm?setid=f162e616-21b4-49b1-b437-15e21001a6f0 ; rótulo aprovado Amiodarona: https://dailymed.nlm.nih.gov/dailymed/drugInfo.cfm?setid=51a88e8e-da02-4b97-9e7e-442fbffd908d,DailyMed/FDA (NIH/NLM) — approved Ketoconazole label: https://dailymed.nlm.nih.gov/dailymed/drugInfo.cfm?setid=f162e616-21b4-49b1-b437-15e21001a6f0 ; approved Amiodarone label: https://dailymed.nlm.nih.gov/dailymed/drugInfo.cfm?setid=51a88e8e-da02-4b97-9e7e-442fbffd908d,publicado,2026-08-04
amiodarona_cloroquina,amiodarona,cloroquina,moderate,Risco elevado de prolongamento do QT e arritmias ventriculares; associação a evitar na maioria dos doentes.,High risk of QT prolongation and ventricular arrhythmias; the association should be avoided in most patients.,Efeito aditivo na repolarização cardíaca (Cloroquina e Amiodarona prolongam o QT por bloqueio de canais de potássio).,Additive effect on cardiac repolarisation (both Chloroquine and Amiodarone prolong QT via potassium channel blockade).,"Evitar a associação; se inevitável, ECG e eletrólitos antes e durante, com precaução máxima.","Avoid the association; if unavoidable, ECG and electrolytes before and during, with maximum caution.","ECG (QTc), potássio e magnésio.","ECG (QTc), potassium and magnesium.","Síncope, palpitações, convulsões.","Syncope, palpitations, seizures.",DailyMed/FDA (NIH/NLM) — rótulo aprovado Cloroquina: https://dailymed.nlm.nih.gov/dailymed/drugInfo.cfm?setid=06c69e2b-211b-4746-9f3a-f86d36520570 ; rótulo aprovado Amiodarona: https://dailymed.nlm.nih.gov/dailymed/drugInfo.cfm?setid=51a88e8e-da02-4b97-9e7e-442fbffd908d,DailyMed/FDA (NIH/NLM) — approved Chloroquine label: https://dailymed.nlm.nih.gov/dailymed/drugInfo.cfm?setid=06c69e2b-211b-4746-9f3a-f86d36520570 ; approved Amiodarone label: https://dailymed.nlm.nih.gov/dailymed/drugInfo.cfm?setid=51a88e8e-da02-4b97-9e7e-442fbffd908d,publicado,2026-08-03
amiodarona_digoxina,amiodarona,digoxina,moderate,"A Amiodarona aumenta os níveis plasmáticos de Digoxina, com risco de toxicidade digitálica.","Amiodarone raises plasma Digoxin levels, with risk of digitalis toxicity.","A Amiodarona inibe a P-glicoproteína e o metabolismo hepático da Digoxina, podendo duplicar as suas concentrações.","Amiodarone inhibits P-glycoprotein and hepatic metabolism of Digoxin, potentially doubling its levels.",Reduzir a dose de Digoxina (habitualmente para metade) e monitorizar os níveis séricos.,Reduce the Digoxin dose (usually by half) and monitor serum levels.,Digoxinemia a partir da 1.ª semana e vigilância de sintomas.,Digoxin levels from week 1 and symptom surveillance.,"Náuseas, visão amarela ou esborratada, bradicardia, arritmias.","Nausea, yellow or blurred vision, bradycardia, arrhythmias.",DailyMed/FDA (NIH/NLM) — rótulo aprovado Amiodarona: https://dailymed.nlm.nih.gov/dailymed/drugInfo.cfm?setid=51a88e8e-da02-4b97-9e7e-442fbffd908d ; rótulo aprovado Digoxina: https://dailymed.nlm.nih.gov/dailymed/drugInfo.cfm?setid=5886e233-b2da-4acb-be05-9bf40fb8e7f4,DailyMed/FDA (NIH/NLM) — approved Amiodarone label: https://dailymed.nlm.nih.gov/dailymed/drugInfo.cfm?setid=51a88e8e-da02-4b97-9e7e-442fbffd908d ; approved Digoxin label: https://dailymed.nlm.nih.gov/dailymed/drugInfo.cfm?setid=5886e233-b2da-4acb-be05-9bf40fb8e7f4,publicado,2026-03-15
amiodarona_diidroartemisinina-piperaquina,amiodarona,diidroartemisinina-piperaquina,moderate,A Piperaquina prolonga o QT; a associação com Amiodarona aumenta o risco de arritmias ventriculares (ex.: torsades de pointes).,Piperaquine prolongs QT; combining with Amiodarone raises the risk of ventricular arrhythmias (e.g. torsades de pointes).,Efeito aditivo na repolarização cardíaca.,Additive effect on cardiac repolarisation.,"Evitar; se inevitável, monitorização cardíaca rigorosa (ECG e eletrólitos).","Avoid; if unavoidable, strict cardiac monitoring (ECG and electrolytes).","ECG (QTc), potássio e magnésio.","ECG (QTc), potassium and magnesium.","Síncope, palpitações, convulsões.","Syncope, palpitations, seizures.",EMA — EPAR Eurartesim (dihidroartemisinina + piperaquina): https://www.ema.europa.eu/en/medicines/human/EPAR/eurartesim ; DailyMed/FDA (NIH/NLM) — rótulo aprovado Amiodarona: https://dailymed.nlm.nih.gov/dailymed/drugInfo.cfm?setid=51a88e8e-da02-4b97-9e7e-442fbffd908d,EMA — EPAR Eurartesim (dihydroartemisinin + piperaquine): https://www.ema.europa.eu/en/medicines/human/EPAR/eurartesim ; DailyMed/FDA (NIH/NLM) — approved Amiodarone label: https://dailymed.nlm.nih.gov/dailymed/drugInfo.cfm?setid=51a88e8e-da02-4b97-9e7e-442fbffd908d,publicado,2026-08-03
amiodarona_fenitoina,amiodarona,fenitoina,moderate,A associação de Fenitoína com Amiodarona aumenta as concentrações de Fenitoína e pode provocar sinais de toxicidade.,Combining Phenytoin with Amiodarone increases Phenytoin concentrations and may cause signs of toxicity.,"A Amiodarona inibe o metabolismo da Fenitoína, elevando os seus níveis séricos; a Fenitoína pode, por sua vez, reduzir os níveis de Amiodarona.","Amiodarone inhibits Phenytoin metabolism, raising its serum levels; Phenytoin may in turn lower Amiodarone levels.",Monitorizar as concentrações séricas de Fenitoína e ajustar a dose; vigiar os efeitos cardíacos da Amiodarona.,Monitor serum Phenytoin concentrations and adjust the dose; watch the cardiac effects of Amiodarone.,"Vigiar sinais de toxicidade da Fenitoína: nistagmo, ataxia, diplopia, sedação.","Watch for signs of Phenytoin toxicity: nystagmus, ataxia, diplopia, sedation.","Nistagmo, ataxia ou sintomas de toxicidade da Fenitoína exigem doseamento e ajuste.","Nystagmus, ataxia or signs of Phenytoin toxicity require level testing and adjustment.","DailyMed/FDA (NIH/NLM) — rótulo aprovado Fenitoína: https://dailymed.nlm.nih.gov/dailymed/drugInfo.cfm?setid=ef4e97a7-cd18-47a9-a016-2eca5481a87e ; rótulo aprovado Amiodarona: https://dailymed.nlm.nih.gov/dailymed/drugInfo.cfm?setid=51a88e8e-da02-4b97-9e7e-442fbffd908d — com referência adicional: Prontuário Terapêutico do INFARMED (11.ª ed., 2012)","DailyMed/FDA (NIH/NLM) — approved Phenytoin label: https://dailymed.nlm.nih.gov/dailymed/drugInfo.cfm?setid=ef4e97a7-cd18-47a9-a016-2eca5481a87e ; approved Amiodarone label: https://dailymed.nlm.nih.gov/dailymed/drugInfo.cfm?setid=51a88e8e-da02-4b97-9e7e-442fbffd908d — with additional reference: Prontuário Terapêutico do INFARMED, INFARMED (11th ed., 2012)",publicado,2026-08-04
amiodarona_flecainida,amiodarona,flecainida,moderate,A amiodarona eleva a flecainida e ambas prolongam o intervalo QT.,Amiodarone raises flecainide and both prolong the QT.,A amiodarona inibe o metabolismo da flecainida (CYP2D6/CYP3A4) e adiciona prolongamento do QT classe III.,Amiodarone inhibits flecainide metabolism (CYP2D6/CYP3A4) and adds class III QT effect.,Reduzir a flecainida e monitorizar o ECG; evitar se QT basal longo.,Reduce flecainide and monitor the ECG; avoid if baseline QT is long.,"ECG (QT, QRS), sinais de proarrítmia.","ECG (QT, QRS), proarrhythmia signs.","Torsades de pointes, síncope, agravamento de insuficiência cardíaca.","Torsades de pointes, syncope, worsening heart failure.","DailyMed (FDA) — rótulo aprovado Flecainida: https://dailymed.nlm.nih.gov/dailymed/drugInfo.cfm?setid=74c1eb2a-a37f-4f33-86bf-51e0d1d0c2bc ; rótulo aprovado Amiodarona: https://dailymed.nlm.nih.gov/dailymed/drugInfo.cfm?setid=51a88e8e-da02-4b97-9e7e-442fbffd908d — referência adicional: Prontuário Terapêutico do INFARMED (11.ª ed., 2012)","DailyMed (FDA) — approved Flecainide label: https://dailymed.nlm.nih.gov/dailymed/drugInfo.cfm?setid=74c1eb2a-a37f-4f33-86bf-51e0d1d0c2bc ; approved Amiodarone label: https://dailymed.nlm.nih.gov/dailymed/drugInfo.cfm?setid=51a88e8e-da02-4b97-9e7e-442fbffd908d — additional reference: Prontuário Terapêutico do INFARMED (11th ed., 2012)",publicado,
amiodarona_hidroxicloroquina,amiodarona,hidroxicloroquina,moderate,Prolongamento do QT aditivo com risco de arritmias ventriculares.,Additive QT prolongation with risk of ventricular arrhythmias.,Ambos prolongam a repolarização cardíaca.,Both prolong cardiac repolarisation.,"Evitar quando possível; se necessário, ECG e eletrólitos.","Avoid when possible; if needed, ECG and electrolytes.","ECG (QTc), potássio e magnésio.","ECG (QTc), potassium and magnesium.","Síncope, palpitações.","Syncope, palpitations.",DailyMed/FDA (NIH/NLM) — rótulo aprovado Hidroxicloroquina: https://dailymed.nlm.nih.gov/dailymed/drugInfo.cfm?setid=34496b43-05a2-45fb-a769-52b12e099341 ; rótulo aprovado Amiodarona: https://dailymed.nlm.nih.gov/dailymed/drugInfo.cfm?setid=51a88e8e-da02-4b97-9e7e-442fbffd908d,DailyMed/FDA (NIH/NLM) — approved Hydroxychloroquine label: https://dailymed.nlm.nih.gov/dailymed/drugInfo.cfm?setid=34496b43-05a2-45fb-a769-52b12e099341 ; approved Amiodarone label: https://dailymed.nlm.nih.gov/dailymed/drugInfo.cfm?setid=51a88e8e-da02-4b97-9e7e-442fbffd908d,publicado,2026-08-03
amiodarona_itraconazol,amiodarona,itraconazol,moderate,Associação de Itraconazol e Amiodarona com risco de prolongamento do intervalo QT e arritmias ventriculares.,Itraconazole plus Amiodarone carries a risk of QT prolongation and ventricular arrhythmias.,Efeito aditivo sobre a repolarização cardíaca; o itraconazol também pode aumentar os níveis de amiodarona.,Additive effect on cardiac repolarization; itraconazole may also raise amiodarone levels.,"Usar com precaução; monitorizar ECG (QT) e eletrólitos (K+, Mg2+); corrigir hipocalemia antes de associar.","Use with caution; monitor ECG (QT) and electrolytes (K+, Mg2+); correct hypokalaemia before combining.","ECG (intervalo QT), eletrólitos (K+, Mg2+), sinais de arritmia.","ECG (QT interval), electrolytes (K+, Mg2+), signs of arrhythmia.","Síncope, palpitações, torsades de pointes.","Syncope, palpitations, torsades de pointes.",DailyMed/FDA (NIH/NLM) — rótulo aprovado Itraconazol: https://dailymed.nlm.nih.gov/dailymed/drugInfo.cfm?setid=a4d555fa-787c-40fb-bb7d-b0d4f7318fd0 ; rótulo aprovado Amiodarona: https://dailymed.nlm.nih.gov/dailymed/drugInfo.cfm?setid=51a88e8e-da02-4b97-9e7e-442fbffd908d,DailyMed/FDA (NIH/NLM) — approved Itraconazole label: https://dailymed.nlm.nih.gov/dailymed/drugInfo.cfm?setid=a4d555fa-787c-40fb-bb7d-b0d4f7318fd0 ; approved Amiodarone label: https://dailymed.nlm.nih.gov/dailymed/drugInfo.cfm?setid=51a88e8e-da02-4b97-9e7e-442fbffd908d,publicado,2026-08-04
amiodarona_levofloxacina,amiodarona,levofloxacina,moderate,A associação de Levofloxacina com Amiodarona aumenta o risco de prolongamento do intervalo QT e de arritmias ventriculares (ex.: torsades de pointes).,Combining Levofloxacin with Amiodarone increases the risk of QT prolongation and ventricular arrhythmias (e.g. torsades de pointes).,A Levofloxacina prolonga o intervalo QT no ECG e a Amiodarona é um antiarrítmico da classe III com efeito aditivo; a soma aumenta o risco de arritmias ventriculares graves.,Levofloxacin prolongs the ECG QT interval and Amiodarone is a class III antiarrhythmic with an additive effect; together they raise the risk of serious ventricular arrhythmias.,"Evitar a associação em doentes com fatores de risco (hipocaliemia, QT longo, bradicardia); se inevitável, monitorizar o ECG.","Avoid the combination in patients at risk (hypokalemia, long QT, bradycardia); if unavoidable, monitor the ECG.","Monitorizar o ECG (intervalo QT), os eletrólitos (potássio/magnésio) e sintomas como palpitações ou síncope.","Monitor the ECG (QT interval), electrolytes (potassium/magnesium) and symptoms such as palpitations or syncope.","Síncope, palpitações, QT muito prolongado ou arritmia exigem suspensão e avaliação urgente.","Syncope, palpitations, a very prolonged QT or arrhythmia require discontinuation and urgent evaluation.","DailyMed/FDA (NIH/NLM) — rótulo aprovado Levofloxacina: https://dailymed.nlm.nih.gov/dailymed/drugInfo.cfm?setid=5c6c117c-9d91-48f4-9aaa-ee70b99218c2 ; rótulo aprovado Amiodarona: https://dailymed.nlm.nih.gov/dailymed/drugInfo.cfm?setid=51a88e8e-da02-4b97-9e7e-442fbffd908d — com referência adicional: Prontuário Terapêutico do INFARMED (11.ª ed., 2012)","DailyMed/FDA (NIH/NLM) — approved Levofloxacin label: https://dailymed.nlm.nih.gov/dailymed/drugInfo.cfm?setid=5c6c117c-9d91-48f4-9aaa-ee70b99218c2 ; approved Amiodarone label: https://dailymed.nlm.nih.gov/dailymed/drugInfo.cfm?setid=51a88e8e-da02-4b97-9e7e-442fbffd908d — with additional reference: Prontuário Terapêutico do INFARMED, INFARMED (11th ed., 2012)",publicado,2026-08-04
amiodarona_mefloquina,amiodarona,mefloquina,moderate,Risco acrescido de prolongamento do QT e de arritmias ventriculares.,Increased risk of QT prolongation and ventricular arrhythmias.,Prolongamento aditivo da repolarização cardíaca.,Additive prolongation of cardiac repolarisation.,"Evitar; se inevitável, monitorizar o ECG.","Avoid; if unavoidable, monitor the ECG.",ECG (QTc) e eletrólitos.,ECG (QTc) and electrolytes.,"Palpitações, síncope.","Palpitations, syncope.",DailyMed/FDA (NIH/NLM) — rótulo aprovado Mefloquina: https://dailymed.nlm.nih.gov/dailymed/drugInfo.cfm?setid=09716a24-d7da-42b2-af29-c03a1b6670bd ; rótulo aprovado Amiodarona: https://dailymed.nlm.nih.gov/dailymed/drugInfo.cfm?setid=51a88e8e-da02-4b97-9e7e-442fbffd908d,DailyMed/FDA (NIH/NLM) — approved Mefloquine label: https://dailymed.nlm.nih.gov/dailymed/drugInfo.cfm?setid=09716a24-d7da-42b2-af29-c03a1b6670bd ; approved Amiodarone label: https://dailymed.nlm.nih.gov/dailymed/drugInfo.cfm?setid=51a88e8e-da02-4b97-9e7e-442fbffd908d,publicado,2026-08-03
amiodarona_pseudoefedrina,amiodarona,pseudoefedrina,moderate,Descongestionante simpaticomimético + antiarrítmico: risco de arritmias e efeito pressor.,Sympathomimetic decongestant + antiarrhythmic: risk of arrhythmias and pressor effect.,"A pseudoefedrina (α-agonista) aumenta a tensão arterial e o trabalho cardíaco, com risco de arritmia em doentes predispostos.","Pseudoephedrine (α-agonist) raises blood pressure and cardiac work, risking arrhythmia in predisposed patients.","Evitar em doença cardiovascular; se usado, monitorizar TA e ritmo.","Avoid in cardiovascular disease; if used, monitor BP and rhythm.",Tensão arterial e eletrocardiograma.,Blood pressure and ECG.,"Hipertensão, taquicardia, arritmias.","Hypertension, tachycardia, arrhythmias.","DailyMed (FDA) — rótulo aprovado Pseudoefedrina: https://dailymed.nlm.nih.gov/dailymed/drugInfo.cfm?setid=78faa497-6743-b85b-e053-2a91aa0ae822 ; rótulo aprovado Amiodarona: https://dailymed.nlm.nih.gov/dailymed/drugInfo.cfm?setid=51a88e8e-da02-4b97-9e7e-442fbffd908d — referência adicional: Prontuário Terapêutico do INFARMED (11.ª ed., 2012)","DailyMed (FDA) — approved Pseudoephedrine label: https://dailymed.nlm.nih.gov/dailymed/drugInfo.cfm?setid=78faa497-6743-b85b-e053-2a91aa0ae822 ; approved Amiodarone label: https://dailymed.nlm.nih.gov/dailymed/drugInfo.cfm?setid=51a88e8e-da02-4b97-9e7e-442fbffd908d — additional reference: Prontuário Terapêutico do INFARMED (11th ed., 2012)",publicado,
amiodarona_quinina,amiodarona,quinina,moderate,Risco elevado de prolongamento do QT e de torsades de pointes.,High risk of QT prolongation and torsades de pointes.,Efeito aditivo no bloqueio dos canais de potássio cardíacos.,Additive effect on cardiac potassium channel blockade.,"Evitar a associação; se inevitável, monitorização cardíaca rigorosa.","Avoid the association; if unavoidable, strict cardiac monitoring.",ECG (QTc) e eletrólitos.,ECG (QTc) and electrolytes.,"Síncope, convulsões, palpitações.","Syncope, seizures, palpitations.",DailyMed/FDA (NIH/NLM) — rótulo aprovado Quinina: https://dailymed.nlm.nih.gov/dailymed/drugInfo.cfm?setid=1f32f05c-a215-40be-b951-e41a7b54a8a0 ; rótulo aprovado Amiodarona: https://dailymed.nlm.nih.gov/dailymed/drugInfo.cfm?setid=51a88e8e-da02-4b97-9e7e-442fbffd908d,DailyMed/FDA (NIH/NLM) — approved Quinine label: https://dailymed.nlm.nih.gov/dailymed/drugInfo.cfm?setid=1f32f05c-a215-40be-b951-e41a7b54a8a0 ; approved Amiodarone label: https://dailymed.nlm.nih.gov/dailymed/drugInfo.cfm?setid=51a88e8e-da02-4b97-9e7e-442fbffd908d,publicado,2026-08-03
amiodarona_rifabutina,amiodarona,rifabutina,moderate,A Rifabutina reduz os níveis de Amiodarona — risco de recidiva de arritmias.,Rifabutin lowers Amiodarone levels — risk of arrhythmia recurrence.,Indução do CYP3A4.,CYP3A4 induction.,Vigiar o ritmo; considerar alternativa.,Monitor rhythm; consider an alternative.,ECG e ritmo.,ECG and rhythm.,"Palpitações, síncope.","Palpitations, syncope.",DailyMed/FDA (NIH/NLM) — rótulo aprovado Rifabutina: https://dailymed.nlm.nih.gov/dailymed/drugInfo.cfm?setid=c2026b67-4755-4236-96b6-a6b5e7399707 ; rótulo aprovado Amiodarona: https://dailymed.nlm.nih.gov/dailymed/drugInfo.cfm?setid=51a88e8e-da02-4b97-9e7e-442fbffd908d,DailyMed/FDA (NIH/NLM) — approved Rifabutin label: https://dailymed.nlm.nih.gov/dailymed/drugInfo.cfm?setid=c2026b67-4755-4236-96b6-a6b5e7399707 ; approved Amiodarone label: https://dailymed.nlm.nih.gov/dailymed/drugInfo.cfm?setid=51a88e8e-da02-4b97-9e7e-442fbffd908d,publicado,2026-08-03
amiodarona_rifampicina,amiodarona,rifampicina,moderate,A Rifampicina reduz marcadamente os níveis de Amiodarona — risco de recidiva de arritmias.,Rifampin markedly lowers Amiodarone levels — risk of arrhythmia recurrence.,"Indução do CYP3A4, principal via de metabolização da Amiodarona.","CYP3A4 induction, the main Amiodarone metabolic pathway.","Evitar se possível; se inevitável, vigiar o ritmo e considerar alternativa.","Avoid if possible; if unavoidable, monitor rhythm and consider an alternative.","ECG/ritmo, sinais de recidiva arrítmica.","ECG/rhythm, signs of arrhythmia recurrence.","Palpitações, síncope, taquicardia.","Palpitations, syncope, tachycardia.",DailyMed/FDA (NIH/NLM) — rótulo aprovado Rifampicina: https://dailymed.nlm.nih.gov/dailymed/drugInfo.cfm?setid=b389b1a3-672f-47e3-916c-4a9c044b211b ; rótulo aprovado Amiodarona: https://dailymed.nlm.nih.gov/dailymed/drugInfo.cfm?setid=51a88e8e-da02-4b97-9e7e-442fbffd908d,DailyMed/FDA (NIH/NLM) — approved Rifampin label: https://dailymed.nlm.nih.gov/dailymed/drugInfo.cfm?setid=b389b1a3-672f-47e3-916c-4a9c044b211b ; approved Amiodarone label: https://dailymed.nlm.nih.gov/dailymed/drugInfo.cfm?setid=51a88e8e-da02-4b97-9e7e-442fbffd908d,publicado,2026-08-03
amiodarona_voriconazol,amiodarona,voriconazol,moderate,Associação de Voriconazol e Amiodarona com risco de prolongamento do intervalo QT e arritmias ventriculares.,Voriconazole plus Amiodarone carries a risk of QT prolongation and ventricular arrhythmias.,Efeito aditivo sobre a repolarização cardíaca.,Additive effect on cardiac repolarization.,"Usar com precaução; monitorizar ECG (QT) e eletrólitos (K+, Mg2+).","Use with caution; monitor ECG (QT) and electrolytes (K+, Mg2+).","ECG (intervalo QT), eletrólitos, sinais de arritmia.","ECG (QT interval), electrolytes, signs of arrhythmia.","Síncope, palpitações, torsades de pointes.","Syncope, palpitations, torsades de pointes.",DailyMed/FDA (NIH/NLM) — rótulo aprovado Voriconazol: https://dailymed.nlm.nih.gov/dailymed/drugInfo.cfm?setid=f6a1a792-141b-42e8-8bd1-884e4408eb8a ; rótulo aprovado Amiodarona: https://dailymed.nlm.nih.gov/dailymed/drugInfo.cfm?setid=51a88e8e-da02-4b97-9e7e-442fbffd908d,DailyMed/FDA (NIH/NLM) — approved Voriconazole label: https://dailymed.nlm.nih.gov/dailymed/drugInfo.cfm?setid=f6a1a792-141b-42e8-8bd1-884e4408eb8a ; approved Amiodarone label: https://dailymed.nlm.nih.gov/dailymed/drugInfo.cfm?setid=51a88e8e-da02-4b97-9e7e-442fbffd908d,publicado,2026-08-04
amiodarona_warfarina,amiodarona,warfarina,moderate,"A Amiodarona potencia o efeito anticoagulante da Warfarina, aumentando o INR e o risco hemorrágico.","Amiodarone potentiates Warfarin's anticoagulant effect, raising INR and bleeding risk.","Inibe o CYP2C9, principal enzima que metaboliza a Warfarina.","Inhibits CYP2C9, the main enzyme metabolising Warfarin.",Reduzir a dose de Warfarina em 25–50% e monitorizar o INR com maior frequência.,Reduce the Warfarin dose by 25–50% and monitor INR more frequently.,INR semanal nas primeiras semanas após iniciar a Amiodarona.,Weekly INR in the first weeks after starting Amiodarone.,"Sangramento anormal, equimoses espontâneas, hemorragia gengival.","Unusual bleeding, spontaneous bruising, gum bleeding.",DailyMed/FDA (NIH/NLM) — rótulo aprovado Amiodarona: https://dailymed.nlm.nih.gov/dailymed/drugInfo.cfm?setid=51a88e8e-da02-4b97-9e7e-442fbffd908d ; rótulo aprovado Warfarina: https://dailymed.nlm.nih.gov/dailymed/drugInfo.cfm?setid=541c9a70-adaf-4ef3-94ba-ad4e70dfa057,DailyMed/FDA (NIH/NLM) — approved Amiodarone label: https://dailymed.nlm.nih.gov/dailymed/drugInfo.cfm?setid=51a88e8e-da02-4b97-9e7e-442fbffd908d ; approved Warfarin label: https://dailymed.nlm.nih.gov/dailymed/drugInfo.cfm?setid=541c9a70-adaf-4ef3-94ba-ad4e70dfa057,publicado,2026-03-15
amlodipina_captopril,amlodipina,captopril,none,Sem interação adversa clinicamente relevante. ACEi + bloqueador dos canais de cálcio é combinação de 1.ª linha em hipertensão; o efeito hipotensor aditivo é esperado e requer apenas monitorização da pressão arterial durante a titulação. Não é contraindicada.,No clinically relevant adverse interaction. An ACE inhibitor plus a calcium-channel blocker is a first-line antihypertensive combination; additive hypotension is expected and only requires BP monitoring during titration. Not contraindicated.,,,Combinação habitual e recomendada. Iniciar com doses baixas e subir gradualmente; monitorizar a pressão arterial nas primeiras semanas.,Usual and recommended combination. Start at low doses and titrate gradually; monitor blood pressure in the early weeks.,,,,,DailyMed/FDA (NIH/NLM) — rótulo aprovado Captopril: https://dailymed.nlm.nih.gov/dailymed/drugInfo.cfm?setid=a43a5373-ded9-4912-8c98-edaec8352836 ; rótulo aprovado Amlodipina: https://dailymed.nlm.nih.gov/dailymed/drugInfo.cfm?setid=58a67272-c4c7-4e2c-85a5-9d39034d12c3,DailyMed/FDA (NIH/NLM) — approved Captopril label: https://dailymed.nlm.nih.gov/dailymed/drugInfo.cfm?setid=a43a5373-ded9-4912-8c98-edaec8352836 ; approved Amlodipine label: https://dailymed.nlm.nih.gov/dailymed/drugInfo.cfm?setid=58a67272-c4c7-4e2c-85a5-9d39034d12c3,publicado,2026-08-02
amlodipina_cetoconazol,amlodipina,cetoconazol,moderate,"O Cetoconazol aumenta os níveis de Amlodipina (inibição do CYP3A4), com risco de hipotensão e edema.","Ketoconazole raises Amlodipine levels (CYP3A4 inhibition), with a risk of hypotension and oedema.","Inibição do CYP3A4 pelo cetoconazol, reduzindo o metabolismo de primeira passagem da amlodipina.",CYP3A4 inhibition by ketoconazole reduces first-pass amlodipine metabolism.,Vigiar pressão arterial e edema; considerar reduzir a dose de amlodipina se efeitos adversos.,Monitor blood pressure and oedema; consider reducing the amlodipine dose if adverse effects occur.,"Pressão arterial, edema periférico, cefaleia, rubor.","Blood pressure, peripheral oedema, headache, flushing.","Hipotensão sintomática, edema significativo.","Symptomatic hypotension, significant oedema.","DailyMed/FDA (NIH/NLM) — rótulo aprovado Cetoconazol: https://dailymed.nlm.nih.gov/dailymed/drugInfo.cfm?setid=f162e616-21b4-49b1-b437-15e21001a6f0 ; rótulo aprovado Amlodipina: https://dailymed.nlm.nih.gov/dailymed/drugInfo.cfm?setid=58a67272-c4c7-4e2c-85a5-9d39034d12c3 — com referência adicional: Prontuário Terapêutico do INFARMED (11.ª ed., 2012)","DailyMed/FDA (NIH/NLM) — approved Ketoconazole label: https://dailymed.nlm.nih.gov/dailymed/drugInfo.cfm?setid=f162e616-21b4-49b1-b437-15e21001a6f0 ; approved Amlodipine label: https://dailymed.nlm.nih.gov/dailymed/drugInfo.cfm?setid=58a67272-c4c7-4e2c-85a5-9d39034d12c3 — with additional reference: Prontuário Terapêutico do INFARMED, INFARMED (11th ed., 2012)",publicado,2026-08-04
amlodipina_enalapril,amlodipina,enalapril,none,Sem interação adversa clinicamente relevante. ACEi + bloqueador dos canais de cálcio é combinação de 1.ª linha em hipertensão; o efeito hipotensor aditivo é esperado e requer apenas monitorização da pressão arterial durante a titulação. Não é contraindicada.,No clinically relevant adverse interaction. An ACE inhibitor plus a calcium-channel blocker is a first-line antihypertensive combination; additive hypotension is expected and only requires BP monitoring during titration. Not contraindicated.,,,Combinação habitual e recomendada. Iniciar com doses baixas e subir gradualmente; monitorizar a pressão arterial nas primeiras semanas.,Usual and recommended combination. Start at low doses and titrate gradually; monitor blood pressure in the early weeks.,,,,,DailyMed/FDA (NIH/NLM) — rótulo aprovado Enalapril: https://dailymed.nlm.nih.gov/dailymed/drugInfo.cfm?setid=b31372f7-cda3-4ead-a481-4cde62e843fd ; rótulo aprovado Amlodipina: https://dailymed.nlm.nih.gov/dailymed/drugInfo.cfm?setid=58a67272-c4c7-4e2c-85a5-9d39034d12c3,DailyMed/FDA (NIH/NLM) — approved Enalapril label: https://dailymed.nlm.nih.gov/dailymed/drugInfo.cfm?setid=b31372f7-cda3-4ead-a481-4cde62e843fd ; approved Amlodipine label: https://dailymed.nlm.nih.gov/dailymed/drugInfo.cfm?setid=58a67272-c4c7-4e2c-85a5-9d39034d12c3,publicado,2026-08-02
amlodipina_itraconazol,amlodipina,itraconazol,moderate,"O Itraconazol aumenta os níveis de Amlodipina (inibição do CYP3A4), com risco de hipotensão e edema.","Itraconazole raises Amlodipine levels (CYP3A4 inhibition), with a risk of hypotension and oedema.","Inibição do CYP3A4 pelo itraconazol, reduzindo o metabolismo da amlodipina.",CYP3A4 inhibition by itraconazole reduces amlodipine metabolism.,Vigiar pressão arterial e edema; considerar dose reduzida de amlodipina.,Monitor blood pressure and oedema; consider a reduced amlodipine dose.,"Pressão arterial, edema periférico.","Blood pressure, peripheral oedema.","Hipotensão sintomática, edema significativo.","Symptomatic hypotension, significant oedema.","DailyMed/FDA (NIH/NLM) — rótulo aprovado Itraconazol: https://dailymed.nlm.nih.gov/dailymed/drugInfo.cfm?setid=a4d555fa-787c-40fb-bb7d-b0d4f7318fd0 ; rótulo aprovado Amlodipina: https://dailymed.nlm.nih.gov/dailymed/drugInfo.cfm?setid=58a67272-c4c7-4e2c-85a5-9d39034d12c3 — com referência adicional: Prontuário Terapêutico do INFARMED (11.ª ed., 2012)","DailyMed/FDA (NIH/NLM) — approved Itraconazole label: https://dailymed.nlm.nih.gov/dailymed/drugInfo.cfm?setid=a4d555fa-787c-40fb-bb7d-b0d4f7318fd0 ; approved Amlodipine label: https://dailymed.nlm.nih.gov/dailymed/drugInfo.cfm?setid=58a67272-c4c7-4e2c-85a5-9d39034d12c3 — with additional reference: Prontuário Terapêutico do INFARMED, INFARMED (11th ed., 2012)",publicado,2026-08-04
amlodipina_voriconazol,amlodipina,voriconazol,moderate,"O Voriconazol aumenta os níveis de Amlodipina (inibição do CYP3A4), com risco de hipotensão e edema.","Voriconazole raises Amlodipine levels (CYP3A4 inhibition), with a risk of hypotension and oedema.","Inibição do CYP3A4 pelo voriconazol, reduzindo o metabolismo da amlodipina.",CYP3A4 inhibition by voriconazole reduces amlodipine metabolism.,Vigiar pressão arterial e edema; considerar dose reduzida de amlodipina.,Monitor blood pressure and oedema; consider a reduced amlodipine dose.,"Pressão arterial, edema periférico.","Blood pressure, peripheral oedema.","Hipotensão sintomática, edema significativo.","Symptomatic hypotension, significant oedema.","DailyMed/FDA (NIH/NLM) — rótulo aprovado Voriconazol: https://dailymed.nlm.nih.gov/dailymed/drugInfo.cfm?setid=f6a1a792-141b-42e8-8bd1-884e4408eb8a ; rótulo aprovado Amlodipina: https://dailymed.nlm.nih.gov/dailymed/drugInfo.cfm?setid=58a67272-c4c7-4e2c-85a5-9d39034d12c3 — com referência adicional: Prontuário Terapêutico do INFARMED (11.ª ed., 2012)","DailyMed/FDA (NIH/NLM) — approved Voriconazole label: https://dailymed.nlm.nih.gov/dailymed/drugInfo.cfm?setid=f6a1a792-141b-42e8-8bd1-884e4408eb8a ; approved Amlodipine label: https://dailymed.nlm.nih.gov/dailymed/drugInfo.cfm?setid=58a67272-c4c7-4e2c-85a5-9d39034d12c3 — with additional reference: Prontuário Terapêutico do INFARMED, INFARMED (11th ed., 2012)",publicado,2026-08-04
amoxicilina-clavulanato_warfarina,amoxicilina-clavulanato,warfarina,moderate,"A Amoxicilina + Ácido Clavulânico (antibiótico de largo espetro) pode potenciar o efeito anticoagulante da Varfarina, com aumento do INR e risco hemorrágico.","Amoxicillin + Clavulanate (a broad-spectrum antibiotic) may potentiate the anticoagulant effect of Warfarin, raising the INR and the bleeding risk.","Redução da flora intestinal produtora de vitamina K e alteração da hemostase, aumentando a resposta ao anticoagulante.",Reduction of vitamin-K-producing gut flora and altered haemostasis increase the response to the anticoagulant.,Monitorizar o INR ao iniciar e ao suspender o antibiótico; ajustar a dose de varfarina conforme necessário.,Monitor the INR when starting and stopping the antibiotic; adjust the warfarin dose as needed.,"INR, sinais de hemorragia (gengivas, equimoses, melenas).","INR, signs of bleeding (gums, bruising, melena).","Hemorragia inexplicada, hematúria, melena.","Unexplained bleeding, haematuria, melena.",DailyMed/FDA (NIH/NLM) — rótulo aprovado Amoxicilina + Ácido Clavulânico: https://dailymed.nlm.nih.gov/dailymed/drugInfo.cfm?setid=5250085e-5509-c577-e063-6294a90a9b87 ; rótulo aprovado Varfarina: https://dailymed.nlm.nih.gov/dailymed/drugInfo.cfm?setid=541c9a70-adaf-4ef3-94ba-ad4e70dfa057,DailyMed/FDA (NIH/NLM) — approved Amoxicillin + Clavulanate label: https://dailymed.nlm.nih.gov/dailymed/drugInfo.cfm?setid=5250085e-5509-c577-e063-6294a90a9b87 ; approved Warfarin label: https://dailymed.nlm.nih.gov/dailymed/drugInfo.cfm?setid=541c9a70-adaf-4ef3-94ba-ad4e70dfa057,publicado,2026-08-04
ampicilina_warfarina,ampicilina,warfarina,moderate,"A Ampicilina (antibiótico de largo espetro) pode potenciar o efeito anticoagulante da Varfarina, com aumento do INR.","Ampicillin (a broad-spectrum antibiotic) may potentiate the anticoagulant effect of Warfarin, raising the INR.","Redução da flora intestinal produtora de vitamina K, aumentando a resposta ao anticoagulante.",Reduction of vitamin-K-producing gut flora increases the response to the anticoagulant.,Monitorizar o INR ao iniciar/suspender a ampicilina; ajustar a dose de varfarina conforme necessário.,Monitor the INR when starting/stopping ampicillin; adjust the warfarin dose as needed.,"INR, sinais de hemorragia.","INR, signs of bleeding.","Hemorragia inexplicada, melena.","Unexplained bleeding, melena.",DailyMed/FDA (NIH/NLM) — rótulo aprovado Ampicilina: https://dailymed.nlm.nih.gov/dailymed/drugInfo.cfm?setid=402e7cc7-5ae8-c113-e063-6394a90aa54a ; rótulo aprovado Varfarina: https://dailymed.nlm.nih.gov/dailymed/drugInfo.cfm?setid=541c9a70-adaf-4ef3-94ba-ad4e70dfa057,DailyMed/FDA (NIH/NLM) — approved Ampicillin label: https://dailymed.nlm.nih.gov/dailymed/drugInfo.cfm?setid=402e7cc7-5ae8-c113-e063-6394a90aa54a ; approved Warfarin label: https://dailymed.nlm.nih.gov/dailymed/drugInfo.cfm?setid=541c9a70-adaf-4ef3-94ba-ad4e70dfa057,publicado,2026-08-04
antiacidos_atazanavir,antiacidos,atazanavir,moderate,"A associação de Atazanavir com Antiácidos reduz a absorção do Atazanavir, com risco de diminuição da sua eficácia.","Combining Atazanavir with Antacids reduces Atazanavir absorption, with a risk of reduced efficacy.","Os antiácidos (hidróxido de alumínio/magnésio) elevam o pH gástrico e podem quelar o Atazanavir, diminuindo a sua biodisponibilidade.","Antacids (aluminium/magnesium hydroxide) raise gastric pH and may chelate Atazanavir, lowering its bioavailability.",Separar a administração: tomar os antiácidos pelo menos 2 horas antes ou depois do Atazanavir.,Separate administration: take antacids at least 2 hours before or after Atazanavir.,Monitorizar a resposta virológica ao regime antirretroviral.,Monitor the virological response to the antiretroviral regimen.,Carga viral detetável após uso regular de antiácidos exige reavaliação do esquema.,Detectable viral load with regular antacid use requires reassessment of the regimen.,"DailyMed/FDA (NIH/NLM) — rótulo aprovado Atazanavir: https://dailymed.nlm.nih.gov/dailymed/drugInfo.cfm?setid=165cff62-b284-4a27-a65d-9ec8a5bfcdd8 ; rótulo aprovado Antiácidos: https://dailymed.nlm.nih.gov/dailymed/drugInfo.cfm?setid=c72f0736-ee20-45b4-baf0-b80f1e3fa9cb — com referência adicional: Prontuário Terapêutico do INFARMED (11.ª ed., 2012)","DailyMed/FDA (NIH/NLM) — approved Atazanavir label: https://dailymed.nlm.nih.gov/dailymed/drugInfo.cfm?setid=165cff62-b284-4a27-a65d-9ec8a5bfcdd8 ; approved Antacids label: https://dailymed.nlm.nih.gov/dailymed/drugInfo.cfm?setid=c72f0736-ee20-45b4-baf0-b80f1e3fa9cb — with additional reference: Prontuário Terapêutico do INFARMED, INFARMED (11th ed., 2012)",publicado,2026-08-04
antiacidos_cetoconazol,antiacidos,cetoconazol,moderate,"Os antiácidos, antagonistas H2, inibidores da bomba de protões e sucralfato reduzem significativamente a absorção do Cetoconazol, comprometendo a sua eficácia.","Antacids, H2-blockers, proton-pump inhibitors and sucralfate markedly reduce Ketoconazole absorption, compromising efficacy.",A absorção do cetoconazol depende do pH gástrico ácido; fármacos que elevam o pH gástrico reduzem a sua dissolução e absorção.,Ketoconazole absorption depends on gastric acidity; agents that raise gastric pH reduce its dissolution and absorption.,"Administrar o cetoconazol ≥2 h antes dos antiácidos/IBP; se não for possível, usar fluconazol/voriconazol (menos pH-dependentes).",Give ketoconazole at least 2 h before antacids/PPIs; otherwise use fluconazole/voriconazole (less pH-dependent).,Resposta clínica; sinais de falência antifúngica; separação temporal das tomas.,Clinical response; signs of antifungal failure; temporal separation of doses.,Agravamento/persistência da infeção fúngica.,Worsening or persistent fungal infection.,"DailyMed/FDA (NIH/NLM) — rótulo aprovado Cetoconazol: https://dailymed.nlm.nih.gov/dailymed/drugInfo.cfm?setid=f162e616-21b4-49b1-b437-15e21001a6f0 ; rótulo aprovado Antiácidos: https://dailymed.nlm.nih.gov/dailymed/drugInfo.cfm?setid=c72f0736-ee20-45b4-baf0-b80f1e3fa9cb — com referência adicional: Prontuário Terapêutico do INFARMED (11.ª ed., 2012)","DailyMed/FDA (NIH/NLM) — approved Ketoconazole label: https://dailymed.nlm.nih.gov/dailymed/drugInfo.cfm?setid=f162e616-21b4-49b1-b437-15e21001a6f0 ; approved Antacids label: https://dailymed.nlm.nih.gov/dailymed/drugInfo.cfm?setid=c72f0736-ee20-45b4-baf0-b80f1e3fa9cb — with additional reference: Prontuário Terapêutico do INFARMED, INFARMED (11th ed., 2012)",publicado,2026-08-04
antiacidos_ciprofloxacina,antiacidos,ciprofloxacina,moderate,"Redução acentuada da absorção da Ciprofloxacina. Os catiões divalentes (alumínio, magnésio, cálcio, ferro) quelam a fluoroquinolona.","Markedly reduced Ciprofloxacin absorption. Divalent cations (aluminium, magnesium, calcium, iron) chelate the fluoroquinolone.",Quelação entre o antibiótico e os catiões no lúmen gastrointestinal.,Chelation between the antibiotic and cations in the gastrointestinal lumen.,Administrar o antiácido 2 horas depois (ou 6 horas antes) da Ciprofloxacina.,Give the antacid 2 hours after (or 6 hours before) Ciprofloxacin.,"Vigiar eficácia antibiótica (febre, sinais de infeção não resolvida).","Watch antibiotic efficacy (fever, unresolved infection signs).","Febre persistente, agravamento dos sintomas ou novo foco de infeção.","Persistent fever, worsening symptoms or a new infection focus.",DailyMed/FDA (NIH/NLM) — rótulo aprovado Antiácidos: https://dailymed.nlm.nih.gov/dailymed/drugInfo.cfm?setid=c72f0736-ee20-45b4-baf0-b80f1e3fa9cb ; rótulo aprovado Ciprofloxacina: https://dailymed.nlm.nih.gov/dailymed/drugInfo.cfm?setid=14c3bc33-201d-492e-9aee-a4d84c813a3d,DailyMed/FDA (NIH/NLM) — approved Antacids label: https://dailymed.nlm.nih.gov/dailymed/drugInfo.cfm?setid=c72f0736-ee20-45b4-baf0-b80f1e3fa9cb ; approved Ciprofloxacin label: https://dailymed.nlm.nih.gov/dailymed/drugInfo.cfm?setid=14c3bc33-201d-492e-9aee-a4d84c813a3d,publicado,2026-03-15
antiacidos_cloroquina,antiacidos,cloroquina,moderate,"Os antiácidos reduzem a absorção da Cloroquina, podendo diminuir a sua eficácia.","Antacids reduce Chloroquine absorption, which may lower its efficacy.",Quelação e alteração do pH gástrico que reduzem a solubilidade e a absorção da Cloroquina.,Chelation and changes in gastric pH reduce Chloroquine solubility and absorption.,Separar as tomas por 2–4 horas (antiácidos após a Cloroquina).,Separate doses by 2–4 hours (antacids after Chloroquine).,Resposta clínica; reavaliar se falência terapêutica.,Clinical response; reassess if therapeutic failure.,Falta de resposta ao tratamento.,Lack of response to treatment.,DailyMed/FDA (NIH/NLM) — rótulo aprovado Cloroquina: https://dailymed.nlm.nih.gov/dailymed/drugInfo.cfm?setid=06c69e2b-211b-4746-9f3a-f86d36520570 ; rótulo aprovado Antiácidos: https://dailymed.nlm.nih.gov/dailymed/drugInfo.cfm?setid=c72f0736-ee20-45b4-baf0-b80f1e3fa9cb,DailyMed/FDA (NIH/NLM) — approved Chloroquine label: https://dailymed.nlm.nih.gov/dailymed/drugInfo.cfm?setid=06c69e2b-211b-4746-9f3a-f86d36520570 ; approved Antacids label: https://dailymed.nlm.nih.gov/dailymed/drugInfo.cfm?setid=c72f0736-ee20-45b4-baf0-b80f1e3fa9cb,publicado,2026-08-03
antiacidos_doxiciclina,antiacidos,doxiciclina,moderate,Redução da absorção da Doxiciclina por quelação com catiões.,Reduced Doxycycline absorption through cation chelation.,"Quelação da tetraciclina com alumínio, magnésio, cálcio e ferro no intestino.","Chelation of the tetracycline with aluminium, magnesium, calcium and iron in the gut.",Separar a toma do antiácido por 2–3 horas da Doxiciclina.,Separate the antacid dose from Doxycycline by 2–3 hours.,Eficácia da antibioterapia.,Antibiotic efficacy.,"Febre, dor ou secreções persistentes — infeção possivelmente não controlada.","Persistent fever, pain or discharge — infection possibly uncontrolled.",DailyMed/FDA (NIH/NLM) — rótulo aprovado Antiácidos: https://dailymed.nlm.nih.gov/dailymed/drugInfo.cfm?setid=c72f0736-ee20-45b4-baf0-b80f1e3fa9cb ; rótulo aprovado Doxiciclina: https://dailymed.nlm.nih.gov/dailymed/drugInfo.cfm?setid=cf95b2ca-2cf8-49a8-8e3a-f9b0f5b2072c,DailyMed/FDA (NIH/NLM) — approved Antacids label: https://dailymed.nlm.nih.gov/dailymed/drugInfo.cfm?setid=c72f0736-ee20-45b4-baf0-b80f1e3fa9cb ; approved Doxycycline label: https://dailymed.nlm.nih.gov/dailymed/drugInfo.cfm?setid=cf95b2ca-2cf8-49a8-8e3a-f9b0f5b2072c,publicado,2026-03-15
antiacidos_etambutol,antiacidos,etambutol,moderate,Os antiacidos (aluminio e magnesio) reduzem a absorcao do Etambutol — risco de niveis sub-terapeuticos.,Antacids (aluminium and magnesium) reduce Ethambutol absorption — risk of subtherapeutic levels.,Quelacao e reducao da absorcao gastrointestinal.,Chelation and reduced gastrointestinal absorption.,Separar a toma do etambutol e dos antiacidos por pelo menos 4 horas.,Separate ethambutol and antacid intake by at least 4 hours.,Resposta clinica a TB; adesao.,Clinical TB response; adherence.,Falencia do tratamento.,Treatment failure.,DailyMed/FDA (NIH/NLM) — rótulo aprovado Etambutol: https://dailymed.nlm.nih.gov/dailymed/drugInfo.cfm?setid=3f6428d6-3745-4337-ad78-ebfff9f49135 ; rótulo aprovado Antiácidos: https://dailymed.nlm.nih.gov/dailymed/drugInfo.cfm?setid=c72f0736-ee20-45b4-baf0-b80f1e3fa9cb,DailyMed/FDA (NIH/NLM) — approved Ethambutol label: https://dailymed.nlm.nih.gov/dailymed/drugInfo.cfm?setid=3f6428d6-3745-4337-ad78-ebfff9f49135 ; approved Antacids label: https://dailymed.nlm.nih.gov/dailymed/drugInfo.cfm?setid=c72f0736-ee20-45b4-baf0-b80f1e3fa9cb,publicado,2026-08-03
antiacidos_fosfomicina,antiacidos,fosfomicina,moderate,"Antiácidos e preparações com cálcio reduzem significativamente a absorção da Fosfomicina, comprometendo a sua eficácia na infeção urinária.","Antacids and calcium-containing preparations significantly reduce Fosfomycin absorption, compromising its efficacy in urinary tract infection.","Antiácidos, sais de cálcio (e também a metoclopramida) interferem com a biodisponibilidade oral da fosfomicina, reduzindo as concentrações alcançadas no trato urinário.","Antacids, calcium salts (and also metoclopramide) interfere with oral fosfomycin bioavailability, reducing the concentrations reached in the urinary tract.",Separar a toma de fosfomicina dos antiácidos e suplementos com cálcio por várias horas e evitar a toma junto das refeições.,Separate fosfomycin dosing from antacids and calcium supplements by several hours and avoid taking it with meals.,Vigiar a resposta clínica e a resolução dos sintomas urinários.,Monitor the clinical response and resolution of urinary symptoms.,Persistência dos sintomas de infeção urinária após toma concomitante.,Persistent urinary tract infection symptoms after concurrent dosing.,"DailyMed/FDA (NIH/NLM) — rótulo aprovado Fosfomicina: https://dailymed.nlm.nih.gov/dailymed/drugInfo.cfm?setid=4f206750-8126-99a3-e063-6294a90ade4c ; rótulo aprovado Antiácidos: https://dailymed.nlm.nih.gov/dailymed/drugInfo.cfm?setid=c72f0736-ee20-45b4-baf0-b80f1e3fa9cb — com referência adicional: Prontuário Terapêutico do INFARMED (11.ª ed., 2012)","DailyMed/FDA (NIH/NLM) — approved Fosfomycin trometamol label: https://dailymed.nlm.nih.gov/dailymed/drugInfo.cfm?setid=4f206750-8126-99a3-e063-6294a90ade4c ; approved Antacids label: https://dailymed.nlm.nih.gov/dailymed/drugInfo.cfm?setid=c72f0736-ee20-45b4-baf0-b80f1e3fa9cb — with additional reference: Prontuário Terapêutico do INFARMED, INFARMED (11th ed., 2012)",publicado,2026-08-04
antiacidos_itraconazol,antiacidos,itraconazol,moderate,"Os antiácidos, antagonistas H2, inibidores da bomba de protões e sucralfato reduzem significativamente a absorção do Itraconazol.","Antacids, H2-blockers, proton-pump inhibitors and sucralfate markedly reduce Itraconazole absorption.",A absorção do itraconazol (cápsulas) depende do pH gástrico ácido; fármacos que elevam o pH reduzem a sua absorção.,Itraconazole (capsule) absorption depends on gastric acidity; agents that raise gastric pH reduce absorption.,Administrar o itraconazol ≥2 h antes dos antiácidos/IBP; considerar a solução oral (absorção menos pH-dependente).,Give itraconazole at least 2 h before antacids/PPIs; consider the oral solution (less pH-dependent absorption).,Resposta clínica; sinais de falência antifúngica.,Clinical response; signs of antifungal failure.,Persistência/agravamento da infeção fúngica.,Persistent or worsening fungal infection.,"DailyMed/FDA (NIH/NLM) — rótulo aprovado Itraconazol: https://dailymed.nlm.nih.gov/dailymed/drugInfo.cfm?setid=a4d555fa-787c-40fb-bb7d-b0d4f7318fd0 ; rótulo aprovado Antiácidos: https://dailymed.nlm.nih.gov/dailymed/drugInfo.cfm?setid=c72f0736-ee20-45b4-baf0-b80f1e3fa9cb — com referência adicional: Prontuário Terapêutico do INFARMED (11.ª ed., 2012)","DailyMed/FDA (NIH/NLM) — approved Itraconazole label: https://dailymed.nlm.nih.gov/dailymed/drugInfo.cfm?setid=a4d555fa-787c-40fb-bb7d-b0d4f7318fd0 ; approved Antacids label: https://dailymed.nlm.nih.gov/dailymed/drugInfo.cfm?setid=c72f0736-ee20-45b4-baf0-b80f1e3fa9cb — with additional reference: Prontuário Terapêutico do INFARMED, INFARMED (11th ed., 2012)",publicado,2026-08-04
antiacidos_levofloxacina,antiacidos,levofloxacina,moderate,"Antiácidos com catiões (alumínio, magnésio, cálcio) e suplementos de ferro/zinco reduzem significativamente a absorção da Levofloxacina, comprometendo a sua eficácia.","Antacids with cations (aluminium, magnesium, calcium) and iron/zinc supplements significantly reduce Levofloxacin absorption, compromising its efficacy.","Os catiões bi/trivalentes quelam as quinolonas no intestino, formando complexos insolúveis que reduzem a biodisponibilidade da levofloxacina.","Bi/trivalent cations chelate quinolones in the gut, forming insoluble complexes that reduce levofloxacin bioavailability.","Administrar a levofloxacina pelo menos 2 horas antes ou 2 a 4 horas depois dos antiácidos, suplementos de ferro/zinco ou preparações com cálcio.","Give levofloxacin at least 2 hours before or 2–4 hours after antacids, iron/zinc supplements or calcium preparations.",Assegurar o espaçamento das tomas e vigiar a resposta clínica ao antibiótico.,Ensure the dosing interval is respected and monitor the clinical response to the antibiotic.,Falha terapêutica com persistência dos sinais de infeção após toma concomitante.,Treatment failure with persistent signs of infection after concurrent dosing.,"DailyMed/FDA (NIH/NLM) — rótulo aprovado Levofloxacina: https://dailymed.nlm.nih.gov/dailymed/drugInfo.cfm?setid=5c6c117c-9d91-48f4-9aaa-ee70b99218c2 ; rótulo aprovado Antiácidos: https://dailymed.nlm.nih.gov/dailymed/drugInfo.cfm?setid=c72f0736-ee20-45b4-baf0-b80f1e3fa9cb — com referência adicional: Prontuário Terapêutico do INFARMED (11.ª ed., 2012)","DailyMed/FDA (NIH/NLM) — approved Levofloxacin label: https://dailymed.nlm.nih.gov/dailymed/drugInfo.cfm?setid=5c6c117c-9d91-48f4-9aaa-ee70b99218c2 ; approved Antacids label: https://dailymed.nlm.nih.gov/dailymed/drugInfo.cfm?setid=c72f0736-ee20-45b4-baf0-b80f1e3fa9cb — with additional reference: Prontuário Terapêutico do INFARMED, INFARMED (11th ed., 2012)",publicado,2026-08-04
antiacidos_levotiroxina,antiacidos,levotiroxina,moderate,Os antiácidos (alumínio e magnésio) reduzem a absorção da levotiroxina se tomados em simultâneo.,Antacids (aluminium and magnesium) reduce levothyroxine absorption when taken at the same time.,Quelação/adsorção da levotiroxina pelos catiões do antiácido.,Chelation/adsorption of levothyroxine by antacid cations.,Separar as tomas (4 horas) e monitorizar TSH.,Separate administration times (4 hours) and monitor TSH.,Monitorizar TSH e sintomas de hipotiroidismo.,Monitor TSH and hypothyroidism symptoms.,Hipotiroidismo descompensado.,Decompensated hypothyroidism.,"DailyMed (FDA) — rótulo aprovado Antiácidos: https://dailymed.nlm.nih.gov/dailymed/drugInfo.cfm?setid=5e346dc0-69ce-4cc5-bb5d-bfa833e11c1f ; rótulo aprovado Levotiroxina: https://dailymed.nlm.nih.gov/dailymed/drugInfo.cfm?setid=55f4c679-86cb-b97f-e063-6294a90ad5ef — referência adicional: Prontuário Terapêutico do INFARMED (11.ª ed., 2012)","DailyMed (FDA) — approved Antacids label: https://dailymed.nlm.nih.gov/dailymed/drugInfo.cfm?setid=5e346dc0-69ce-4cc5-bb5d-bfa833e11c1f ; approved Levothyroxine label: https://dailymed.nlm.nih.gov/dailymed/drugInfo.cfm?setid=55f4c679-86cb-b97f-e063-6294a90ad5ef — additional reference: Prontuário Terapêutico do INFARMED (11th ed., 2012)",publicado,
antiacidos_moxifloxacina,antiacidos,moxifloxacina,moderate,"Antiácidos com catiões (alumínio, magnésio, cálcio) e preparações com ferro/zinco reduzem significativamente a absorção da Moxifloxacina, comprometendo a sua eficácia.","Antacids with cations (aluminium, magnesium, calcium) and iron/zinc preparations significantly reduce Moxifloxacin absorption, compromising its efficacy.","Os catiões bi/trivalentes quelam a moxifloxacina no tubo digestivo, formando complexos insolúveis que reduzem a sua biodisponibilidade.","Bi/trivalent cations chelate moxifloxacin in the gut, forming insoluble complexes that reduce its bioavailability.",Separar as tomas: moxifloxacina pelo menos 4 horas antes ou 8 horas depois dos antiácidos e preparações com catiões.,Separate the doses: moxifloxacin at least 4 hours before or 8 hours after antacids and cation-containing preparations.,Garantir o espaçamento das tomas e vigiar a resposta clínica.,Ensure the dosing interval and monitor the clinical response.,Falha terapêutica/persistência da infeção após toma simultânea.,Treatment failure/persistent infection after concurrent dosing.,"DailyMed/FDA (NIH/NLM) — rótulo aprovado Moxifloxacina: https://dailymed.nlm.nih.gov/dailymed/drugInfo.cfm?setid=1ed191f5-7df5-488c-bb72-91ac0b618d9a ; rótulo aprovado Antiácidos: https://dailymed.nlm.nih.gov/dailymed/drugInfo.cfm?setid=c72f0736-ee20-45b4-baf0-b80f1e3fa9cb — com referência adicional: Prontuário Terapêutico do INFARMED (11.ª ed., 2012)","DailyMed/FDA (NIH/NLM) — approved Moxifloxacin label: https://dailymed.nlm.nih.gov/dailymed/drugInfo.cfm?setid=1ed191f5-7df5-488c-bb72-91ac0b618d9a ; approved Antacids label: https://dailymed.nlm.nih.gov/dailymed/drugInfo.cfm?setid=c72f0736-ee20-45b4-baf0-b80f1e3fa9cb — with additional reference: Prontuário Terapêutico do INFARMED, INFARMED (11th ed., 2012)",publicado,2026-08-04
antiacidos_omeprazol,antiacidos,omeprazol,moderate,Os antiácidos podem reduzir a absorção do omeprazol se tomados em simultâneo.,Antacids may reduce omeprazole absorption when taken at the same time.,Alteração do pH e da dissolução das cápsulas gastrorresistentes pelo antiácido.,Gastric pH change and altered dissolution of gastro-resistant capsules by the antacid.,Separar as tomas (2 horas).,Separate administration times (2 hours).,Vigiar a resposta à terapêutica antiácida/antiulcerosa.,Monitor response to antacid/anti-ulcer therapy.,Controlo insuficiente dos sintomas.,Insufficient symptom control.,"DailyMed (FDA) — rótulo aprovado Omeprazol: https://dailymed.nlm.nih.gov/dailymed/drugInfo.cfm?setid=6ea9a6f3-b756-4cdf-b3db-f666a2c17d66 ; rótulo aprovado Antiácidos: https://dailymed.nlm.nih.gov/dailymed/drugInfo.cfm?setid=5e346dc0-69ce-4cc5-bb5d-bfa833e11c1f — referência adicional: Prontuário Terapêutico do INFARMED (11.ª ed., 2012)","DailyMed (FDA) — approved Omeprazole label: https://dailymed.nlm.nih.gov/dailymed/drugInfo.cfm?setid=6ea9a6f3-b756-4cdf-b3db-f666a2c17d66 ; approved Antacids label: https://dailymed.nlm.nih.gov/dailymed/drugInfo.cfm?setid=5e346dc0-69ce-4cc5-bb5d-bfa833e11c1f — additional reference: Prontuário Terapêutico do INFARMED (11th ed., 2012)",publicado,
antiacidos_sucralfato,antiacidos,sucralfato,moderate,Os antiácidos podem reduzir o efeito protetor do sucralfato quando tomados em simultâneo.,Antacids may reduce the protective effect of sucralfate when taken together.,Os antiácidos alteram o pH gástrico e podem interferir com a polimerização do sucralfato.,Antacids change gastric pH and may interfere with sucralfate polymerisation.,Separar as tomas do sucralfato e dos antiácidos (30–60 minutos).,Separate sucralfate and antacid administration (30–60 minutes).,"Vigiar a resposta sintomática (dor epigástrica, pirose).","Monitor symptomatic response (epigastric pain, heartburn).",Recidiva de sintomas ulcerosos.,Recurrence of ulcer symptoms.,"DailyMed (FDA) — rótulo aprovado Sucralfato: https://dailymed.nlm.nih.gov/dailymed/drugInfo.cfm?setid=1e781cc0-24ec-4028-8262-dcef9873ea1f ; rótulo aprovado Antiácidos: https://dailymed.nlm.nih.gov/dailymed/drugInfo.cfm?setid=5e346dc0-69ce-4cc5-bb5d-bfa833e11c1f — referência adicional: Prontuário Terapêutico do INFARMED (11.ª ed., 2012)","DailyMed (FDA) — approved Sucralfate label: https://dailymed.nlm.nih.gov/dailymed/drugInfo.cfm?setid=1e781cc0-24ec-4028-8262-dcef9873ea1f ; approved Antacids label: https://dailymed.nlm.nih.gov/dailymed/drugInfo.cfm?setid=5e346dc0-69ce-4cc5-bb5d-bfa833e11c1f — additional reference: Prontuário Terapêutico do INFARMED (11th ed., 2012)",publicado,
apixabano_aspirina,apixabano,aspirina,moderate,"A associação de apixabano com aspirina aumenta o risco de hemorragia, sobretudo gastrointestinal, embora possa ser benéfica em indicações específicas.","Combining apixaban with aspirin increases the risk of bleeding, particularly gastrointestinal, although it may be beneficial in specific indications.",O apixabano inibe o fator Xa e a aspirina inibe a cicloxigenase-1 plaquetária; os efeitos anti-hemostáticos são aditivos sem interação farmacocinética relevante.,Apixaban inhibits factor Xa and aspirin inhibits platelet COX-1; the anti-haemostatic effects are additive with no relevant pharmacokinetic interaction.,"Avaliar o risco hemorrágico; quando indicada (ex.: FA com doença arterial), usar a menor dose eficaz e protetor gástrico.","Assess bleeding risk; when indicated (e.g. AF with arterial disease), use the lowest effective dose and a gastroprotectant.","Vigiar sinais de hemorragia, hemoglobina e sintomas gastrointestinais.","Monitor for bleeding signs, haemoglobin and gastrointestinal symptoms.","Hemorragia incontrolável, melenas, hematemeses, hematuria.","Uncontrolled bleeding, melaena, haematemesis, haematuria.","DailyMed (FDA) — rótulo aprovado Apixabano: https://dailymed.nlm.nih.gov/dailymed/drugInfo.cfm?setid=a454cd24-0c6d-46e8-b1e4-197388606175 ; rótulo aprovado Aspirina: https://dailymed.nlm.nih.gov/dailymed/drugInfo.cfm?setid=3ba0a9f2-062a-401e-82eb-54383a822366 — referência adicional: Prontuário Terapêutico do INFARMED (11.ª ed., 2012)","DailyMed (FDA) — approved Apixaban label: https://dailymed.nlm.nih.gov/dailymed/drugInfo.cfm?setid=a454cd24-0c6d-46e8-b1e4-197388606175 ; approved Aspirin label: https://dailymed.nlm.nih.gov/dailymed/drugInfo.cfm?setid=3ba0a9f2-062a-401e-82eb-54383a822366 — additional reference: Prontuário Terapêutico do INFARMED (11th ed., 2012)",publicado,
apixabano_clopidogrel,apixabano,clopidogrel,moderate,Apixabano com clopidogrel aumenta o risco hemorrágico; a associação é usada em casos selecionados (ex.: pós-SCA com FA).,Apixaban with clopidogrel raises bleeding risk; the combination is used in selected cases (e.g. post-ACS with AF).,Inibição combinada do fator Xa e da agregação plaquetária com risco de hemorragia aditivo.,Combined inhibition of factor Xa and platelet aggregation with an additive bleeding risk.,Usar apenas com indicação clara; reduzir a dose de apixabano conforme o perfil do doente.,Use only with a clear indication; reduce the apixaban dose according to patient profile.,"Vigiar hemorragias ocultas, hematomas e hemograma.","Monitor occult bleeding, bruising and blood count.",Sangramento gastrointestinal ou cerebral; equimoses extensas espontâneas.,GI or intracranial bleeding; extensive spontaneous bruising.,"DailyMed (FDA) — rótulo aprovado Apixabano: https://dailymed.nlm.nih.gov/dailymed/drugInfo.cfm?setid=a454cd24-0c6d-46e8-b1e4-197388606175 ; rótulo aprovado Clopidogrel: https://dailymed.nlm.nih.gov/dailymed/drugInfo.cfm?setid=55731d95-0c99-ff61-e063-6394a90a1ab5 — referência adicional: Prontuário Terapêutico do INFARMED (11.ª ed., 2012)","DailyMed (FDA) — approved Apixaban label: https://dailymed.nlm.nih.gov/dailymed/drugInfo.cfm?setid=a454cd24-0c6d-46e8-b1e4-197388606175 ; approved Clopidogrel label: https://dailymed.nlm.nih.gov/dailymed/drugInfo.cfm?setid=55731d95-0c99-ff61-e063-6394a90a1ab5 — additional reference: Prontuário Terapêutico do INFARMED (11th ed., 2012)",publicado,
apixabano_ibuprofeno,apixabano,ibuprofeno,moderate,O ibuprofeno aumenta o risco de hemorragia em doentes tratados com apixabano.,Ibuprofen increases the risk of bleeding in patients treated with apixaban.,"O ibuprofeno inibe a agregação plaquetária e irrita a mucosa gastrointestinal, somando-se ao efeito anticoagulante.","Ibuprofen inhibits platelet aggregation and irritates the GI mucosa, adding to the anticoagulant effect.",Preferir paracetamol ou AINE seletivo COX-2 se possível; limitar a duração do AINE.,Prefer paracetamol or a COX-2 selective NSAID where possible; limit NSAID duration.,"Vigiar sintomas dispépticos, melenas e hemograma.","Monitor dyspepsia, melaena and blood count.","Hemorragia gastrointestinal, anemia ferropriva aguda.","GI bleeding, acute iron-deficiency anaemia.","DailyMed (FDA) — rótulo aprovado Apixabano: https://dailymed.nlm.nih.gov/dailymed/drugInfo.cfm?setid=a454cd24-0c6d-46e8-b1e4-197388606175 ; rótulo aprovado Ibuprofeno: https://dailymed.nlm.nih.gov/dailymed/drugInfo.cfm?setid=291602fa-8ebe-4200-bba7-9798c90f8a50 — referência adicional: Prontuário Terapêutico do INFARMED (11.ª ed., 2012)","DailyMed (FDA) — approved Apixaban label: https://dailymed.nlm.nih.gov/dailymed/drugInfo.cfm?setid=a454cd24-0c6d-46e8-b1e4-197388606175 ; approved Ibuprofen label: https://dailymed.nlm.nih.gov/dailymed/drugInfo.cfm?setid=291602fa-8ebe-4200-bba7-9798c90f8a50 — additional reference: Prontuário Terapêutico do INFARMED (11th ed., 2012)",publicado,
artemeter-lumefantrina_carbamazepina,artemeter-lumefantrina,carbamazepina,moderate,A Carbamazepina (indutor do CYP3A4) reduz os níveis de Arteméter e Lumefantrina — risco de falência do tratamento da malária.,Carbamazepine (a CYP3A4 inducer) lowers Artemether and Lumefantrine levels — risk of malaria treatment failure.,"Indução enzimática do CYP3A4: metabolismo acelerado dos dois componentes, com menor exposição sistémica.",Enzymatic induction of CYP3A4: faster metabolism of both components with lower systemic exposure.,Considerar esquema antimalárico alternativo ou ajuste de dose e confirmar a cura parasitológica.,Consider an alternative antimalarial regimen or dose adjustment and confirm parasitological cure.,"Resposta clínica e parasitológica à terapêutica (febre, parasitemia).","Clinical and parasitological response to treatment (fever, parasitaemia).","Febre persistente ou recorrente, ausência de melhoria após 48–72 h.","Persistent or recurrent fever, no improvement after 48–72 h.",DailyMed/FDA (NIH/NLM) — rótulo aprovado Arteméter + Lumefantrina: https://dailymed.nlm.nih.gov/dailymed/drugInfo.cfm?setid=7866ec19-dfac-47d4-a53f-511a12643cbf ; rótulo aprovado Carbamazepina: https://dailymed.nlm.nih.gov/dailymed/drugInfo.cfm?setid=9f3d91cd-a959-4e07-a51b-8a4e9ba9ece2,DailyMed/FDA (NIH/NLM) — approved Artemether + Lumefantrine label: https://dailymed.nlm.nih.gov/dailymed/drugInfo.cfm?setid=7866ec19-dfac-47d4-a53f-511a12643cbf ; approved Carbamazepine label: https://dailymed.nlm.nih.gov/dailymed/drugInfo.cfm?setid=9f3d91cd-a959-4e07-a51b-8a4e9ba9ece2,publicado,2026-08-03
artemeter-lumefantrina_ciprofloxacina,artemeter-lumefantrina,ciprofloxacina,moderate,"Associação de dois fármacos que prolongam o QT — risco de arritmias ventriculares, maior em doentes de risco.","Two QT-prolonging drugs combined — risk of ventricular arrhythmias, higher in at-risk patients.",Efeito aditivo na repolarização cardíaca (bloqueio de canais de potássio).,Additive effect on cardiac repolarisation (potassium channel blockade).,Precaução em doentes de risco; ECG se fatores de vulnerabilidade ou sintomas.,Caution in at-risk patients; ECG if vulnerability factors or symptoms.,ECG (QTc) e eletrólitos se fatores de risco.,ECG (QTc) and electrolytes if risk factors.,"Palpitações, síncope.","Palpitations, syncope.",DailyMed/FDA (NIH/NLM) — rótulo aprovado Arteméter + Lumefantrina: https://dailymed.nlm.nih.gov/dailymed/drugInfo.cfm?setid=7866ec19-dfac-47d4-a53f-511a12643cbf ; rótulo aprovado Ciprofloxacina: https://dailymed.nlm.nih.gov/dailymed/drugInfo.cfm?setid=14c3bc33-201d-492e-9aee-a4d84c813a3d,DailyMed/FDA (NIH/NLM) — approved Artemether + Lumefantrine label: https://dailymed.nlm.nih.gov/dailymed/drugInfo.cfm?setid=7866ec19-dfac-47d4-a53f-511a12643cbf ; approved Ciprofloxacin label: https://dailymed.nlm.nih.gov/dailymed/drugInfo.cfm?setid=14c3bc33-201d-492e-9aee-a4d84c813a3d,publicado,2026-08-03
artemeter-lumefantrina_claritromicina,artemeter-lumefantrina,claritromicina,moderate,"A Claritromicina prolonga o QT e inibe o CYP3A4, elevando a exposição à Lumefantrina — risco acrescido de arritmias.","Clarithromycin prolongs QT and inhibits CYP3A4, raising Lumefantrine exposure — increased risk of arrhythmias.",Inibição do metabolismo da Arteméter/Lumefantina pelo CYP3A4 (Claritromicina) + prolongamento aditivo do QT.,CYP3A4 inhibition of Artemether/Lumefantrine metabolism (Clarithromycin) + additive QT prolongation.,Evitar quando possível; monitorizar ECG e sinais de toxicidade; considerar antibiótico alternativo se indicado.,Avoid when possible; monitor ECG and signs of toxicity; consider an alternative antibiotic if indicated.,"ECG (QTc), potássio e sinais clínicos de arritmia.","ECG (QTc), potassium and clinical signs of arrhythmia.","Palpitações, síncope, dor torácica.","Palpitations, syncope, chest pain.",DailyMed/FDA (NIH/NLM) — rótulo aprovado Arteméter + Lumefantrina: https://dailymed.nlm.nih.gov/dailymed/drugInfo.cfm?setid=7866ec19-dfac-47d4-a53f-511a12643cbf ; rótulo aprovado Claritromicina: https://dailymed.nlm.nih.gov/dailymed/drugInfo.cfm?setid=d836ae7e-fdbf-4dcb-a90d-ede1dcbc3e67,DailyMed/FDA (NIH/NLM) — approved Artemether + Lumefantrine label: https://dailymed.nlm.nih.gov/dailymed/drugInfo.cfm?setid=7866ec19-dfac-47d4-a53f-511a12643cbf ; approved Clarithromycin label: https://dailymed.nlm.nih.gov/dailymed/drugInfo.cfm?setid=d836ae7e-fdbf-4dcb-a90d-ede1dcbc3e67,publicado,2026-08-03
artemeter-lumefantrina_mefloquina,artemeter-lumefantrina,mefloquina,moderate,Risco acrescido de prolongamento do QT e de efeitos neuropsiquiátricos quando combinados.,Increased risk of QT prolongation and neuropsychiatric effects when combined.,Prolongamento do QT aditivo; a Mefloquina associa ainda efeitos sobre o SNC.,Additive QT prolongation; Mefloquine also adds CNS effects.,Evitar a associação; optar por um único esquema antimalárico.,Avoid the association; choose a single antimalarial regimen.,ECG e estado neurológico; atenção a sintomas neuropsiquiátricos.,ECG and neurological status; watch for neuropsychiatric symptoms.,"Ansiedade, insónia, psicose, convulsões, palpitações.","Anxiety, insomnia, psychosis, seizures, palpitations.",DailyMed/FDA (NIH/NLM) — rótulo aprovado Arteméter + Lumefantrina: https://dailymed.nlm.nih.gov/dailymed/drugInfo.cfm?setid=7866ec19-dfac-47d4-a53f-511a12643cbf ; rótulo aprovado Mefloquina: https://dailymed.nlm.nih.gov/dailymed/drugInfo.cfm?setid=09716a24-d7da-42b2-af29-c03a1b6670bd,DailyMed/FDA (NIH/NLM) — approved Artemether + Lumefantrine label: https://dailymed.nlm.nih.gov/dailymed/drugInfo.cfm?setid=7866ec19-dfac-47d4-a53f-511a12643cbf ; approved Mefloquine label: https://dailymed.nlm.nih.gov/dailymed/drugInfo.cfm?setid=09716a24-d7da-42b2-af29-c03a1b6670bd,publicado,2026-08-03
artemeter-lumefantrina_quinina,artemeter-lumefantrina,quinina,moderate,Efeito aditivo no prolongamento do QT; a associação é habitualmente evitada por não acrescentar benefício e aumentar o risco arritmogénico.,Additive QT prolongation; the association is usually avoided as it adds no benefit and increases arrhythmic risk.,Ambos prolongam a repolarização cardíaca por bloqueio dos canais de potássio.,Both prolong cardiac repolarisation via potassium channel blockade.,"Evitar a associação; usar preferencialmente um esquema único (ACT ou Quinina, não ambos).","Avoid the combination; preferably use a single regimen (ACT or Quinine, not both).","ECG (QTc), eletrólitos e vigilância clínica de arritmia.","ECG (QTc), electrolytes and clinical surveillance for arrhythmia.","Palpitações, síncope, tonturas.","Palpitations, syncope, dizziness.",DailyMed/FDA (NIH/NLM) — rótulo aprovado Arteméter + Lumefantrina: https://dailymed.nlm.nih.gov/dailymed/drugInfo.cfm?setid=7866ec19-dfac-47d4-a53f-511a12643cbf ; rótulo aprovado Quinina: https://dailymed.nlm.nih.gov/dailymed/drugInfo.cfm?setid=1f32f05c-a215-40be-b951-e41a7b54a8a0,DailyMed/FDA (NIH/NLM) — approved Artemether + Lumefantrine label: https://dailymed.nlm.nih.gov/dailymed/drugInfo.cfm?setid=7866ec19-dfac-47d4-a53f-511a12643cbf ; approved Quinine label: https://dailymed.nlm.nih.gov/dailymed/drugInfo.cfm?setid=1f32f05c-a215-40be-b951-e41a7b54a8a0,publicado,2026-08-03
artemeter-lumefantrina_rifampicina,artemeter-lumefantrina,rifampicina,critical,A Rifampicina (indutor potente do CYP3A4) reduz drasticamente os níveis de Arteméter e Lumefantrina — risco elevado de falência do tratamento da malária.,Rifampin (a potent CYP3A4 inducer) markedly reduces Artemether and Lumefantrine levels — high risk of malaria treatment failure.,"Indução enzimática que acelera o metabolismo do ACT, com reduções importantes da exposição à Lumefantrina.","Enzymatic induction accelerating ACT metabolism, with substantial reductions in Lumefantrine exposure.","Evitar a associação. Se a rifampicina for essencial, usar um esquema antimalárico alternativo e confirmar a cura parasitológica.","Avoid the combination. If rifampin is essential, use an alternative antimalarial regimen and confirm parasitological cure.",Resposta clínica e parasitológica; vigilância de malária recorrente.,Clinical and parasitological response; watch for recurrent malaria.,"Febre persistente ou recorrente, parasitemia na lâmina.","Persistent or recurrent fever, parasitaemia on smear.",DailyMed/FDA (NIH/NLM) — rótulo aprovado Rifampicina: https://dailymed.nlm.nih.gov/dailymed/drugInfo.cfm?setid=b389b1a3-672f-47e3-916c-4a9c044b211b ; rótulo aprovado Arteméter + Lumefantrina: https://dailymed.nlm.nih.gov/dailymed/drugInfo.cfm?setid=7866ec19-dfac-47d4-a53f-511a12643cbf,DailyMed/FDA (NIH/NLM) — approved Rifampin label: https://dailymed.nlm.nih.gov/dailymed/drugInfo.cfm?setid=b389b1a3-672f-47e3-916c-4a9c044b211b ; approved Artemether + Lumefantrine label: https://dailymed.nlm.nih.gov/dailymed/drugInfo.cfm?setid=7866ec19-dfac-47d4-a53f-511a12643cbf,publicado,2026-08-03
artesunato-amodiaquina_carbamazepina,artesunato-amodiaquina,carbamazepina,moderate,A Carbamazepina (indutor do CYP2C8/3A4) acelera o metabolismo da Amodiaquina — risco de níveis subterapêuticos e falência do tratamento.,Carbamazepine (a CYP2C8/3A4 inducer) accelerates Amodiaquine metabolism — risk of subtherapeutic levels and treatment failure.,Indução enzimática que reduz a exposição à Amodiaquina (componente do ACT).,Enzymatic induction reducing exposure to Amodiaquine (the ACT component).,Considerar um ACT alternativo e confirmar a cura parasitológica.,Consider an alternative ACT and confirm parasitological cure.,Resposta clínica e parasitológica ao tratamento.,Clinical and parasitological response to treatment.,"Febre persistente ou recorrente, ausência de melhoria após 48–72 h.","Persistent or recurrent fever, no improvement after 48–72 h.",OMS (WHO) — Directrizes da OMS para a malária: https://www.who.int/teams/global-malaria-programme/guidelines-for-malaria ; DailyMed/FDA (NIH/NLM) — rótulo aprovado Carbamazepina: https://dailymed.nlm.nih.gov/dailymed/drugInfo.cfm?setid=9f3d91cd-a959-4e07-a51b-8a4e9ba9ece2,WHO — WHO Guidelines for malaria: https://www.who.int/teams/global-malaria-programme/guidelines-for-malaria ; DailyMed/FDA (NIH/NLM) — approved Carbamazepine label: https://dailymed.nlm.nih.gov/dailymed/drugInfo.cfm?setid=9f3d91cd-a959-4e07-a51b-8a4e9ba9ece2,publicado,2026-08-03
artesunato-amodiaquina_claritromicina,artesunato-amodiaquina,claritromicina,moderate,A Claritromicina prolonga o QT e inibe o CYP3A4 (que participa no metabolismo da Amodiaquina) — risco de arritmias e de toxicidade.,Clarithromycin prolongs QT and inhibits CYP3A4 (involved in Amodiaquine metabolism) — risk of arrhythmias and toxicity.,Prolongamento do QT aditivo + inibição enzimática que pode elevar os níveis de Amodiaquina.,Additive QT prolongation + enzymatic inhibition that may raise Amodiaquine levels.,Evitar quando possível; monitorizar ECG; considerar antibiótico alternativo.,Avoid when possible; monitor ECG; consider an alternative antibiotic.,ECG (QTc) e sinais de toxicidade.,ECG (QTc) and signs of toxicity.,"Palpitações, icterícia (hepatotoxicidade da Amodiaquina).","Palpitations, jaundice (amodiaquine hepatotoxicity).",OMS (WHO) — Directrizes da OMS para a malária: https://www.who.int/teams/global-malaria-programme/guidelines-for-malaria ; DailyMed/FDA (NIH/NLM) — rótulo aprovado Claritromicina: https://dailymed.nlm.nih.gov/dailymed/drugInfo.cfm?setid=d836ae7e-fdbf-4dcb-a90d-ede1dcbc3e67,WHO — WHO Guidelines for malaria: https://www.who.int/teams/global-malaria-programme/guidelines-for-malaria ; DailyMed/FDA (NIH/NLM) — approved Clarithromycin label: https://dailymed.nlm.nih.gov/dailymed/drugInfo.cfm?setid=d836ae7e-fdbf-4dcb-a90d-ede1dcbc3e67,publicado,2026-08-03
aspirina_clopidogrel,aspirina,clopidogrel,moderate,"Dupla antiagregação plaquetária: aumenta o risco de hemorragia. É uma associação frequentemente indicada (ex.: pós-síndrome coronária aguda), mas requer avaliação do risco hemorrágico.","Dual antiplatelet therapy: increases bleeding risk. This association is frequently indicated (e.g. after acute coronary syndrome), but requires bleeding risk assessment.",A Aspirina inibe irreversivelmente a COX-1 e o Clopidogrel bloqueia o recetor P2Y12 — efeito aditivo na agregação plaquetária.,Aspirin irreversibly inhibits COX-1 and Clopidogrel blocks the P2Y12 receptor — additive platelet inhibition.,Usar apenas sob prescrição médica dentro das indicações aprovadas; avaliar a duração do tratamento e o risco hemorrágico individual.,Use only under medical prescription within approved indications; assess treatment duration and individual bleeding risk.,Vigilância de sinais de hemorragia durante todo o tratamento.,Watch for signs of bleeding throughout therapy.,"Hemorragia prolongada, hematúria, melenas, dor abdominal intensa.","Prolonged bleeding, haematuria, melaena, severe abdominal pain.",DailyMed/FDA (NIH/NLM) — rótulo aprovado Clopidogrel: https://dailymed.nlm.nih.gov/dailymed/drugInfo.cfm?setid=c9928956-bb7b-4ec2-bc38-d3c9c4199cae ; rótulo aprovado Ácido acetilsalicílico: https://dailymed.nlm.nih.gov/dailymed/drugInfo.cfm?setid=3ba0a9f2-062a-401e-82eb-54383a822366,DailyMed/FDA (NIH/NLM) — approved Clopidogrel label: https://dailymed.nlm.nih.gov/dailymed/drugInfo.cfm?setid=c9928956-bb7b-4ec2-bc38-d3c9c4199cae ; approved Aspirin label: https://dailymed.nlm.nih.gov/dailymed/drugInfo.cfm?setid=3ba0a9f2-062a-401e-82eb-54383a822366,publicado,2026-08-02
aspirina_dabigatrano,aspirina,dabigatrano,moderate,"Dabigatrano com aspirina aumenta o risco hemorrágico, sobretudo gastrointestinal.","Dabigatran with aspirin increases bleeding risk, especially gastrointestinal.",O dabigatrano inibe a trombina e a aspirina a COX-1 plaquetária; efeito hemorrágico aditivo.,Dabigatran inhibits thrombin and aspirin inhibits platelet COX-1; additive bleeding effect.,Avaliar risco-benefício; a associação é usada em FA + doença coronária selecionada.,Assess risk-benefit; the combination is used in selected AF + coronary artery disease.,Vigiar hemorragia e sintomas dispépticos.,Monitor bleeding and dyspeptic symptoms.,"Sangramento gastrointestinal, anemia, hematúria.","GI bleeding, anaemia, haematuria.","DailyMed (FDA) — rótulo aprovado Dabigatrano: https://dailymed.nlm.nih.gov/dailymed/drugInfo.cfm?setid=f7ea7e2c-ca54-4ecc-9fc7-bd3571b0ebc2 ; rótulo aprovado Aspirina: https://dailymed.nlm.nih.gov/dailymed/drugInfo.cfm?setid=3ba0a9f2-062a-401e-82eb-54383a822366 — referência adicional: Prontuário Terapêutico do INFARMED (11.ª ed., 2012)","DailyMed (FDA) — approved Dabigatran label: https://dailymed.nlm.nih.gov/dailymed/drugInfo.cfm?setid=f7ea7e2c-ca54-4ecc-9fc7-bd3571b0ebc2 ; approved Aspirin label: https://dailymed.nlm.nih.gov/dailymed/drugInfo.cfm?setid=3ba0a9f2-062a-401e-82eb-54383a822366 — additional reference: Prontuário Terapêutico do INFARMED (11th ed., 2012)",publicado,
aspirina_dexametasona,aspirina,dexametasona,moderate,Corticosteroide + aspirina: risco gastrointestinal aditivo (úlcera/hemorragia).,Corticosteroid + aspirin: additive gastrointestinal risk (ulcer/bleeding).,Ambos enfraquecem a proteção da mucosa gástrica.,Both weaken gastric mucosal protection.,Considerar gastroprotecção (IBP) em doentes de risco.,Consider gastroprotection (PPI) in at-risk patients.,Sintomas digestivos e sinais de hemorragia.,GI symptoms and signs of bleeding.,"Melena, hematemese, dor abdominal.","Melena, haematemesis, abdominal pain.","DailyMed (FDA) — rótulo aprovado Dexametasona: https://dailymed.nlm.nih.gov/dailymed/drugInfo.cfm?setid=7cbd9005-7df2-47ee-adb3-7244c1c69bc3 ; rótulo aprovado Ácido acetilsalicílico: https://dailymed.nlm.nih.gov/dailymed/drugInfo.cfm?setid=3ba0a9f2-062a-401e-82eb-54383a822366 — referência adicional: Prontuário Terapêutico do INFARMED (11.ª ed., 2012)","DailyMed (FDA) — approved Dexamethasone label: https://dailymed.nlm.nih.gov/dailymed/drugInfo.cfm?setid=7cbd9005-7df2-47ee-adb3-7244c1c69bc3 ; approved Aspirin label: https://dailymed.nlm.nih.gov/dailymed/drugInfo.cfm?setid=3ba0a9f2-062a-401e-82eb-54383a822366 — additional reference: Prontuário Terapêutico do INFARMED (11th ed., 2012)",publicado,
aspirina_enoxaparina,aspirina,enoxaparina,moderate,A enoxaparina com aspirina aumenta o risco de hemorragia.,Enoxaparin with aspirin increases bleeding risk.,A HBPM potencializa a antitrombina e a aspirina bloqueia o tromboxano; risco hemorrágico aditivo.,LMWH potentiates antithrombin and aspirin blocks thromboxane; additive bleeding risk.,Usar a associação apenas quando indicada (ex.: SCA); vigiar sinais de sangramento.,Use the combination only when indicated (e.g. ACS); monitor for bleeding.,"Vigiar hemorragia no local de injeção, hematomas e hemograma.","Monitor injection-site bleeding, bruising and blood count.","Hematoma extenso, melenas, sangramento prolongado.","Large haematoma, melaena, prolonged bleeding.","DailyMed (FDA) — rótulo aprovado Enoxaparina: https://dailymed.nlm.nih.gov/dailymed/drugInfo.cfm?setid=5017a927-2a24-4f27-89f9-27c805bf7d59 ; rótulo aprovado Aspirina: https://dailymed.nlm.nih.gov/dailymed/drugInfo.cfm?setid=3ba0a9f2-062a-401e-82eb-54383a822366 — referência adicional: Prontuário Terapêutico do INFARMED (11.ª ed., 2012)","DailyMed (FDA) — approved Enoxaparin label: https://dailymed.nlm.nih.gov/dailymed/drugInfo.cfm?setid=5017a927-2a24-4f27-89f9-27c805bf7d59 ; approved Aspirin label: https://dailymed.nlm.nih.gov/dailymed/drugInfo.cfm?setid=3ba0a9f2-062a-401e-82eb-54383a822366 — additional reference: Prontuário Terapêutico do INFARMED (11th ed., 2012)",publicado,
aspirina_hidroxicloroquina,aspirina,hidroxicloroquina,minor,Hidroxicloroquina + aspirina: risco gastrointestinal aditivo.,Hydroxychloroquine + aspirin: additive gastrointestinal risk.,Ambos podem irritar a mucosa gástrica.,Both may irritate the gastric mucosa.,Vigiar sintomas dispépticos; considerar gastroprotecção em doentes de risco.,Watch for dyspeptic symptoms; consider gastroprotection in at-risk patients.,Sintomas GI após a associação.,GI symptoms after the combination.,"Dispepsia, dor epigástrica, melena.","Dyspepsia, epigastric pain, melena.","DailyMed (FDA) — rótulo aprovado Hidroxicloroquina: https://dailymed.nlm.nih.gov/dailymed/drugInfo.cfm?setid=da435181-0c5a-4188-8d59-51234116b005 ; rótulo aprovado Ácido acetilsalicílico: https://dailymed.nlm.nih.gov/dailymed/drugInfo.cfm?setid=3ba0a9f2-062a-401e-82eb-54383a822366 — referência adicional: Prontuário Terapêutico do INFARMED (11.ª ed., 2012)","DailyMed (FDA) — approved Hydroxychloroquine label: https://dailymed.nlm.nih.gov/dailymed/drugInfo.cfm?setid=da435181-0c5a-4188-8d59-51234116b005 ; approved Aspirin label: https://dailymed.nlm.nih.gov/dailymed/drugInfo.cfm?setid=3ba0a9f2-062a-401e-82eb-54383a822366 — additional reference: Prontuário Terapêutico do INFARMED (11th ed., 2012)",publicado,
aspirina_ibuprofeno,aspirina,ibuprofeno,minor,O Ibuprofeno pode reduzir o efeito cardioprotetor da Aspirina de baixa dose.,Ibuprofen may reduce the cardioprotective effect of low-dose Aspirin.,"O Ibuprofeno ocupa o local de ligação da ciclo-oxigenase-1, impedindo a inibição irreversível pela Aspirina.","Ibuprofen occupies the COX-1 binding site, blocking Aspirin's irreversible inhibition.","Se ambos forem necessários, tomar o Ibuprofeno 2 horas depois da Aspirina de libertação imediata.","If both are needed, take Ibuprofen 2 hours after immediate-release Aspirin.",Sem monitorização laboratorial; considerar uma alternativa analgésica em doentes de alto risco.,No laboratory monitoring; consider an alternative analgesic in high-risk patients.,"Sinais de novo evento cardiovascular — dor torácica, falta de ar súbita.","Signs of a new cardiovascular event — chest pain, sudden shortness of breath.",DailyMed/FDA (NIH/NLM) — rótulo aprovado Ácido acetilsalicílico: https://dailymed.nlm.nih.gov/dailymed/drugInfo.cfm?setid=3ba0a9f2-062a-401e-82eb-54383a822366 ; rótulo aprovado Ibuprofeno: https://dailymed.nlm.nih.gov/dailymed/drugInfo.cfm?setid=14515409-736f-4119-b6a0-cb19ee2e948e,DailyMed/FDA (NIH/NLM) — approved Aspirin label: https://dailymed.nlm.nih.gov/dailymed/drugInfo.cfm?setid=3ba0a9f2-062a-401e-82eb-54383a822366 ; approved Ibuprofen label: https://dailymed.nlm.nih.gov/dailymed/drugInfo.cfm?setid=14515409-736f-4119-b6a0-cb19ee2e948e,publicado,2026-02-10
aspirina_metamizol,aspirina,metamizol,moderate,O metamizol pode reduzir o efeito antiagregante do ácido acetilsalicílico em baixa dose.,Metamizole may reduce the antiplatelet effect of low-dose acetylsalicylic acid.,"O metamizol interfere com a inibição da COX-1 plaquetária pelo AAS, podendo diminuir a cardioproteção.","Metamizole interferes with aspirin COX-1 platelet inhibition, which may reduce cardioprotection.",Evitar a coadministração quando o AAS é usado para prevenção cardiovascular.,Avoid coadministration when aspirin is used for cardiovascular prevention.,Risco cardiovascular e adesão à antiagregação do doente.,Patient cardiovascular risk and adherence to antiplatelet therapy.,Novo evento isquémico com uso de AAS requer revisão da estratégia antitrombótica.,New ischaemic event while on aspirin requires review of the antithrombotic strategy.,"EMA (referência Article 31) — Metamizole: https://www.ema.europa.eu/en/medicines/human/referrals/metamizole-containing-medicinal-products ; rótulo aprovado Aspirina: https://dailymed.nlm.nih.gov/dailymed/drugInfo.cfm?setid=3ba0a9f2-062a-401e-82eb-54383a822366 — com referência adicional: Prontuário Terapêutico do INFARMED (11.ª ed., 2012) e SmPC nacional Analgin 500 mg (HALMED)","EMA (Article 31 referral) — Metamizole: https://www.ema.europa.eu/en/medicines/human/referrals/metamizole-containing-medicinal-products ; approved Aspirin label: https://dailymed.nlm.nih.gov/dailymed/drugInfo.cfm?setid=3ba0a9f2-062a-401e-82eb-54383a822366 — with additional references: Prontuário Terapêutico do INFARMED (11th ed., 2012) and national Analgin 500 mg SmPC (HALMED)",publicado,
aspirina_metotrexato,aspirina,metotrexato,moderate,Aspirina + metotrexato: possível aumento da toxicidade do metotrexato (depuração renal).,Aspirin + methotrexate: possible increased methotrexate toxicity (renal clearance).,A aspirina (sobretudo em doses AINE) pode reduzir a depuração renal do metotrexato.,Aspirin (especially at NSAID doses) may reduce methotrexate renal clearance.,Preferir paracetamol quando possível; monitorizar hemograma se a associação for necessária.,Prefer paracetamol when possible; monitor full blood count if the combination is needed.,Hemograma e função renal em terapêuticas prolongadas.,Full blood count and renal function on long-term therapy.,"Úlceras orais, sinais de mielossupressão.","Oral ulcers, signs of marrow suppression.","DailyMed (FDA) — rótulo aprovado Metotrexato: https://dailymed.nlm.nih.gov/dailymed/drugInfo.cfm?setid=757d6cef-6696-7a1c-8074-01258aaa8bdd ; rótulo aprovado Ácido acetilsalicílico: https://dailymed.nlm.nih.gov/dailymed/drugInfo.cfm?setid=3ba0a9f2-062a-401e-82eb-54383a822366 — referência adicional: Prontuário Terapêutico do INFARMED (11.ª ed., 2012)","DailyMed (FDA) — approved Methotrexate label: https://dailymed.nlm.nih.gov/dailymed/drugInfo.cfm?setid=757d6cef-6696-7a1c-8074-01258aaa8bdd ; approved Aspirin label: https://dailymed.nlm.nih.gov/dailymed/drugInfo.cfm?setid=3ba0a9f2-062a-401e-82eb-54383a822366 — additional reference: Prontuário Terapêutico do INFARMED (11th ed., 2012)",publicado,
aspirina_naproxeno,aspirina,naproxeno,moderate,AINE + aspirina em baixa dose: pode reduzir o efeito cardioprotetor da aspirina e aumentar o risco GI.,NSAID + low-dose aspirin: may reduce aspirin cardioprotection and increase GI risk.,Os AINE podem ocupar o mesmo local ativo da COX e interferir com a inibição antiagregante irreversível da aspirina.,NSAIDs may occupy the same COX active site and interfere with aspirin irreversible antiplatelet inhibition.,Tomar a aspirina pelo menos 2 h antes do AINE quando possível; considerar paracetamol para analgesia.,Take aspirin at least 2 h before the NSAID when possible; consider paracetamol for analgesia.,Reavaliar periodicamente a necessidade da associação e a gastroproteção.,Periodically reassess the need for the combination and gastroprotection.,Sinais de evento trombótico ou hemorragia GI.,Signs of thrombotic event or GI bleeding.,"DailyMed (FDA) — rótulo aprovado Naproxeno: https://dailymed.nlm.nih.gov/dailymed/drugInfo.cfm?setid=24d44eb6-921e-4150-a6b2-81f42ced32ab ; rótulo aprovado Ácido acetilsalicílico: https://dailymed.nlm.nih.gov/dailymed/drugInfo.cfm?setid=3ba0a9f2-062a-401e-82eb-54383a822366 — referência adicional: Prontuário Terapêutico do INFARMED (11.ª ed., 2012)","DailyMed (FDA) — approved Naproxen label: https://dailymed.nlm.nih.gov/dailymed/drugInfo.cfm?setid=24d44eb6-921e-4150-a6b2-81f42ced32ab ; approved Aspirin label: https://dailymed.nlm.nih.gov/dailymed/drugInfo.cfm?setid=3ba0a9f2-062a-401e-82eb-54383a822366 — additional reference: Prontuário Terapêutico do INFARMED (11th ed., 2012)",publicado,
aspirina_rivaroxabano,aspirina,rivaroxabano,moderate,"A associação de rivaroxabano com aspirina aumenta o risco de hemorragia, em particular gastrointestinal.","Combining rivaroxaban with aspirin increases the risk of bleeding, particularly gastrointestinal.","Rivaroxabano inibe o fator Xa; a aspirina bloqueia a via do tromboxano plaquetário, com efeito hemorrágico aditivo.","Rivaroxaban inhibits factor Xa; aspirin blocks the platelet thromboxane pathway, with an additive bleeding effect.",Ponderar o benefício cardiovascular contra o risco hemorrágico; usar a dose mais baixa eficaz.,Weigh cardiovascular benefit against bleeding risk; use the lowest effective dose.,"Vigiar hemoglobina, hematócrito e sinais de sangramento.","Monitor haemoglobin, haematocrit and signs of bleeding.","Sangramento gastrointestinal, anemia aguda, tonturas por perda sanguínea.","GI bleeding, acute anaemia, dizziness from blood loss.","DailyMed (FDA) — rótulo aprovado Rivaroxabano: https://dailymed.nlm.nih.gov/dailymed/drugInfo.cfm?setid=481b7802-5093-43e7-bbd9-1532197eb6e6 ; rótulo aprovado Aspirina: https://dailymed.nlm.nih.gov/dailymed/drugInfo.cfm?setid=3ba0a9f2-062a-401e-82eb-54383a822366 — referência adicional: Prontuário Terapêutico do INFARMED (11.ª ed., 2012)","DailyMed (FDA) — approved Rivaroxaban label: https://dailymed.nlm.nih.gov/dailymed/drugInfo.cfm?setid=481b7802-5093-43e7-bbd9-1532197eb6e6 ; approved Aspirin label: https://dailymed.nlm.nih.gov/dailymed/drugInfo.cfm?setid=3ba0a9f2-062a-401e-82eb-54383a822366 — additional reference: Prontuário Terapêutico do INFARMED (11th ed., 2012)",publicado,
aspirina_warfarina,aspirina,warfarina,critical,Risco hemorrágico muito elevado. A dupla anticoagulação + antiagregação quase duplica a taxa de hemorragia major.,Very high bleeding risk. Combined anticoagulation + antiplatelet therapy almost doubles major bleeding rates.,Efeito antiplaquetário irreversível da Aspirina somado à anticoagulação da Warfarina.,Aspirin's irreversible antiplatelet effect added to Warfarin anticoagulation.,Evitar exceto em indicações específicas (ex.: válvulas mecânicas) e sob supervisão especializada.,Avoid except for specific indications (e.g. mechanical valves) under specialist supervision.,INR apertado e vigilância hemorrágica regular.,Strict INR and regular bleeding surveillance.,Hemorragia gastrointestinal; hemorragia intracraniana (cefaleia súbita e grave).,GI bleeding; intracranial haemorrhage (sudden severe headache).,DailyMed/FDA (NIH/NLM) — rótulo aprovado Warfarina: https://dailymed.nlm.nih.gov/dailymed/drugInfo.cfm?setid=541c9a70-adaf-4ef3-94ba-ad4e70dfa057 ; rótulo aprovado Ácido acetilsalicílico: https://dailymed.nlm.nih.gov/dailymed/drugInfo.cfm?setid=3ba0a9f2-062a-401e-82eb-54383a822366,DailyMed/FDA (NIH/NLM) — approved Warfarin label: https://dailymed.nlm.nih.gov/dailymed/drugInfo.cfm?setid=541c9a70-adaf-4ef3-94ba-ad4e70dfa057 ; approved Aspirin label: https://dailymed.nlm.nih.gov/dailymed/drugInfo.cfm?setid=3ba0a9f2-062a-401e-82eb-54383a822366,publicado,2026-04-02
atazanavir_omeprazol,atazanavir,omeprazol,moderate,"A associação de Atazanavir com Omeprazol reduz substancialmente as concentrações de Atazanavir, com risco de falência virológica.","Combining Atazanavir with Omeprazole substantially reduces Atazanavir concentrations, with a risk of virological failure.","Os inibidores da bomba de protões, como o Omeprazol, elevam o pH gástrico, reduzindo a absorção do Atazanavir e diminuindo a sua exposição.","Proton pump inhibitors such as Omeprazole raise gastric pH, reducing Atazanavir absorption and lowering its exposure.","Evitar a associação quando possível; se inevitável, preferir antagonistas dos recetores H2 e/ou separar as administrações; não usar IBP com doses baixas de Atazanavir.","Avoid the combination when possible; if unavoidable, prefer H2-receptor antagonists and/or separate dosing times; do not use a PPI with low doses of Atazanavir.","Monitorizar a carga viral e, se disponível, a litemia/imunidade; reavaliar quando da introdução ou suspensão do Omeprazol.","Monitor viral load and, if available, CD4; reassess when Omeprazole is started or stopped.",Carga viral detetável ou sinais de falência terapêutica após início do Omeprazol exigem reavaliação do esquema antirretroviral.,Detectable viral load or signs of therapeutic failure after starting Omeprazole require reassessment of the antiretroviral regimen.,"DailyMed/FDA (NIH/NLM) — rótulo aprovado Atazanavir: https://dailymed.nlm.nih.gov/dailymed/drugInfo.cfm?setid=165cff62-b284-4a27-a65d-9ec8a5bfcdd8 ; rótulo aprovado Omeprazol: https://dailymed.nlm.nih.gov/dailymed/drugInfo.cfm?setid=37291cab-e350-d8e3-e063-6294a90a9cb1 — com referência adicional: Prontuário Terapêutico do INFARMED (11.ª ed., 2012)","DailyMed/FDA (NIH/NLM) — approved Atazanavir label: https://dailymed.nlm.nih.gov/dailymed/drugInfo.cfm?setid=165cff62-b284-4a27-a65d-9ec8a5bfcdd8 ; approved Omeprazole label: https://dailymed.nlm.nih.gov/dailymed/drugInfo.cfm?setid=37291cab-e350-d8e3-e063-6294a90a9cb1 — with additional reference: Prontuário Terapêutico do INFARMED, INFARMED (11th ed., 2012)",publicado,2026-08-04
atazanavir_warfarina,atazanavir,warfarina,moderate,A associação de Atazanavir com Varfarina pode potenciar o efeito anticoagulante e aumentar o risco de hemorragia grave.,Combining Atazanavir with Warfarin may potentiate the anticoagulant effect and increase the risk of serious bleeding.,O Atazanavir inibe vias metabólicas da Varfarina; o rótulo alerta para o potencial de hemorragia grave e/ou potencialmente fatal na co-administração.,Atazanavir inhibits metabolic pathways of Warfarin; the label warns of the potential for serious and/or potentially fatal bleeding with co-administration.,Monitorizar o INR de forma frequente e ajustar a dose de Varfarina durante a co-administração.,Monitor the INR frequently and adjust the Warfarin dose during co-administration.,Vigiar sinais de hemorragia; doseamentos regulares do INR na introdução e em alterações de dose.,Watch for bleeding signs; regular INR testing at start and dose changes.,INR elevado com hemorragia ativa exige a suspensão imediata do anticoagulante e avaliação urgente.,A high INR with active bleeding requires immediate discontinuation of the anticoagulant and urgent evaluation.,"DailyMed/FDA (NIH/NLM) — rótulo aprovado Atazanavir: https://dailymed.nlm.nih.gov/dailymed/drugInfo.cfm?setid=165cff62-b284-4a27-a65d-9ec8a5bfcdd8 ; rótulo aprovado Warfarina: https://dailymed.nlm.nih.gov/dailymed/drugInfo.cfm?setid=541c9a70-adaf-4ef3-94ba-ad4e70dfa057 — com referência adicional: Prontuário Terapêutico do INFARMED (11.ª ed., 2012)","DailyMed/FDA (NIH/NLM) — approved Atazanavir label: https://dailymed.nlm.nih.gov/dailymed/drugInfo.cfm?setid=165cff62-b284-4a27-a65d-9ec8a5bfcdd8 ; approved Warfarin label: https://dailymed.nlm.nih.gov/dailymed/drugInfo.cfm?setid=541c9a70-adaf-4ef3-94ba-ad4e70dfa057 — with additional reference: Prontuário Terapêutico do INFARMED, INFARMED (11th ed., 2012)",publicado,2026-08-04
atorvastatina_cetoconazol,atorvastatina,cetoconazol,moderate,"O Cetoconazol (inibidor potente do CYP3A4) aumenta os níveis da Atorvastatina, com risco de miopatia e rabdomiólise.","Ketoconazole (a potent CYP3A4 inhibitor) raises Atorvastatin levels, increasing the risk of myopathy and rhabdomyolysis.","Inibição do CYP3A4 pelo cetoconazol, reduzindo o metabolismo de primeira passagem da atorvastatina e aumentando a sua exposição sistémica.","CYP3A4 inhibition by ketoconazole reduces first-pass metabolism of atorvastatin, increasing its systemic exposure.","Preferir uma estatina não metabolizada pelo CYP3A4 (ex.: pravastatina, rosuvastatina) ou suspender o cetoconazol durante o tratamento. Se inevitável, usar a dose mínima de atorvastatina e vigiar.","Prefer a statin not metabolized by CYP3A4 (e.g., pravastatin, rosuvastatin) or discontinue ketoconazole during therapy. If unavoidable, use the lowest atorvastatin dose with monitoring.","Creatina-quinase (CK), sintomas musculares (mialgias, fraqueza, urina escura).","Creatine kinase (CK), muscle symptoms (myalgia, weakness, dark urine).","Dor muscular intensa, fraqueza, urina de cor escura (sinal de rabdomiólise).","Severe muscle pain, weakness, dark-coloured urine (sign of rhabdomyolysis).","DailyMed/FDA (NIH/NLM) — rótulo aprovado Cetoconazol: https://dailymed.nlm.nih.gov/dailymed/drugInfo.cfm?setid=f162e616-21b4-49b1-b437-15e21001a6f0 ; rótulo aprovado Atorvastatina: https://dailymed.nlm.nih.gov/dailymed/drugInfo.cfm?setid=86841382-4229-4e03-958e-3ac22639efd4 — com referência adicional: Prontuário Terapêutico do INFARMED (11.ª ed., 2012)","DailyMed/FDA (NIH/NLM) — approved Ketoconazole label: https://dailymed.nlm.nih.gov/dailymed/drugInfo.cfm?setid=f162e616-21b4-49b1-b437-15e21001a6f0 ; approved Atorvastatin label: https://dailymed.nlm.nih.gov/dailymed/drugInfo.cfm?setid=86841382-4229-4e03-958e-3ac22639efd4 — with additional reference: Prontuário Terapêutico do INFARMED, INFARMED (11th ed., 2012)",publicado,2026-08-04
atorvastatina_claritromicina,atorvastatina,claritromicina,moderate,Risco de miopatia e rabdomiólise. A Claritromicina aumenta os níveis de Atorvastatina.,Risk of myopathy and rhabdomyolysis. Clarithromycin raises Atorvastatin levels.,"Inibição do CYP3A4, via principal de metabolização da Atorvastatina.","Inhibition of CYP3A4, the main Atorvastatin metabolic pathway.",Suspender a estatina durante um tratamento curto com Claritromicina ou preferir Azitromicina.,Hold the statin during a short course of Clarithromycin or prefer Azithromycin.,"Sintomas musculares (dor, fraqueza, urina escura) durante e após o antibiótico.","Muscle symptoms (pain, weakness, dark urine) during and after the antibiotic.","Dor muscular intensa, fraqueza proximal, urina de cor escura (possível rabdomiólise).","Severe muscle pain, proximal weakness, dark-coloured urine (possible rhabdomyolysis).",DailyMed/FDA (NIH/NLM) — rótulo aprovado Claritromicina: https://dailymed.nlm.nih.gov/dailymed/drugInfo.cfm?setid=d836ae7e-fdbf-4dcb-a90d-ede1dcbc3e67 ; rótulo aprovado Atorvastatina: https://dailymed.nlm.nih.gov/dailymed/drugInfo.cfm?setid=86841382-4229-4e03-958e-3ac22639efd4,DailyMed/FDA (NIH/NLM) — approved Clarithromycin label: https://dailymed.nlm.nih.gov/dailymed/drugInfo.cfm?setid=d836ae7e-fdbf-4dcb-a90d-ede1dcbc3e67 ; approved Atorvastatin label: https://dailymed.nlm.nih.gov/dailymed/drugInfo.cfm?setid=86841382-4229-4e03-958e-3ac22639efd4,publicado,2026-03-15
atorvastatina_colchicina,atorvastatina,colchicina,moderate,Colchicina + estatina: risco aumentado de miopatia/rabdomiólise.,Colchicine + statin: increased risk of myopathy/rhabdomyolysis.,"Efeito aditivo sobre o músculo esquelético, sobretudo em doentes com função renal reduzida.","Additive effect on skeletal muscle, especially in patients with reduced renal function.",Vigiar sintomas musculares; considerar reduzir a dose de colchicina ou suspender a estatina.,Watch for muscle symptoms; consider reducing colchicine or stopping the statin.,CPK e função renal em doentes sintomáticos.,CPK and renal function in symptomatic patients.,"Mialgias, fraqueza muscular, urina escura.","Myalgia, muscle weakness, dark urine.","DailyMed (FDA) — rótulo aprovado Colchicina: https://dailymed.nlm.nih.gov/dailymed/drugInfo.cfm?setid=5ae87893-a065-468e-b8da-f1db86afcaef ; rótulo aprovado Atorvastatina: https://dailymed.nlm.nih.gov/dailymed/drugInfo.cfm?setid=fbd1c5da-67fb-4412-acb5-4d4c74a43654 — referência adicional: Prontuário Terapêutico do INFARMED (11.ª ed., 2012)","DailyMed (FDA) — approved Colchicine label: https://dailymed.nlm.nih.gov/dailymed/drugInfo.cfm?setid=5ae87893-a065-468e-b8da-f1db86afcaef ; approved Atorvastatin label: https://dailymed.nlm.nih.gov/dailymed/drugInfo.cfm?setid=fbd1c5da-67fb-4412-acb5-4d4c74a43654 — additional reference: Prontuário Terapêutico do INFARMED (11th ed., 2012)",publicado,
atorvastatina_daptomicina,atorvastatina,daptomicina,moderate,A associação de Daptomicina com Atorvastatina (estatina) aumenta o risco de miopatia e rabdomiólise.,Combining Daptomycin with Atorvastatin (statin) increases the risk of myopathy and rhabdomyolysis.,A Daptomicina e os inibidores da HMG-CoA redutase (estatinas) podem causar miopatia; o efeito aditivo potencia a lesão muscular e o risco de rabdomiólise.,Daptomycin and HMG-CoA reductase inhibitors (statins) can both cause myopathy; the additive effect potentiates muscle injury and the risk of rhabdomyolysis.,Considerar suspender a estatina durante a terapêutica com daptomicina ou escolher uma alternativa; vigiar sintomas musculares.,Consider holding the statin during daptomycin therapy or choosing an alternative; watch for muscle symptoms.,"Monitorizar CPK, sintomas de miopatia (dores, fraqueza muscular) e função renal.","Monitor CPK, myopathy symptoms (muscle pain, weakness) and renal function.","Mialgia intensa, fraqueza, urina escura ou CPK muito elevada impõem suspensão e avaliação imediata.","Severe myalgia, weakness, dark urine or markedly elevated CPK require discontinuation and immediate evaluation.","DailyMed/FDA (NIH/NLM) — rótulo aprovado Daptomicina: https://dailymed.nlm.nih.gov/dailymed/drugInfo.cfm?setid=f4ad8613-f25e-4b82-9621-cc5ff9525d3e ; rótulo aprovado Atorvastatina: https://dailymed.nlm.nih.gov/dailymed/drugInfo.cfm?setid=86841382-4229-4e03-958e-3ac22639efd4 — com referência adicional: Prontuário Terapêutico do INFARMED (11.ª ed., 2012)","DailyMed/FDA (NIH/NLM) — approved Daptomycin label: https://dailymed.nlm.nih.gov/dailymed/drugInfo.cfm?setid=f4ad8613-f25e-4b82-9621-cc5ff9525d3e ; approved Atorvastatin label: https://dailymed.nlm.nih.gov/dailymed/drugInfo.cfm?setid=86841382-4229-4e03-958e-3ac22639efd4 — with additional reference: Prontuário Terapêutico do INFARMED, INFARMED (11th ed., 2012)",publicado,2026-08-04
atorvastatina_eritromicina,atorvastatina,eritromicina,moderate,"A Eritromicina inibe o CYP3A4 que metaboliza a Atorvastatina, aumentando as suas concentrações e o risco de miopatia e rabdomiólise.","Erythromycin inhibits the CYP3A4 that metabolizes Atorvastatin, raising atorvastatin levels and the risk of myopathy and rhabdomyolysis.","A Eritromicina é um inibidor do citocromo CYP3A4; a Atorvastatina é substrato deste CYP. A inibição enzimática eleva os níveis da estatina e aumenta o risco de toxicidade muscular, sobretudo com doses altas.","Erythromycin is a CYP3A4 inhibitor; Atorvastatin is a substrate of this CYP. Enzymatic inhibition raises statin levels and the risk of muscle toxicity, especially at higher doses.","Evitar a associação; se necessária, escolher um macrólido que não iniba o CYP3A4 (ex.: azitromicina, quando adequado) ou suspender temporariamente a estatina.","Avoid the combination; if needed, choose a macrolide that does not inhibit CYP3A4 (e.g. azithromycin, when appropriate) or temporarily hold the statin.","Vigiar sintomas musculares (dores, fraqueza, cãibras), CPK e coloração escura da urina durante e após a associação.","Watch for muscle symptoms (pain, weakness, cramps), CPK and dark urine during and after the combination.","Mialgia intensa, fraqueza muscular, urina escura ou CPK muito elevada impõem a suspensão imediata da estatina.","Severe myalgia, muscle weakness, dark urine or markedly elevated CPK require immediate statin discontinuation.","DailyMed/FDA (NIH/NLM) — rótulo aprovado Eritromicina: https://dailymed.nlm.nih.gov/dailymed/drugInfo.cfm?setid=49b3ca93-43cc-439c-8f5d-e3ea2e87ad2f ; rótulo aprovado Atorvastatina: https://dailymed.nlm.nih.gov/dailymed/drugInfo.cfm?setid=86841382-4229-4e03-958e-3ac22639efd4 — com referência adicional: Prontuário Terapêutico do INFARMED (11.ª ed., 2012)","DailyMed/FDA (NIH/NLM) — approved Erythromycin label: https://dailymed.nlm.nih.gov/dailymed/drugInfo.cfm?setid=49b3ca93-43cc-439c-8f5d-e3ea2e87ad2f ; approved Atorvastatin label: https://dailymed.nlm.nih.gov/dailymed/drugInfo.cfm?setid=86841382-4229-4e03-958e-3ac22639efd4 — with additional reference: Prontuário Terapêutico do INFARMED, INFARMED (11th ed., 2012)",publicado,2026-08-04
atorvastatina_fluconazol,atorvastatina,fluconazol,moderate,"O Fluconazol aumenta os níveis da Atorvastatina (inibição do CYP3A4), com risco de miopatia.","Fluconazole raises Atorvastatin levels (CYP3A4 inhibition), with a risk of myopathy.","Inibição moderada do CYP3A4 pelo fluconazol, reduzindo o metabolismo da atorvastatina.",Moderate CYP3A4 inhibition by fluconazole reduces atorvastatin metabolism.,Vigiar sintomas musculares e CK; considerar estatina alternativa ou dose ajustada.,Watch for muscle symptoms and CK; consider an alternative statin or adjusted dose.,"Creatina-quinase (CK), mialgias, fraqueza.","Creatine kinase (CK), myalgia, weakness.","Dor muscular intensa, urina escura.","Severe muscle pain, dark urine.","DailyMed/FDA (NIH/NLM) — rótulo aprovado Fluconazol: https://dailymed.nlm.nih.gov/dailymed/drugInfo.cfm?setid=7961c029-746c-48c3-888b-8f8344102873 ; rótulo aprovado Atorvastatina: https://dailymed.nlm.nih.gov/dailymed/drugInfo.cfm?setid=86841382-4229-4e03-958e-3ac22639efd4 — com referência adicional: Prontuário Terapêutico do INFARMED (11.ª ed., 2012)","DailyMed/FDA (NIH/NLM) — approved Fluconazole label: https://dailymed.nlm.nih.gov/dailymed/drugInfo.cfm?setid=7961c029-746c-48c3-888b-8f8344102873 ; approved Atorvastatin label: https://dailymed.nlm.nih.gov/dailymed/drugInfo.cfm?setid=86841382-4229-4e03-958e-3ac22639efd4 — with additional reference: Prontuário Terapêutico do INFARMED, INFARMED (11th ed., 2012)",publicado,2026-08-04
atorvastatina_itraconazol,atorvastatina,itraconazol,moderate,"O Itraconazol (inibidor potente do CYP3A4) aumenta os níveis da Atorvastatina, com risco de miopatia e rabdomiólise.","Itraconazole (a potent CYP3A4 inhibitor) raises Atorvastatin levels, increasing the risk of myopathy and rhabdomyolysis.","Inibição do CYP3A4 pelo itraconazol, reduzindo o metabolismo de primeira passagem da atorvastatina e aumentando a sua exposição.","CYP3A4 inhibition by itraconazole reduces first-pass atorvastatin metabolism, increasing its exposure.","Preferir estatina não metabolizada pelo CYP3A4 (pravastatina, rosuvastatina) ou suspender o itraconazol; caso contrário, usar dose mínima de atorvastatina com vigilância.","Prefer a non-CYP3A4 statin (pravastatin, rosuvastatin) or stop itraconazole; otherwise use the lowest atorvastatin dose with monitoring.","Creatina-quinase (CK), sintomas musculares (mialgias, fraqueza, urina escura).","Creatine kinase (CK), muscle symptoms (myalgia, weakness, dark urine).","Dor muscular intensa, fraqueza, urina de cor escura (rabdomiólise).","Severe muscle pain, weakness, dark-coloured urine (rhabdomyolysis).","DailyMed/FDA (NIH/NLM) — rótulo aprovado Itraconazol: https://dailymed.nlm.nih.gov/dailymed/drugInfo.cfm?setid=a4d555fa-787c-40fb-bb7d-b0d4f7318fd0 ; rótulo aprovado Atorvastatina: https://dailymed.nlm.nih.gov/dailymed/drugInfo.cfm?setid=86841382-4229-4e03-958e-3ac22639efd4 — com referência adicional: Prontuário Terapêutico do INFARMED (11.ª ed., 2012)","DailyMed/FDA (NIH/NLM) — approved Itraconazole label: https://dailymed.nlm.nih.gov/dailymed/drugInfo.cfm?setid=a4d555fa-787c-40fb-bb7d-b0d4f7318fd0 ; approved Atorvastatin label: https://dailymed.nlm.nih.gov/dailymed/drugInfo.cfm?setid=86841382-4229-4e03-958e-3ac22639efd4 — with additional reference: Prontuário Terapêutico do INFARMED, INFARMED (11th ed., 2012)",publicado,2026-08-04
atorvastatina_rifabutina,atorvastatina,rifabutina,moderate,A Rifabutina reduz os níveis de Atorvastatina — menor efeito hipolipemiante.,Rifabutin lowers Atorvastatin levels — reduced lipid-lowering effect.,"Indução do CYP3A4 (mais fraca que a rifampicina, mas significativa).","CYP3A4 induction (weaker than rifampin, but significant).",Monitorizar os lípidos e ajustar a dose.,Monitor lipids and adjust the dose.,Perfil lipídico.,Lipid profile.,LDL elevado.,High LDL.,DailyMed/FDA (NIH/NLM) — rótulo aprovado Rifabutina: https://dailymed.nlm.nih.gov/dailymed/drugInfo.cfm?setid=c2026b67-4755-4236-96b6-a6b5e7399707 ; rótulo aprovado Atorvastatina: https://dailymed.nlm.nih.gov/dailymed/drugInfo.cfm?setid=86841382-4229-4e03-958e-3ac22639efd4,DailyMed/FDA (NIH/NLM) — approved Rifabutin label: https://dailymed.nlm.nih.gov/dailymed/drugInfo.cfm?setid=c2026b67-4755-4236-96b6-a6b5e7399707 ; approved Atorvastatin label: https://dailymed.nlm.nih.gov/dailymed/drugInfo.cfm?setid=86841382-4229-4e03-958e-3ac22639efd4,publicado,2026-08-03
atorvastatina_rifampicina,atorvastatina,rifampicina,moderate,A Rifampicina reduz muito os níveis de Atorvastatina — perda do efeito hipolipemiante.,Rifampin greatly reduces Atorvastatin levels — loss of the lipid-lowering effect.,"Indução do CYP3A4, via principal de metabolização da Atorvastatina.","CYP3A4 induction, the main Atorvastatin metabolic pathway.",Considerar outra estatina ou ajustar a dose vigiando os lípidos.,Consider another statin or adjust the dose while monitoring lipids.,Perfil lipídico.,Lipid profile.,Elevação do LDL apesar da terapêutica.,Rising LDL despite therapy.,DailyMed/FDA (NIH/NLM) — rótulo aprovado Rifampicina: https://dailymed.nlm.nih.gov/dailymed/drugInfo.cfm?setid=b389b1a3-672f-47e3-916c-4a9c044b211b ; rótulo aprovado Atorvastatina: https://dailymed.nlm.nih.gov/dailymed/drugInfo.cfm?setid=86841382-4229-4e03-958e-3ac22639efd4,DailyMed/FDA (NIH/NLM) — approved Rifampin label: https://dailymed.nlm.nih.gov/dailymed/drugInfo.cfm?setid=b389b1a3-672f-47e3-916c-4a9c044b211b ; approved Atorvastatin label: https://dailymed.nlm.nih.gov/dailymed/drugInfo.cfm?setid=86841382-4229-4e03-958e-3ac22639efd4,publicado,2026-08-03
atorvastatina_ritonavir,atorvastatina,ritonavir,moderate,"A associação de Ritonavir com Atorvastatina aumenta as concentrações de Atorvastatina, com risco acrescido de miopatia e rabdomiólise.","Combining Ritonavir with Atorvastatin increases Atorvastatin concentrations, with an increased risk of myopathy and rhabdomyolysis.","Ritonavir, ao inibir o CYP3A4, reduz o metabolismo da Atorvastatina (substrato do CYP3A4), elevando a sua exposição e o risco de toxicidade muscular.","By inhibiting CYP3A4, Ritonavir reduces the metabolism of Atorvastatin (a CYP3A4 substrate), raising its exposure and the risk of muscular toxicity.","Limitar a dose de Atorvastatina a 20 mg/dia durante o uso de Ritonavir, ou selecionar uma estatina menos dependente do CYP3A4 (por exemplo pravastatina).","Limit Atorvastatin to 20 mg/day during Ritonavir use, or choose a statin less dependent on CYP3A4 (e.g. pravastatin).","Vigiar sintomas musculares (mialgias, fraqueza, urina escura) e, se sintomático, doseamento da creatina quinase.","Watch for muscle symptoms (myalgia, weakness, dark urine) and, if symptomatic, check creatine kinase.","Mialgia intensa, fraqueza proximal ou urina acastanhada impõem suspensão da estatina e avaliação médica.","Severe myalgia, proximal weakness or brown urine require stopping the statin and medical evaluation.","DailyMed/FDA (NIH/NLM) — rótulo aprovado Ritonavir: https://dailymed.nlm.nih.gov/dailymed/drugInfo.cfm?setid=2849298e-de6e-47bb-8194-56e075b33fc3 ; rótulo aprovado Atorvastatina: https://dailymed.nlm.nih.gov/dailymed/drugInfo.cfm?setid=86841382-4229-4e03-958e-3ac22639efd4 — com referência adicional: Prontuário Terapêutico do INFARMED (11.ª ed., 2012)","DailyMed/FDA (NIH/NLM) — approved Ritonavir label: https://dailymed.nlm.nih.gov/dailymed/drugInfo.cfm?setid=2849298e-de6e-47bb-8194-56e075b33fc3 ; approved Atorvastatin label: https://dailymed.nlm.nih.gov/dailymed/drugInfo.cfm?setid=86841382-4229-4e03-958e-3ac22639efd4 — with additional reference: Prontuário Terapêutico do INFARMED, INFARMED (11th ed., 2012)",publicado,2026-08-04
atorvastatina_voriconazol,atorvastatina,voriconazol,moderate,"O Voriconazol aumenta os níveis da Atorvastatina, com risco de miopatia e rabdomiólise.","Voriconazole raises Atorvastatin levels, with a risk of myopathy and rhabdomyolysis.","Inibição do CYP3A4 pelo voriconazol, reduzindo o metabolismo da atorvastatina.",CYP3A4 inhibition by voriconazole reduces atorvastatin metabolism.,Vigiar sintomas musculares e CK; considerar estatina alternativa ou dose reduzida.,Watch for muscle symptoms and CK; consider an alternative statin or reduced dose.,"Creatina-quinase (CK), mialgias, fraqueza.","Creatine kinase (CK), myalgia, weakness.","Dor muscular intensa, urina escura.","Severe muscle pain, dark urine.","DailyMed/FDA (NIH/NLM) — rótulo aprovado Voriconazol: https://dailymed.nlm.nih.gov/dailymed/drugInfo.cfm?setid=f6a1a792-141b-42e8-8bd1-884e4408eb8a ; rótulo aprovado Atorvastatina: https://dailymed.nlm.nih.gov/dailymed/drugInfo.cfm?setid=86841382-4229-4e03-958e-3ac22639efd4 — com referência adicional: Prontuário Terapêutico do INFARMED (11.ª ed., 2012)","DailyMed/FDA (NIH/NLM) — approved Voriconazole label: https://dailymed.nlm.nih.gov/dailymed/drugInfo.cfm?setid=f6a1a792-141b-42e8-8bd1-884e4408eb8a ; approved Atorvastatin label: https://dailymed.nlm.nih.gov/dailymed/drugInfo.cfm?setid=86841382-4229-4e03-958e-3ac22639efd4 — with additional reference: Prontuário Terapêutico do INFARMED, INFARMED (11th ed., 2012)",publicado,2026-08-04
atovaquona-proguanil_warfarina,atovaquona-proguanil,warfarina,moderate,O Proguanil pode potenciar o efeito anticoagulante da Warfarina.,Proguanil may enhance the anticoagulant effect of Warfarin.,Possível interação com o metabolismo hepático da Warfarina.,Possible interaction with hepatic Warfarin metabolism.,Monitorizar o INR ao iniciar/parar e ajustar a dose.,Monitor the INR on starting/stopping and adjust the dose.,INR e sinais de hemorragia.,INR and signs of bleeding.,"Hemorragias, equimoses, fezes escuras.","Bleeding, bruising, dark stools.",DailyMed/FDA (NIH/NLM) — rótulo aprovado Atovaquona + Proguanil: https://dailymed.nlm.nih.gov/dailymed/drugInfo.cfm?setid=fc22e8d8-3bfb-4f70-a599-dd81262a4887 ; rótulo aprovado Warfarina: https://dailymed.nlm.nih.gov/dailymed/drugInfo.cfm?setid=541c9a70-adaf-4ef3-94ba-ad4e70dfa057,DailyMed/FDA (NIH/NLM) — approved Atovaquone + Proguanil label: https://dailymed.nlm.nih.gov/dailymed/drugInfo.cfm?setid=fc22e8d8-3bfb-4f70-a599-dd81262a4887 ; approved Warfarin label: https://dailymed.nlm.nih.gov/dailymed/drugInfo.cfm?setid=541c9a70-adaf-4ef3-94ba-ad4e70dfa057,publicado,2026-08-03
azatioprina_febuxostat,azatioprina,febuxostat,critical,Inibidor da xantina-oxidase + azatioprina: risco de mielossupressão grave e potencialmente fatal.,"Xanthine oxidase inhibitor + azathioprine: risk of severe, potentially fatal marrow suppression.","O febuxostat (como o alopurinol) inibe a xantina-oxidase, enzima que degrada o 6-mercaptopurina ativo da azatioprina; os níveis sobem de forma acentuada.","Febuxostat (like allopurinol) inhibits xanthine oxidase, the enzyme that degrades the active 6-mercaptopurine from azathioprine; levels rise markedly.",Associação contraindicada. Reduzir a dose de azatioprina em cerca de 75% apenas se for clinicamente imprescindível e com monitorização apertada de hemograma.,"Combination contraindicated. Reduce azathioprine dose by about 75% only if clinically essential, with tight full blood count monitoring.",Hemograma semanal nas primeiras semanas de associação.,Weekly full blood count in the first weeks of the combination.,"Febre, infeções graves, pancitopenia, hemorragia.","Fever, severe infections, pancytopenia, bleeding.","DailyMed (FDA) — rótulo aprovado Azatioprina: https://dailymed.nlm.nih.gov/dailymed/drugInfo.cfm?setid=5116b22b-1460-5535-e063-6394a90acbe5 ; rótulo aprovado Febuxostat: https://dailymed.nlm.nih.gov/dailymed/drugInfo.cfm?setid=f2c338dc-5bab-49f4-a4ac-d8dea8afeea5 — referência adicional: Prontuário Terapêutico do INFARMED (11.ª ed., 2012)","DailyMed (FDA) — approved Azathioprine label: https://dailymed.nlm.nih.gov/dailymed/drugInfo.cfm?setid=5116b22b-1460-5535-e063-6394a90acbe5 ; approved Febuxostat label: https://dailymed.nlm.nih.gov/dailymed/drugInfo.cfm?setid=f2c338dc-5bab-49f4-a4ac-d8dea8afeea5 — additional reference: Prontuário Terapêutico do INFARMED (11th ed., 2012)",publicado,
azatioprina_mesalazina,azatioprina,mesalazina,moderate,A mesalazina pode potenciar a mielossupressão da azatioprina (inibição da TPMT).,Mesalazine may potentiate azathioprine myelosuppression (TPMT inhibition).,"A mesalazina inibe a tiopurina metiltransferase (TPMT), aumentando os níveis de 6-tioguanina ativa.","Mesalazine inhibits thiopurine methyltransferase (TPMT), raising active 6-thioguanine levels.",Monitorizar o hemograma com regularidade; vigiar sinais de infeção e equimoses.,Monitor the blood count regularly; watch for infection and bruising.,"Hemograma completo periódico, sobretudo nas primeiras semanas.","Periodic full blood count, especially in the first weeks.","Leucopenia, trombocitopenia, infeções graves.","Leucopenia, thrombocytopenia, serious infections.","DailyMed (FDA) — rótulo aprovado Mesalazina: https://dailymed.nlm.nih.gov/dailymed/drugInfo.cfm?setid=47b5d1ee-b439-4ccb-9b01-c0875ccd748a ; rótulo aprovado Azatioprina: https://dailymed.nlm.nih.gov/dailymed/drugInfo.cfm?setid=5116b22b-1460-5535-e063-6394a90acbe5 — referência adicional: Prontuário Terapêutico do INFARMED (11.ª ed., 2012)","DailyMed (FDA) — approved Mesalazine label: https://dailymed.nlm.nih.gov/dailymed/drugInfo.cfm?setid=47b5d1ee-b439-4ccb-9b01-c0875ccd748a ; approved Azathioprine label: https://dailymed.nlm.nih.gov/dailymed/drugInfo.cfm?setid=5116b22b-1460-5535-e063-6394a90acbe5 — additional reference: Prontuário Terapêutico do INFARMED (11th ed., 2012)",publicado,
azatioprina_sulfassalazina,azatioprina,sulfassalazina,moderate,"A sulfassalazina, como a mesalazina, pode inibir a TPMT e aumentar a toxicidade da azatioprina.","Sulfasalazine, like mesalazine, may inhibit TPMT and increase azathioprine toxicity.",Inibição da TPMT pela sulfassalazina com aumento dos metabolitos ativos da azatioprina.,TPMT inhibition by sulfasalazine with increased active azathioprine metabolites.,Monitorizar hemograma e dose de azatioprina.,Monitor blood count and azathioprine dose.,Hemograma periódico.,Periodic blood count.,Mielossupressão.,Myelosuppression.,"DailyMed (FDA) — rótulo aprovado Sulfassalazina: https://dailymed.nlm.nih.gov/dailymed/drugInfo.cfm?setid=d967092f-9685-446b-b7b8-17821e29417b ; rótulo aprovado Azatioprina: https://dailymed.nlm.nih.gov/dailymed/drugInfo.cfm?setid=5116b22b-1460-5535-e063-6394a90acbe5 — referência adicional: Prontuário Terapêutico do INFARMED (11.ª ed., 2012)","DailyMed (FDA) — approved Sulfasalazine label: https://dailymed.nlm.nih.gov/dailymed/drugInfo.cfm?setid=d967092f-9685-446b-b7b8-17821e29417b ; approved Azathioprine label: https://dailymed.nlm.nih.gov/dailymed/drugInfo.cfm?setid=5116b22b-1460-5535-e063-6394a90acbe5 — additional reference: Prontuário Terapêutico do INFARMED (11th ed., 2012)",publicado,
azitromicina_digoxina,azitromicina,digoxina,moderate,"A Azitromicina pode aumentar os níveis plasmáticos de Digoxina por inibição da glicoproteína-P, com risco de toxicidade digitálica.","Azithromycin may raise plasma Digoxin levels by inhibiting P-glycoprotein, with a risk of digitalis toxicity.","A Azitromicina inibe a glicoproteína-P, transportador de efluxo que elimina a Digoxina; a inibição eleva a concentração sérica da digoxina e pode desencadear toxicidade digitálica.","Azithromycin inhibits P-glycoprotein, the efflux transporter that clears Digoxin; inhibition raises serum digoxin and may trigger digitalis toxicity.","Vigiar sinais de toxicidade digitálica e, se possível, doseamentos séricos de digoxina durante a associação.","Watch for digitalis toxicity and, when possible, check serum digoxin levels during the combination.","Monitorizar náuseas, anorexia, perturbações visuais, bradicardia/arritmias e níveis de digoxina e potássio.","Monitor nausea, anorexia, visual disturbances, bradycardia/arrhythmias and digoxin and potassium levels.","Bradiarritmias, náuseas persistentes, confusão ou alterações visuais requerem avaliação imediata.","Bradyarrhythmias, persistent nausea, confusion or visual changes require immediate evaluation.",DailyMed/FDA (NIH/NLM) — rótulo aprovado Azitromicina: https://dailymed.nlm.nih.gov/dailymed/drugInfo.cfm?setid=db52b91e-79f7-4cc1-9564-f2eee8e31c45 ; rótulo aprovado Digoxina: https://dailymed.nlm.nih.gov/dailymed/drugInfo.cfm?setid=5886e233-b2da-4acb-be05-9bf40fb8e7f4,DailyMed/FDA (NIH/NLM) — approved Azithromycin label: https://dailymed.nlm.nih.gov/dailymed/drugInfo.cfm?setid=db52b91e-79f7-4cc1-9564-f2eee8e31c45 ; approved Digoxin label: https://dailymed.nlm.nih.gov/dailymed/drugInfo.cfm?setid=5886e233-b2da-4acb-be05-9bf40fb8e7f4,publicado,2026-08-04
azitromicina_warfarina,azitromicina,warfarina,moderate,"A Azitromicina pode potenciar o efeito anticoagulante da Varfarina, com aumento do INR e risco hemorrágico (efeito variável e por vezes retardado).","Azithromycin may potentiate the anticoagulant effect of Warfarin, raising the INR and the bleeding risk (variable and sometimes delayed effect).","Mecanismo não totalmente esclarecido; a Azitromicina parece alterar o metabolismo ou a flora intestinal, potenciando o efeito anticoagulante da Varfarina, habitualmente nos primeiros dias ou semanas de associação.","Mechanism not fully established; Azithromycin appears to alter metabolism or gut flora, potentiating Warfarin anticoagulation, usually within the first days or weeks of combined use.",Vigiar o INR e ajustar a varfarina conforme necessário; vigiar sinais hemorrágicos durante e após a associação.,Monitor the INR and adjust warfarin as needed; watch for bleeding signs during and after the combination.,Monitorizar o INR com maior frequência e sinais de hemorragia durante a terapêutica.,Monitor the INR more frequently and watch for bleeding signs during therapy.,"Sangramento, INR elevado ou hematomas espontâneos exigem avaliação urgente.","Bleeding, an elevated INR or spontaneous bruising require urgent evaluation.",DailyMed/FDA (NIH/NLM) — rótulo aprovado Azitromicina: https://dailymed.nlm.nih.gov/dailymed/drugInfo.cfm?setid=db52b91e-79f7-4cc1-9564-f2eee8e31c45 ; rótulo aprovado Varfarina: https://dailymed.nlm.nih.gov/dailymed/drugInfo.cfm?setid=541c9a70-adaf-4ef3-94ba-ad4e70dfa057,DailyMed/FDA (NIH/NLM) — approved Azithromycin label: https://dailymed.nlm.nih.gov/dailymed/drugInfo.cfm?setid=db52b91e-79f7-4cc1-9564-f2eee8e31c45 ; approved Warfarin label: https://dailymed.nlm.nih.gov/dailymed/drugInfo.cfm?setid=541c9a70-adaf-4ef3-94ba-ad4e70dfa057,publicado,2026-08-04
bedaquilina_ciprofloxacina,bedaquilina,ciprofloxacina,moderate,Prolongamento do QT aditivo entre Bedaquilina e Ciprofloxacina.,Additive QT prolongation between Bedaquiline and Ciprofloxacin.,Efeito aditivo na repolarização cardíaca.,Additive effect on cardiac repolarisation.,Precaução; ECG se fatores de risco.,Caution; ECG if risk factors.,ECG (QTc).,ECG (QTc).,"Palpitações, síncope.","Palpitations, syncope.",DailyMed/FDA (NIH/NLM) — rótulo aprovado Bedaquilina: https://dailymed.nlm.nih.gov/dailymed/drugInfo.cfm?setid=1534c9ae-4948-4cf4-9f66-222a99db6d0e ; rótulo aprovado Ciprofloxacina: https://dailymed.nlm.nih.gov/dailymed/drugInfo.cfm?setid=14c3bc33-201d-492e-9aee-a4d84c813a3d,DailyMed/FDA (NIH/NLM) — approved Bedaquiline label: https://dailymed.nlm.nih.gov/dailymed/drugInfo.cfm?setid=1534c9ae-4948-4cf4-9f66-222a99db6d0e ; approved Ciprofloxacin label: https://dailymed.nlm.nih.gov/dailymed/drugInfo.cfm?setid=14c3bc33-201d-492e-9aee-a4d84c813a3d,publicado,2026-08-03
bedaquilina_claritromicina,bedaquilina,claritromicina,moderate,"A Claritromicina prolonga o QT e inibe o CYP3A4, elevando os níveis de Bedaquilina — risco acrescido de arritmias.","Clarithromycin prolongs the QT interval and inhibits CYP3A4, raising Bedaquiline levels — increased arrhythmia risk.",Inibição do metabolismo da bedaquilina e prolongamento do QT aditivo.,Bedaquiline metabolism inhibition and additive QT prolongation.,Evitar quando possível; ECG e vigilância.,Avoid when possible; ECG and surveillance.,ECG (QTc) e eletrólitos.,ECG (QTc) and electrolytes.,"Palpitações, síncope.","Palpitations, syncope.",DailyMed/FDA (NIH/NLM) — rótulo aprovado Bedaquilina: https://dailymed.nlm.nih.gov/dailymed/drugInfo.cfm?setid=1534c9ae-4948-4cf4-9f66-222a99db6d0e ; rótulo aprovado Claritromicina: https://dailymed.nlm.nih.gov/dailymed/drugInfo.cfm?setid=d836ae7e-fdbf-4dcb-a90d-ede1dcbc3e67,DailyMed/FDA (NIH/NLM) — approved Bedaquiline label: https://dailymed.nlm.nih.gov/dailymed/drugInfo.cfm?setid=1534c9ae-4948-4cf4-9f66-222a99db6d0e ; approved Clarithromycin label: https://dailymed.nlm.nih.gov/dailymed/drugInfo.cfm?setid=d836ae7e-fdbf-4dcb-a90d-ede1dcbc3e67,publicado,2026-08-03
bedaquilina_rifampicina,bedaquilina,rifampicina,moderate,A Rifampicina reduz substancialmente os níveis de Bedaquilina (cerca de 50%) — risco de falência e resistência na TB multirresistente.,Rifampin substantially lowers Bedaquiline levels (about 50%) — risk of failure and resistance in multidrug-resistant TB.,"Indução do CYP3A4, principal via de metabolização da Bedaquilina.","CYP3A4 induction, the main Bedaquiline metabolic pathway.","Evitar a coadministração; se inevitável, considerar monitorização farmacoterapêutica.","Avoid coadministration; if unavoidable, consider therapeutic drug monitoring.",Resposta microbiológica (cultura e baciloscopia).,Microbiological response (culture and smear).,"Persistência da positividade, resistência emergente.","Persistent positivity, emerging resistance.",DailyMed/FDA (NIH/NLM) — rótulo aprovado Bedaquilina: https://dailymed.nlm.nih.gov/dailymed/drugInfo.cfm?setid=1534c9ae-4948-4cf4-9f66-222a99db6d0e ; rótulo aprovado Rifampicina: https://dailymed.nlm.nih.gov/dailymed/drugInfo.cfm?setid=b389b1a3-672f-47e3-916c-4a9c044b211b,DailyMed/FDA (NIH/NLM) — approved Bedaquiline label: https://dailymed.nlm.nih.gov/dailymed/drugInfo.cfm?setid=1534c9ae-4948-4cf4-9f66-222a99db6d0e ; approved Rifampin label: https://dailymed.nlm.nih.gov/dailymed/drugInfo.cfm?setid=b389b1a3-672f-47e3-916c-4a9c044b211b,publicado,2026-08-03
budesonida_claritromicina,budesonida,claritromicina,moderate,"A claritromicina pode aumentar a exposição sistémica à budesonida inalada, potenciando efeitos corticoides.","Clarithromycin may increase systemic exposure to inhaled budesonide, potentiating corticosteroid effects.","A claritromicina inibe o CYP3A4, que metaboliza a budesonida.","Clarithromycin inhibits CYP3A4, which metabolises budesonide.",Vigiar sinais de excesso corticosteroide com uso prolongado da associação.,Monitor for signs of corticosteroid excess with prolonged use of the combination.,"Vigiar equimoses, glicemia e sinais de supressão suprarrenal em doentes de risco.","Monitor bruising, blood glucose and signs of adrenal suppression in at-risk patients.","Síndrome de Cushing, supressão suprarrenal.","Cushing's syndrome, adrenal suppression.","DailyMed (FDA) — rótulo aprovado Budesonida: https://dailymed.nlm.nih.gov/dailymed/drugInfo.cfm?setid=ae1105cd-69fc-4c15-937f-c535304341c2 ; rótulo aprovado Claritromicina: https://dailymed.nlm.nih.gov/dailymed/drugInfo.cfm?setid=d836ae7e-fdbf-4dcb-a90d-ede1dcbc3e67 — referência adicional: Prontuário Terapêutico do INFARMED (11.ª ed., 2012)","DailyMed (FDA) — approved Budesonide label: https://dailymed.nlm.nih.gov/dailymed/drugInfo.cfm?setid=ae1105cd-69fc-4c15-937f-c535304341c2 ; approved Clarithromycin label: https://dailymed.nlm.nih.gov/dailymed/drugInfo.cfm?setid=d836ae7e-fdbf-4dcb-a90d-ede1dcbc3e67 — additional reference: Prontuário Terapêutico do INFARMED (11th ed., 2012)",publicado,
bumetanida_digoxina,bumetanida,digoxina,moderate,A hipocalemia da bumetanida aumenta a toxicidade da digoxina.,Bumetanide-induced hypokalaemia increases digoxin toxicity.,A depleção de potássio pelo diurético de ansa sensibiliza o miocárdio para a digoxina.,Loop-diuretic potassium depletion sensitizes the myocardium to digoxin.,Monitorizar potássio e sinais de toxicidade digitálica.,Monitor potassium and digoxin toxicity signs.,"Potássio, níveis de digoxina, ECG.","Potassium, digoxin levels, ECG.",Arritmias ou bradicardia com náuseas.,Arrhythmia or bradycardia with nausea.,"DailyMed (FDA) — rótulo aprovado Bumetanida: https://dailymed.nlm.nih.gov/dailymed/drugInfo.cfm?setid=4a9229c8-89ba-423e-8e36-f56bc329ed38 ; rótulo aprovado Digoxina: https://dailymed.nlm.nih.gov/dailymed/drugInfo.cfm?setid=e61d2108-d871-44c0-b12a-2e61fbb56967 — referência adicional: Prontuário Terapêutico do INFARMED (11.ª ed., 2012)","DailyMed (FDA) — approved Bumetanide label: https://dailymed.nlm.nih.gov/dailymed/drugInfo.cfm?setid=4a9229c8-89ba-423e-8e36-f56bc329ed38 ; approved Digoxin label: https://dailymed.nlm.nih.gov/dailymed/drugInfo.cfm?setid=e61d2108-d871-44c0-b12a-2e61fbb56967 — additional reference: Prontuário Terapêutico do INFARMED (11th ed., 2012)",publicado,
bumetanida_espironolactona,bumetanida,espironolactona,moderate,Associação de diurético de ansa com poupador de potássio: risco de desequilíbrio eletrolítico.,Loop plus potassium-sparing diuretic: risk of electrolyte imbalance.,"Usados juntos para regular o potássio, o balanço depende da função renal.",Used together to manage potassium; balance depends on renal function.,Monitorizar eletrólitos; evitar na insuficiência renal avançada.,Monitor electrolytes; avoid in advanced renal failure.,"Potássio, creatinina, diurese.","Potassium, creatinine, diuresis.","Cãibras, arritmias ou hipotensão.","Cramps, arrhythmia or hypotension.","DailyMed (FDA) — rótulo aprovado Bumetanida: https://dailymed.nlm.nih.gov/dailymed/drugInfo.cfm?setid=4a9229c8-89ba-423e-8e36-f56bc329ed38 ; rótulo aprovado Espironolactona: https://dailymed.nlm.nih.gov/dailymed/drugInfo.cfm?setid=57d1c333-c229-54aa-e063-6394a90a84ce — referência adicional: Prontuário Terapêutico do INFARMED (11.ª ed., 2012)","DailyMed (FDA) — approved Bumetanide label: https://dailymed.nlm.nih.gov/dailymed/drugInfo.cfm?setid=4a9229c8-89ba-423e-8e36-f56bc329ed38 ; approved Spironolactone label: https://dailymed.nlm.nih.gov/dailymed/drugInfo.cfm?setid=57d1c333-c229-54aa-e063-6394a90a84ce — additional reference: Prontuário Terapêutico do INFARMED (11th ed., 2012)",publicado,
buprenorfina_itraconazol,buprenorfina,itraconazol,moderate,"O itraconazol aumenta as concentrações de buprenorfina, potenciando sedação e depressão respiratória.","Itraconazole increases buprenorphine concentrations, potentiating sedation and respiratory depression.",A buprenorfina é metabolizada pela CYP3A4; a inibição pelo itraconazol reduz o seu metabolismo.,Buprenorphine is metabolised by CYP3A4; inhibition by itraconazole reduces its metabolism.,Usar com precaução; considerar redução de dose e monitorização da sedação.,Use with caution; consider dose reduction and sedation monitoring.,"Sinais de sobredosagem opioide: miose, sedação, bradipneia.","Signs of opioid overdose: miosis, sedation, bradypnoea.",Depressão respiratória persistente exige avaliação urgente.,Persistent respiratory depression requires urgent assessment.,"DailyMed/FDA (NIH/NLM) — rótulo aprovado Buprenorfina: https://dailymed.nlm.nih.gov/dailymed/drugInfo.cfm?setid=713db2c6-0544-4633-b874-cfbeaf93db89 ; rótulo aprovado Itraconazol: https://dailymed.nlm.nih.gov/dailymed/drugInfo.cfm?setid=a4d555fa-787c-40fb-bb7d-b0d4f7318fd0 — com referência adicional: Prontuário Terapêutico do INFARMED (11.ª ed., 2012)","DailyMed/FDA (NIH/NLM) — approved Buprenorphine label: https://dailymed.nlm.nih.gov/dailymed/drugInfo.cfm?setid=713db2c6-0544-4633-b874-cfbeaf93db89 ; approved Itraconazole label: https://dailymed.nlm.nih.gov/dailymed/drugInfo.cfm?setid=a4d555fa-787c-40fb-bb7d-b0d4f7318fd0 — with additional reference: Prontuário Terapêutico do INFARMED (11th ed., 2012)",publicado,
buprenorfina_sertralina,buprenorfina,sertralina,moderate,A buprenorfina com sertralina aumenta o risco de síndrome serotoninérgica.,Buprenorphine with sertraline increases the risk of serotonin syndrome.,Ambos aumentam a serotonina no SNC; a buprenorfina associa-se também a depressão respiratória que a sertralina pode mascarar.,Both raise CNS serotonin; buprenorphine also causes respiratory depression that sertraline may mask.,Vigiar sinais de serotoninergismo; ajustar doses com precaução.,Monitor for serotonin excess; titrate doses with caution.,"Agitação, febre, tremores, hiperreflexia, clonias.","Agitation, fever, tremor, hyperreflexia, clonus.",Sinais de serotoninergismo grave exigem suspensão imediata e suporte.,Signs of severe serotonin excess require immediate withdrawal and supportive care.,"DailyMed/FDA (NIH/NLM) — rótulo aprovado Buprenorfina: https://dailymed.nlm.nih.gov/dailymed/drugInfo.cfm?setid=713db2c6-0544-4633-b874-cfbeaf93db89 ; rótulo aprovado Sertralina: https://dailymed.nlm.nih.gov/dailymed/drugInfo.cfm?setid=91e24d17-ff0a-449c-9472-b9df74c98456 — com referência adicional: Prontuário Terapêutico do INFARMED (11.ª ed., 2012)","DailyMed/FDA (NIH/NLM) — approved Buprenorphine label: https://dailymed.nlm.nih.gov/dailymed/drugInfo.cfm?setid=713db2c6-0544-4633-b874-cfbeaf93db89 ; approved Sertraline label: https://dailymed.nlm.nih.gov/dailymed/drugInfo.cfm?setid=91e24d17-ff0a-449c-9472-b9df74c98456 — with additional reference: Prontuário Terapêutico do INFARMED (11th ed., 2012)",publicado,
calcitriol_carbonato_calcio,calcitriol,carbonato_calcio,moderate,Calcitriol + cálcio: hipercalcémia aditiva (risco aumentado de toxicidade por vitamina D).,Calcitriol + calcium: additive hypercalcaemia (increased risk of vitamin D toxicity).,O calcitriol aumenta a absorção intestinal de cálcio; a associação com suplementos de cálcio eleva o cálcio sérico.,Calcitriol increases intestinal calcium absorption; combined with calcium supplements serum calcium rises.,Monitorizar cálcio sérico e fósforo; ajustar a suplementação.,Monitor serum calcium and phosphate; adjust supplementation.,Cálcio sérico (Ca × P) e sintomas de hipercalcémia.,Serum calcium (Ca × P) and hypercalcaemia symptoms.,"Náuseas, obstipação, fraqueza, nefrolitíase.","Nausea, constipation, weakness, nephrolithiasis.","DailyMed (FDA) — rótulo aprovado Calcitriol: https://dailymed.nlm.nih.gov/dailymed/drugInfo.cfm?setid=cdcaffc6-e14e-4607-b77b-fc78a8382f60 ; rótulo aprovado Carbonato de cálcio: https://dailymed.nlm.nih.gov/dailymed/drugInfo.cfm?setid=348d3dfa-6a52-4583-96e3-83c4bf2df45b — referência adicional: Prontuário Terapêutico do INFARMED (11.ª ed., 2012)","DailyMed (FDA) — approved Calcitriol label: https://dailymed.nlm.nih.gov/dailymed/drugInfo.cfm?setid=cdcaffc6-e14e-4607-b77b-fc78a8382f60 ; approved Calcium carbonate label: https://dailymed.nlm.nih.gov/dailymed/drugInfo.cfm?setid=348d3dfa-6a52-4583-96e3-83c4bf2df45b — additional reference: Prontuário Terapêutico do INFARMED (11th ed., 2012)",publicado,
calcitriol_colecalciferol,calcitriol,colecalciferol,moderate,Calcitriol + colecalciferol: efeito vitamina D aditivo com risco de hipercalcémia.,Calcitriol + cholecalciferol: additive vitamin D effect with risk of hypercalcaemia.,Ambos aumentam o cálcio sérico; a associação pode exceder o limiar terapêutico.,Both raise serum calcium; the combination may exceed the therapeutic threshold.,"Evitar a associação sem necessidade clínica; se usada, monitorizar cálcio.","Avoid the combination unless clinically needed; if used, monitor calcium.",Cálcio sérico (Ca × P).,Serum calcium (Ca × P).,"Hipercalcémia sintomática (náuseas, confusão, nefrolitíase).","Symptomatic hypercalcaemia (nausea, confusion, nephrolithiasis).","DailyMed (FDA) — rótulo aprovado Calcitriol: https://dailymed.nlm.nih.gov/dailymed/drugInfo.cfm?setid=cdcaffc6-e14e-4607-b77b-fc78a8382f60 ; rótulo aprovado Colecalciferol (vitamina D3): https://dailymed.nlm.nih.gov/dailymed/drugInfo.cfm?setid=3822c324-e22a-4ac4-ac1c-9b63983b516a — referência adicional: Prontuário Terapêutico do INFARMED (11.ª ed., 2012)","DailyMed (FDA) — approved Calcitriol label: https://dailymed.nlm.nih.gov/dailymed/drugInfo.cfm?setid=cdcaffc6-e14e-4607-b77b-fc78a8382f60 ; approved Cholecalciferol (vitamin D3) label: https://dailymed.nlm.nih.gov/dailymed/drugInfo.cfm?setid=3822c324-e22a-4ac4-ac1c-9b63983b516a — additional reference: Prontuário Terapêutico do INFARMED (11th ed., 2012)",publicado,
calcitriol_digoxina,calcitriol,digoxina,moderate,Calcitriol + digoxina: a hipercalcémia potenciada pelo calcitriol aumenta o risco de toxicidade digitálica.,Calcitriol + digoxin: calcitriol-enhanced hypercalcaemia increases the risk of digitalis toxicity.,O calcitriol aumenta a absorção de cálcio; a hipercalcémia sensibiliza o miocárdio à digoxina.,Calcitriol increases calcium absorption; hypercalcaemia sensitises the myocardium to digoxin.,Monitorizar calcemia e sinais de toxicidade digitálica; ajustar dose de digoxina se necessário.,Monitor serum calcium and signs of digoxin toxicity; adjust digoxin dose if needed.,"Calcemia, função renal, eletrocardiograma.","Serum calcium, renal function, ECG.","Náuseas, arritmias, visão a cores alterada, confusão.","Nausea, arrhythmias, altered colour vision, confusion.","DailyMed (FDA) — rótulo aprovado Calcitriol: https://dailymed.nlm.nih.gov/dailymed/drugInfo.cfm?setid=8465337c-86ca-ea9d-e053-2991aa0ab167 ; rótulo aprovado Digoxina: https://dailymed.nlm.nih.gov/dailymed/drugInfo.cfm?setid=e61d2108-d871-44c0-b12a-2e61fbb56967 — referência adicional: Prontuário Terapêutico do INFARMED (11.ª ed., 2012)","DailyMed (FDA) — approved Calcitriol label: https://dailymed.nlm.nih.gov/dailymed/drugInfo.cfm?setid=8465337c-86ca-ea9d-e053-2991aa0ab167 ; approved Digoxin label: https://dailymed.nlm.nih.gov/dailymed/drugInfo.cfm?setid=e61d2108-d871-44c0-b12a-2e61fbb56967 — additional reference: Prontuário Terapêutico do INFARMED (11th ed., 2012)",publicado,
calcitriol_furosemida,calcitriol,furosemida,minor,Calcitriol + diurético de ansa: efeitos contrários sobre a calcemia.,Calcitriol + loop diuretic: opposing effects on serum calcium.,"A furosemida aumenta a excreção renal de cálcio, contrariando em parte o efeito do calcitriol.","Furosemide increases renal calcium excretion, partially counteracting calcitriol.","Monitorizar calcemia se associação prolongada, especialmente em insuficiência renal.","Monitor serum calcium on prolonged combination, especially in renal impairment.",Calcemia na terapêutica prolongada.,Serum calcium on long-term therapy.,"Cãibras, parestesias (hipocalcémia).","Cramps, paraesthesia (hypocalcaemia).","DailyMed (FDA) — rótulo aprovado Calcitriol: https://dailymed.nlm.nih.gov/dailymed/drugInfo.cfm?setid=8465337c-86ca-ea9d-e053-2991aa0ab167 ; rótulo aprovado Furosemida: https://dailymed.nlm.nih.gov/dailymed/drugInfo.cfm?setid=6d9caaab-d874-4cf1-b9fe-408452a18998 — referência adicional: Prontuário Terapêutico do INFARMED (11.ª ed., 2012)","DailyMed (FDA) — approved Calcitriol label: https://dailymed.nlm.nih.gov/dailymed/drugInfo.cfm?setid=8465337c-86ca-ea9d-e053-2991aa0ab167 ; approved Furosemide label: https://dailymed.nlm.nih.gov/dailymed/drugInfo.cfm?setid=6d9caaab-d874-4cf1-b9fe-408452a18998 — additional reference: Prontuário Terapêutico do INFARMED (11th ed., 2012)",publicado,
calcitriol_hidroclorotiazida,calcitriol,hidroclorotiazida,moderate,Calcitriol + tiazida: risco de hipercalcémia (redução da excreção renal de cálcio).,Calcitriol + thiazide: risk of hypercalcaemia (reduced renal calcium excretion).,"As tiazidas reduzem a excreção urinária de cálcio, o que se adiciona ao efeito hipercalcémico do calcitriol.","Thiazides reduce urinary calcium excretion, adding to the hypercalcaemic effect of calcitriol.","Monitorizar calcemia, sobretudo nas primeiras semanas e em doentes com insuficiência renal.","Monitor serum calcium, especially in the first weeks and in renal impairment.",Calcemia e função renal periodicamente.,Serum calcium and renal function periodically.,"Poliúria, obstipação, confusão, litíase renal.","Polyuria, constipation, confusion, renal stones.","DailyMed (FDA) — rótulo aprovado Calcitriol: https://dailymed.nlm.nih.gov/dailymed/drugInfo.cfm?setid=8465337c-86ca-ea9d-e053-2991aa0ab167 ; rótulo aprovado Hidroclorotiazida: https://dailymed.nlm.nih.gov/dailymed/drugInfo.cfm?setid=0789baef-3424-43ab-a3fb-4908172da565 — referência adicional: Prontuário Terapêutico do INFARMED (11.ª ed., 2012)","DailyMed (FDA) — approved Calcitriol label: https://dailymed.nlm.nih.gov/dailymed/drugInfo.cfm?setid=8465337c-86ca-ea9d-e053-2991aa0ab167 ; approved Hydrochlorothiazide label: https://dailymed.nlm.nih.gov/dailymed/drugInfo.cfm?setid=0789baef-3424-43ab-a3fb-4908172da565 — additional reference: Prontuário Terapêutico do INFARMED (11th ed., 2012)",publicado,
captopril_litio,captopril,litio,moderate,"A associação de Lítio com Captopril aumenta as concentrações séricas de Lítio, com risco de toxicidade.","Combining Lithium with Captopril increases serum Lithium concentrations, with a risk of toxicity.","O Captopril, inibidor da enzima de conversão da angiotensina, reduz a excreção renal de Lítio, elevando os seus níveis.","Captopril, an angiotensin-converting enzyme inhibitor, reduces the renal excretion of Lithium, raising its levels.",Monitorizar os níveis de Lítio e a função renal durante a co-administração.,Monitor Lithium levels and renal function during co-administration.,Monitorizar os níveis de Lítio após a introdução do Captopril.,Monitor Lithium levels after starting Captopril.,Sinais de toxicidade do Lítio exigem suspensão e avaliação.,Signs of Lithium toxicity require discontinuation and evaluation.,"DailyMed/FDA (NIH/NLM) — rótulo aprovado Lítio: https://dailymed.nlm.nih.gov/dailymed/drugInfo.cfm?setid=0e6b0a2d-b79c-44d8-b785-5267df9e8f72 ; rótulo aprovado Captopril: https://dailymed.nlm.nih.gov/dailymed/drugInfo.cfm?setid=a43a5373-ded9-4912-8c98-edaec8352836 — com referência adicional: Prontuário Terapêutico do INFARMED (11.ª ed., 2012)","DailyMed/FDA (NIH/NLM) — approved Lithium label: https://dailymed.nlm.nih.gov/dailymed/drugInfo.cfm?setid=0e6b0a2d-b79c-44d8-b785-5267df9e8f72 ; approved Captopril label: https://dailymed.nlm.nih.gov/dailymed/drugInfo.cfm?setid=a43a5373-ded9-4912-8c98-edaec8352836 — with additional reference: Prontuário Terapêutico do INFARMED, INFARMED (11th ed., 2012)",publicado,2026-08-04
captopril_valsartana,captopril,valsartana,moderate,"Duplo bloqueio do eixo renina-angiotensina (IECA+ARA) com risco de hipotensão, hipercaliemia e declínio renal.","Dual RAAS blockade (ACE+ARB) with risk of hypotension, hyperkalaemia and renal decline.",O bloqueio reforçado do eixo remove a compensação renal e eleva o potássio.,Enhanced RAAS blockade removes renal compensation and raises potassium.,"Evitar a associação rotineira; se usada, monitorizar potássio, creatinina e TA.","Avoid routinely; if used, monitor potassium, creatinine and BP.","Potássio, creatinina, tensão arterial.","Potassium, creatinine, blood pressure.",Hipotensão ou hipercaliemia.,Hypotension or hyperkalaemia.,"DailyMed (FDA) — rótulo aprovado Valsartana: https://dailymed.nlm.nih.gov/dailymed/drugInfo.cfm?setid=1a8af3d9-4053-4233-82a7-e8c7bc9e302f ; rótulo aprovado Captopril: https://dailymed.nlm.nih.gov/dailymed/drugInfo.cfm?setid=563737c5-4d63-4957-8022-e3bc3112dfac — referência adicional: Prontuário Terapêutico do INFARMED (11.ª ed., 2012)","DailyMed (FDA) — approved Valsartan label: https://dailymed.nlm.nih.gov/dailymed/drugInfo.cfm?setid=1a8af3d9-4053-4233-82a7-e8c7bc9e302f ; approved Captopril label: https://dailymed.nlm.nih.gov/dailymed/drugInfo.cfm?setid=563737c5-4d63-4957-8022-e3bc3112dfac — additional reference: Prontuário Terapêutico do INFARMED (11th ed., 2012)",publicado,
carbamazepina_cetoconazol,carbamazepina,cetoconazol,moderate,"A Carbamazepina reduz as concentrados de Cetoconazol (indução) e o cetoconazol pode aumentar a carbamazepina (inibição), com efeitos recíprocos.",Carbamazepine lowers ketoconazole levels (induction) while ketoconazole can raise carbamazepine; reciprocal effects.,A carbamazepina induz o metabolismo do cetoconazol; o cetoconazol inibe o CYP3A4 reduzindo o metabolismo da carbamazepina.,"Carbamazepine induces ketoconazole metabolism; ketoconazole inhibits CYP3A4, reducing carbamazepine metabolism.",Monitorizar níveis de carbamazepina e resposta antifúngica; ajustar doses; considerar alternativa não indutora de CYP3A4.,Monitor carbamazepine levels and antifungal response; adjust doses; consider a non-CYP3A4-inducing alternative.,"Concentração de carbamazepina, sintomas de intoxicação (diplopia, nistagmo, ataxia), resposta à micose.","Carbamazepine concentration, toxicity symptoms (diplopia, nystagmus, ataxia), mycosis response.","Diplopia, nistagmo, ataxia, sonolência; ou agravamento da infeção fúngica.","Diplopia, nystagmus, ataxia, drowsiness; or worsening fungal infection.","DailyMed/FDA (NIH/NLM) — rótulo aprovado Cetoconazol: https://dailymed.nlm.nih.gov/dailymed/drugInfo.cfm?setid=f162e616-21b4-49b1-b437-15e21001a6f0 ; rótulo aprovado Carbamazepina: https://dailymed.nlm.nih.gov/dailymed/drugInfo.cfm?setid=9f3d91cd-a959-4e07-a51b-8a4e9ba9ece2 — com referência adicional: Prontuário Terapêutico do INFARMED (11.ª ed., 2012)","DailyMed/FDA (NIH/NLM) — approved Ketoconazole label: https://dailymed.nlm.nih.gov/dailymed/drugInfo.cfm?setid=f162e616-21b4-49b1-b437-15e21001a6f0 ; approved Carbamazepine label: https://dailymed.nlm.nih.gov/dailymed/drugInfo.cfm?setid=9f3d91cd-a959-4e07-a51b-8a4e9ba9ece2 — with additional reference: Prontuário Terapêutico do INFARMED, INFARMED (11th ed., 2012)",publicado,2026-08-04
carbamazepina_claritromicina,carbamazepina,claritromicina,critical,Toxicidade por Carbamazepina. A Claritromicina inibe o CYP3A4 e aumenta muito os níveis de Carbamazepina.,Carbamazepine toxicity. Clarithromycin inhibits CYP3A4 and greatly raises Carbamazepine levels.,"A Carbamazepina é metabolizada pelo CYP3A4, enzima fortemente inibida pela Claritromicina.","Carbamazepine is metabolised by CYP3A4, potently inhibited by Clarithromycin.",Evitar a associação; escolher um antibiótico alternativo ou monitorizar os níveis de Carbamazepina.,Avoid the combination; choose an alternative antibiotic or monitor Carbamazepine levels.,Carbamazepinemia e sinais de toxicidade nos primeiros dias.,Carbamazepine levels and toxicity signs in the first days.,"Nistagmo, diplopia, ataxia, sedação, náuseas.","Nystagmus, diplopia, ataxia, sedation, nausea.",DailyMed/FDA (NIH/NLM) — rótulo aprovado Claritromicina: https://dailymed.nlm.nih.gov/dailymed/drugInfo.cfm?setid=d836ae7e-fdbf-4dcb-a90d-ede1dcbc3e67 ; rótulo aprovado Carbamazepina: https://dailymed.nlm.nih.gov/dailymed/drugInfo.cfm?setid=9f3d91cd-a959-4e07-a51b-8a4e9ba9ece2,DailyMed/FDA (NIH/NLM) — approved Clarithromycin label: https://dailymed.nlm.nih.gov/dailymed/drugInfo.cfm?setid=d836ae7e-fdbf-4dcb-a90d-ede1dcbc3e67 ; approved Carbamazepine label: https://dailymed.nlm.nih.gov/dailymed/drugInfo.cfm?setid=9f3d91cd-a959-4e07-a51b-8a4e9ba9ece2,publicado,2026-04-02
carbamazepina_clozapina,carbamazepina,clozapina,moderate,"A associação de Clozapina com Carbamazepina aumenta o risco de agranulocitose, para além de reduzir as concentrações de Clozapina.",Combining Clozapine with Carbamazepine increases the risk of agranulocytosis and also lowers Clozapine concentrations.,"Ambos podem induzir discrasias sanguíneas; além disso, a Carbamazepina induz o metabolismo da Clozapina, reduzindo os seus níveis.","Both can induce blood dyscrasias; in addition, Carbamazepine induces Clozapine metabolism, lowering its levels.","Evitar a associação sempre que possível; se inevitável, monitorizar rigorosamente o hemograma.","Avoid the combination whenever possible; if unavoidable, strictly monitor the blood count.",Hemograma regular (leucócitos e neutrófilos) durante o uso conjunto.,Regular blood counts (white cells and neutrophils) during combined use.,"Febre, faringite ou infeção súbita com neutropenia exigem suspensão e avaliação imediata.","Fever, sore throat or sudden infection with neutropenia require discontinuation and immediate evaluation.","DailyMed/FDA (NIH/NLM) — rótulo aprovado Clozapina: https://dailymed.nlm.nih.gov/dailymed/drugInfo.cfm?setid=61fe53d5-ed5c-4e45-9189-709d08d386cb ; rótulo aprovado Carbamazepina: https://dailymed.nlm.nih.gov/dailymed/drugInfo.cfm?setid=9f3d91cd-a959-4e07-a51b-8a4e9ba9ece2 — com referência adicional: Prontuário Terapêutico do INFARMED (11.ª ed., 2012)","DailyMed/FDA (NIH/NLM) — approved Clozapine label: https://dailymed.nlm.nih.gov/dailymed/drugInfo.cfm?setid=61fe53d5-ed5c-4e45-9189-709d08d386cb ; approved Carbamazepine label: https://dailymed.nlm.nih.gov/dailymed/drugInfo.cfm?setid=9f3d91cd-a959-4e07-a51b-8a4e9ba9ece2 — with additional reference: Prontuário Terapêutico do INFARMED, INFARMED (11th ed., 2012)",publicado,2026-08-04
carbamazepina_colecalciferol,carbamazepina,colecalciferol,moderate,"Carbamazepina + vitamina D3: a carbamazepina acelera o metabolismo da vitamina D, com risco de deficiência.","Carbamazepine + vitamin D3: carbamazepine accelerates vitamin D metabolism, risking deficiency.",Os antiepiléticos indutores enzimáticos aumentam o catabolismo da vitamina D e do cálcio.,Enzyme-inducing antiepileptics increase vitamin D and calcium catabolism.,Considerar dose superior de vitamina D e monitorizar níveis/25(OH)D em doentes de risco.,Consider a higher vitamin D dose and monitor levels/25(OH)D in at-risk patients.,"25(OH)D, cálcio e densidade óssea em uso crónico.","25(OH)D, calcium and bone density in chronic use.","Défice de vitamina D, osteomalacia, fraturas.","Vitamin D deficiency, osteomalacia, fractures.","DailyMed (FDA) — rótulo aprovado Carbamazepina: https://dailymed.nlm.nih.gov/dailymed/drugInfo.cfm?setid=97e6e175-75e8-437b-b457-ddb1ae4e857d ; rótulo aprovado Colecalciferol (vitamina D3): https://dailymed.nlm.nih.gov/dailymed/drugInfo.cfm?setid=3822c324-e22a-4ac4-ac1c-9b63983b516a — referência adicional: Prontuário Terapêutico do INFARMED (11.ª ed., 2012)","DailyMed (FDA) — approved Carbamazepine label: https://dailymed.nlm.nih.gov/dailymed/drugInfo.cfm?setid=97e6e175-75e8-437b-b457-ddb1ae4e857d ; approved Cholecalciferol (vitamin D3) label: https://dailymed.nlm.nih.gov/dailymed/drugInfo.cfm?setid=3822c324-e22a-4ac4-ac1c-9b63983b516a — additional reference: Prontuário Terapêutico do INFARMED (11th ed., 2012)",publicado,
carbamazepina_dexametasona,carbamazepina,dexametasona,moderate,Corticosteroide + carbamazepina: indução do CYP3A4 reduz o efeito do corticosteroide.,Corticosteroid + carbamazepine: CYP3A4 induction reduces corticosteroid effect.,A carbamazepina (inductor do CYP3A4) acelera o metabolismo da dexametasona.,Carbamazepine (CYP3A4 inducer) accelerates dexamethasone metabolism.,Vigiar resposta clínica; pode ser necessário aumentar a dose do corticosteroide.,Watch clinical response; a higher corticosteroid dose may be needed.,Resposta clínica à terapêutica.,Clinical response to therapy.,Falta de controlo dos sintomas inflamatórios/alérgicos.,Lack of control of inflammatory/allergic symptoms.,"DailyMed (FDA) — rótulo aprovado Dexametasona: https://dailymed.nlm.nih.gov/dailymed/drugInfo.cfm?setid=7cbd9005-7df2-47ee-adb3-7244c1c69bc3 ; rótulo aprovado Carbamazepina: https://dailymed.nlm.nih.gov/dailymed/drugInfo.cfm?setid=97e6e175-75e8-437b-b457-ddb1ae4e857d — referência adicional: Prontuário Terapêutico do INFARMED (11.ª ed., 2012)","DailyMed (FDA) — approved Dexamethasone label: https://dailymed.nlm.nih.gov/dailymed/drugInfo.cfm?setid=7cbd9005-7df2-47ee-adb3-7244c1c69bc3 ; approved Carbamazepine label: https://dailymed.nlm.nih.gov/dailymed/drugInfo.cfm?setid=97e6e175-75e8-437b-b457-ddb1ae4e857d — additional reference: Prontuário Terapêutico do INFARMED (11th ed., 2012)",publicado,
carbamazepina_diidroartemisinina-piperaquina,carbamazepina,diidroartemisinina-piperaquina,moderate,A Carbamazepina (indutor) reduz os níveis de Piperaquina e Dihidroartemisinina — risco de falência do tratamento.,Carbamazepine (an inducer) lowers Piperaquine and Dihydroartemisinin levels — risk of treatment failure.,Indução enzimática (CYP3A4) que acelera o metabolismo dos componentes do ACT.,Enzymatic induction (CYP3A4) accelerating metabolism of the ACT components.,Considerar um ACT alternativo e confirmar a cura parasitológica.,Consider an alternative ACT and confirm parasitological cure.,Resposta clínica e parasitológica.,Clinical and parasitological response.,Febre persistente ou recorrente.,Persistent or recurrent fever.,EMA — EPAR Eurartesim (dihidroartemisinina + piperaquina): https://www.ema.europa.eu/en/medicines/human/EPAR/eurartesim ; DailyMed/FDA (NIH/NLM) — rótulo aprovado Carbamazepina: https://dailymed.nlm.nih.gov/dailymed/drugInfo.cfm?setid=9f3d91cd-a959-4e07-a51b-8a4e9ba9ece2,EMA — EPAR Eurartesim (dihydroartemisinin + piperaquine): https://www.ema.europa.eu/en/medicines/human/EPAR/eurartesim ; DailyMed/FDA (NIH/NLM) — approved Carbamazepine label: https://dailymed.nlm.nih.gov/dailymed/drugInfo.cfm?setid=9f3d91cd-a959-4e07-a51b-8a4e9ba9ece2,publicado,2026-08-03
carbamazepina_efavirenz,carbamazepina,efavirenz,moderate,"A associação de Efavirenz com Carbamazepina reduz as concentrações de ambos os fármacos, com risco de falência no controlo da epilepsia e do VIH.","Combining Efavirenz with Carbamazepine reduces the concentrations of both drugs, risking failure in controlling epilepsy and HIV.","Efavirenz induz o metabolismo da Carbamazepina e a Carbamazepina induz o metabolismo do Efavirenz, diminuindo mutuamente a exposição.","Efavirenz induces Carbamazepine metabolism and Carbamazepine induces Efavirenz metabolism, mutually lowering exposure.","Não havendo recomendação posológica fiável, preferir um antiepiléptico alternativo quando possível (por exemplo valproato, levetiracetam).","With no reliable dose recommendation, prefer an alternative antiepileptic when possible (e.g. valproate, levetiracetam).",Monitorizar a ocorrência de crises convulsivas e a carga viral do VIH.,Monitor seizure control and HIV viral load.,Agravamento das crises ou carga viral detetável exigem reavaliação do esquema antiepilético/antirretroviral.,Worsening seizures or a detectable viral load require reassessment of the antiepileptic/antiretroviral regimen.,"DailyMed/FDA (NIH/NLM) — rótulo aprovado Efavirenz: https://dailymed.nlm.nih.gov/dailymed/drugInfo.cfm?setid=92603fa5-7a2c-4bfb-9a70-aadb4fba952c ; rótulo aprovado Carbamazepina: https://dailymed.nlm.nih.gov/dailymed/drugInfo.cfm?setid=9f3d91cd-a959-4e07-a51b-8a4e9ba9ece2 — com referência adicional: Prontuário Terapêutico do INFARMED (11.ª ed., 2012)","DailyMed/FDA (NIH/NLM) — approved Efavirenz label: https://dailymed.nlm.nih.gov/dailymed/drugInfo.cfm?setid=92603fa5-7a2c-4bfb-9a70-aadb4fba952c ; approved Carbamazepine label: https://dailymed.nlm.nih.gov/dailymed/drugInfo.cfm?setid=9f3d91cd-a959-4e07-a51b-8a4e9ba9ece2 — with additional reference: Prontuário Terapêutico do INFARMED, INFARMED (11th ed., 2012)",publicado,2026-08-04
carbamazepina_fluconazol,carbamazepina,fluconazol,moderate,"O Fluconazol pode aumentar as concentrações de Carbamazepina (inibição do metabolismo), com risco de toxicidade.","Fluconazole may raise Carbamazepine levels (metabolic inhibition), with a risk of toxicity.","Inibição do CYP3A4 pelo fluconazol, reduzindo o metabolismo da carbamazepina.",CYP3A4 inhibition by fluconazole reduces carbamazepine metabolism.,Monitorizar níveis de carbamazepina e sintomas de toxicidade; ajustar a dose conforme necessário.,Monitor carbamazepine levels and toxicity symptoms; adjust the dose as needed.,"Concentração de carbamazepina, sintomas (diplopia, nistagmo, ataxia).","Carbamazepine concentration, symptoms (diplopia, nystagmus, ataxia).","Diplopia, nistagmo, ataxia, sonolência.","Diplopia, nystagmus, ataxia, drowsiness.","DailyMed/FDA (NIH/NLM) — rótulo aprovado Fluconazol: https://dailymed.nlm.nih.gov/dailymed/drugInfo.cfm?setid=7961c029-746c-48c3-888b-8f8344102873 ; rótulo aprovado Carbamazepina: https://dailymed.nlm.nih.gov/dailymed/drugInfo.cfm?setid=9f3d91cd-a959-4e07-a51b-8a4e9ba9ece2 — com referência adicional: Prontuário Terapêutico do INFARMED (11.ª ed., 2012)","DailyMed/FDA (NIH/NLM) — approved Fluconazole label: https://dailymed.nlm.nih.gov/dailymed/drugInfo.cfm?setid=7961c029-746c-48c3-888b-8f8344102873 ; approved Carbamazepine label: https://dailymed.nlm.nih.gov/dailymed/drugInfo.cfm?setid=9f3d91cd-a959-4e07-a51b-8a4e9ba9ece2 — with additional reference: Prontuário Terapêutico do INFARMED, INFARMED (11th ed., 2012)",publicado,2026-08-04
carbamazepina_haloperidol,carbamazepina,haloperidol,moderate,"A associação de Haloperidol com Carbamazepina reduz acentuadamente as concentrações de Haloperidol, com risco de perda do efeito antipsicótico.","Combining Haloperidol with Carbamazepine markedly reduces Haloperidol concentrations, risking loss of the antipsychotic effect.","A Carbamazepina, indutora enzimática, acelera o metabolismo do Haloperidol, diminuindo os seus níveis séricos.","As an enzyme inducer, Carbamazepine accelerates Haloperidol metabolism, lowering its serum levels.",Monitorizar a resposta clínica e considerar ajustar a dose de Haloperidol ou usar antipsicótico alternativo.,Monitor the clinical response and consider adjusting the Haloperidol dose or using an alternative antipsychotic.,Monitorizar a resposta antipsicótica e os sinais de recaída.,Monitor the antipsychotic response and signs of relapse.,Recaída psicótica durante a associação exige revisão do esquema.,Psychotic relapse during the combination requires regimen review.,"DailyMed/FDA (NIH/NLM) — rótulo aprovado Haloperidol: https://dailymed.nlm.nih.gov/dailymed/drugInfo.cfm?setid=e2eed126-cb82-42b1-9b48-9cbeb6873b50 ; rótulo aprovado Carbamazepina: https://dailymed.nlm.nih.gov/dailymed/drugInfo.cfm?setid=9f3d91cd-a959-4e07-a51b-8a4e9ba9ece2 — com referência adicional: Prontuário Terapêutico do INFARMED (11.ª ed., 2012)","DailyMed/FDA (NIH/NLM) — approved Haloperidol label: https://dailymed.nlm.nih.gov/dailymed/drugInfo.cfm?setid=e2eed126-cb82-42b1-9b48-9cbeb6873b50 ; approved Carbamazepine label: https://dailymed.nlm.nih.gov/dailymed/drugInfo.cfm?setid=9f3d91cd-a959-4e07-a51b-8a4e9ba9ece2 — with additional reference: Prontuário Terapêutico do INFARMED, INFARMED (11th ed., 2012)",publicado,2026-08-04
carbamazepina_isoniazida,carbamazepina,isoniazida,moderate,A Isoniazida inibe o metabolismo da Carbamazepina e pode elevar os seus níveis — risco de toxicidade.,Isoniazid inhibits Carbamazepine metabolism and may raise its levels — risk of toxicity.,Inibição do CYP2C19/3A4 e possível inibição da epóxido hidrolase.,CYP2C19/3A4 inhibition and possible epoxide hydrolase inhibition.,Monitorizar níveis de carbamazepina e sinais de toxicidade.,Monitor carbamazepine levels and signs of toxicity.,"Níveis de carbamazepina, sinais neurológicos.","Carbamazepine levels, neurological signs.","Nistagmo, ataxia, sonolência, diplopia.","Nystagmus, ataxia, drowsiness, diplopia.",DailyMed/FDA (NIH/NLM) — rótulo aprovado Isoniazida: https://dailymed.nlm.nih.gov/dailymed/drugInfo.cfm?setid=93252cc8-c8d4-401b-bde5-ca8a3b57651e ; rótulo aprovado Carbamazepina: https://dailymed.nlm.nih.gov/dailymed/drugInfo.cfm?setid=9f3d91cd-a959-4e07-a51b-8a4e9ba9ece2,DailyMed/FDA (NIH/NLM) — approved Isoniazid label: https://dailymed.nlm.nih.gov/dailymed/drugInfo.cfm?setid=93252cc8-c8d4-401b-bde5-ca8a3b57651e ; approved Carbamazepine label: https://dailymed.nlm.nih.gov/dailymed/drugInfo.cfm?setid=9f3d91cd-a959-4e07-a51b-8a4e9ba9ece2,publicado,2026-08-03
carbamazepina_itraconazol,carbamazepina,itraconazol,moderate,"A Carbamazepina reduz as concentrações de Itraconazol (indução) e aumenta o metabolismo do azol, com risco de falência antifúngica.","Carbamazepine lowers Itraconazole levels (induction), increasing the risk of antifungal failure.","A carbamazepina induz o CYP3A4, acelerando o metabolismo do itraconazol e reduzindo a sua exposição.","Carbamazepine induces CYP3A4, accelerating itraconazole metabolism and reducing its exposure.","Considerar antifúngico alternativo; se a associação for inevitável, monitorizar a resposta clínica e micológica.","Consider an alternative antifungal; if the combination is unavoidable, monitor clinical and mycological response.",Resposta à micose; níveis de itraconazol (se disponíveis).,Mycosis response; itraconazole levels (if available).,Agravamento da infeção fúngica.,Worsening fungal infection.,"DailyMed/FDA (NIH/NLM) — rótulo aprovado Itraconazol: https://dailymed.nlm.nih.gov/dailymed/drugInfo.cfm?setid=a4d555fa-787c-40fb-bb7d-b0d4f7318fd0 ; rótulo aprovado Carbamazepina: https://dailymed.nlm.nih.gov/dailymed/drugInfo.cfm?setid=9f3d91cd-a959-4e07-a51b-8a4e9ba9ece2 — com referência adicional: Prontuário Terapêutico do INFARMED (11.ª ed., 2012)","DailyMed/FDA (NIH/NLM) — approved Itraconazole label: https://dailymed.nlm.nih.gov/dailymed/drugInfo.cfm?setid=a4d555fa-787c-40fb-bb7d-b0d4f7318fd0 ; approved Carbamazepine label: https://dailymed.nlm.nih.gov/dailymed/drugInfo.cfm?setid=9f3d91cd-a959-4e07-a51b-8a4e9ba9ece2 — with additional reference: Prontuário Terapêutico do INFARMED, INFARMED (11th ed., 2012)",publicado,2026-08-04
carbamazepina_lamotrigina,carbamazepina,lamotrigina,moderate,"A associação de Lamotrigina com Carbamazepina reduz as concentrações de Lamotrigina, podendo exigir aumento de dose; a Lamotrigina pode também aumentar a toxicidade do metabolito da Carbamazepina.","Combining Lamotrigine with Carbamazepine reduces Lamotrigine concentrations, possibly requiring a higher dose; Lamotrigine may also increase the toxicity of the Carbamazepine metabolite.","A Carbamazepina induz a glucuronidação da Lamotrigina, reduzindo os seus níveis; a Lamotrigina pode elevar o carbamazepina-10,11-epóxido, aumentando a toxicidade.","Carbamazepine induces the glucuronidation of Lamotrigine, lowering its levels; Lamotrigine may raise carbamazepine-10,11-epoxide, increasing toxicity.","Ajustar a dose de Lamotrigina conforme a resposta e, se disponível, os níveis séricos; vigiar toxicidade neurológica.","Adjust the Lamotrigine dose according to response and, if available, serum levels; watch for neurological toxicity.","Monitorizar o controlo das crises e os sinais de toxicidade neurológica (diplopia, ataxia).","Monitor seizure control and signs of neurological toxicity (diplopia, ataxia).",Erupção cutânea ou sinais de reação grave exigem suspensão e avaliação.,Rash or signs of a serious reaction require discontinuation and evaluation.,"DailyMed/FDA (NIH/NLM) — rótulo aprovado Lamotrigina: https://dailymed.nlm.nih.gov/dailymed/drugInfo.cfm?setid=57f04b9b-06cd-8044-e063-6394a90ae733 ; rótulo aprovado Carbamazepina: https://dailymed.nlm.nih.gov/dailymed/drugInfo.cfm?setid=9f3d91cd-a959-4e07-a51b-8a4e9ba9ece2 — com referência adicional: Prontuário Terapêutico do INFARMED (11.ª ed., 2012)","DailyMed/FDA (NIH/NLM) — approved Lamotrigine label: https://dailymed.nlm.nih.gov/dailymed/drugInfo.cfm?setid=57f04b9b-06cd-8044-e063-6394a90ae733 ; approved Carbamazepine label: https://dailymed.nlm.nih.gov/dailymed/drugInfo.cfm?setid=9f3d91cd-a959-4e07-a51b-8a4e9ba9ece2 — with additional reference: Prontuário Terapêutico do INFARMED, INFARMED (11th ed., 2012)",publicado,2026-08-04
carbamazepina_mefloquina,carbamazepina,mefloquina,moderate,A Carbamazepina reduz os níveis de Mefloquina (indutor do CYP3A4) e ambos baixam o limiar convulsivo — risco de falência terapêutica e de convulsões.,Carbamazepine lowers Mefloquine levels (CYP3A4 inducer) and both lower the seizure threshold — risk of therapeutic failure and seizures.,Indução do CYP3A4 (que metaboliza a Mefloquina) + efeitos aditivos sobre o limiar convulsivo.,CYP3A4 induction (which metabolises Mefloquine) + additive effects on the seizure threshold.,Considerar alternativa antimalárica e vigilância neurológica.,Consider an alternative antimalarial and neurological surveillance.,Resposta clínica e estado neurológico.,Clinical response and neurological status.,"Convulsões, confusão, falta de resposta à profilaxia/tratamento.","Seizures, confusion, lack of response to prophylaxis/treatment.",DailyMed/FDA (NIH/NLM) — rótulo aprovado Mefloquina: https://dailymed.nlm.nih.gov/dailymed/drugInfo.cfm?setid=09716a24-d7da-42b2-af29-c03a1b6670bd ; rótulo aprovado Carbamazepina: https://dailymed.nlm.nih.gov/dailymed/drugInfo.cfm?setid=9f3d91cd-a959-4e07-a51b-8a4e9ba9ece2,DailyMed/FDA (NIH/NLM) — approved Mefloquine label: https://dailymed.nlm.nih.gov/dailymed/drugInfo.cfm?setid=09716a24-d7da-42b2-af29-c03a1b6670bd ; approved Carbamazepine label: https://dailymed.nlm.nih.gov/dailymed/drugInfo.cfm?setid=9f3d91cd-a959-4e07-a51b-8a4e9ba9ece2,publicado,2026-08-03
carbamazepina_rifampicina,carbamazepina,rifampicina,moderate,Interação recíproca: a Rifampicina reduz os níveis de Carbamazepina e a Carbamazepina reduz os da Rifampicina — possível perda de eficácia de ambos.,Two-way interaction: Rifampin lowers Carbamazepine levels and Carbamazepine lowers Rifampin levels — possible loss of efficacy of both.,Indução enzimática mútua (CYP3A4/2C9).,Mutual enzymatic induction (CYP3A4/2C9).,Monitorizar níveis de carbamazepina e resposta clínica; ajustar doses.,Monitor carbamazepine levels and clinical response; adjust doses.,"Níveis de carbamazepina, controlo de crises, resposta à TB.","Carbamazepine levels, seizure control, TB response.","Crises convulsivas, febre persistente na TB.","Seizures, persistent TB fever.",DailyMed/FDA (NIH/NLM) — rótulo aprovado Rifampicina: https://dailymed.nlm.nih.gov/dailymed/drugInfo.cfm?setid=b389b1a3-672f-47e3-916c-4a9c044b211b ; rótulo aprovado Carbamazepina: https://dailymed.nlm.nih.gov/dailymed/drugInfo.cfm?setid=9f3d91cd-a959-4e07-a51b-8a4e9ba9ece2,DailyMed/FDA (NIH/NLM) — approved Rifampin label: https://dailymed.nlm.nih.gov/dailymed/drugInfo.cfm?setid=b389b1a3-672f-47e3-916c-4a9c044b211b ; approved Carbamazepine label: https://dailymed.nlm.nih.gov/dailymed/drugInfo.cfm?setid=9f3d91cd-a959-4e07-a51b-8a4e9ba9ece2,publicado,2026-08-03
carbamazepina_ritonavir,carbamazepina,ritonavir,moderate,"A associação de Ritonavir com Carbamazepina aumenta as concentrações e a toxicidade da Carbamazepina, exigindo ajuste de dose e monitorização.","Combining Ritonavir with Carbamazepine increases Carbamazepine concentrations and toxicity, requiring dose adjustment and monitoring.","Ritonavir inibe o CYP3A4, principal via de metabolismo da Carbamazepina, reduzindo a sua clearance e aumentando o risco de efeitos adversos (neurológicos, hematológicos).","Ritonavir inhibits CYP3A4, the main metabolic pathway of Carbamazepine, lowering its clearance and increasing the risk of adverse effects (neurological, haematological).","Reduzir a dose de Carbamazepina conforme necessário e, se disponível, monitorizar as concentrações séricas; considerar antiepiléptico alternativo.","Reduce the Carbamazepine dose as needed and, if available, monitor serum concentrations; consider an alternative antiepileptic.","Vigiar sinais de toxicidade da Carbamazepina: diplopia, ataxia, sonolência, náuseas, hiponatremia.","Watch for signs of Carbamazepine toxicity: diplopia, ataxia, drowsiness, nausea, hyponatraemia.","Sonolência marcada, ataxia ou diplopia requerem suspensão e reavaliação do esquema.","Marked drowsiness, ataxia or diplopia require discontinuation and reassessment of the regimen.","DailyMed/FDA (NIH/NLM) — rótulo aprovado Ritonavir: https://dailymed.nlm.nih.gov/dailymed/drugInfo.cfm?setid=2849298e-de6e-47bb-8194-56e075b33fc3 ; rótulo aprovado Carbamazepina: https://dailymed.nlm.nih.gov/dailymed/drugInfo.cfm?setid=9f3d91cd-a959-4e07-a51b-8a4e9ba9ece2 — com referência adicional: Prontuário Terapêutico do INFARMED (11.ª ed., 2012)","DailyMed/FDA (NIH/NLM) — approved Ritonavir label: https://dailymed.nlm.nih.gov/dailymed/drugInfo.cfm?setid=2849298e-de6e-47bb-8194-56e075b33fc3 ; approved Carbamazepine label: https://dailymed.nlm.nih.gov/dailymed/drugInfo.cfm?setid=9f3d91cd-a959-4e07-a51b-8a4e9ba9ece2 — with additional reference: Prontuário Terapêutico do INFARMED, INFARMED (11th ed., 2012)",publicado,2026-08-04
carbamazepina_teofilina,carbamazepina,teofilina,moderate,A carbamazepina induz o metabolismo hepático e pode reduzir os níveis de teofilina; a interação é bidirecional e variável.,Carbamazepine induces hepatic metabolism and may lower theophylline levels; the interaction is bidirectional and variable.,"A carbamazepina é indutora enzimática (CYP3A4), acelerando a depuração da teofilina.","Carbamazepine is an enzyme inducer (CYP3A4), accelerating theophylline clearance.","Monitorizar os níveis de ambos os fármacos ao iniciar, ajustar ou suspender qualquer um deles.","Monitor levels of both drugs when starting, adjusting or stopping either one.",Vigiar a eficácia terapêutica da teofilina e sinais de convulsões ou toxicidade.,Monitor theophylline efficacy and signs of seizures or toxicity.,Perda de controlo da asma (teofilina subterapêutica) ou toxicidade ao interromper a carbamazepina.,Loss of asthma control (subtherapeutic theophylline) or toxicity when carbamazepine is stopped.,"DailyMed (FDA) — rótulo aprovado Teofilina: https://dailymed.nlm.nih.gov/dailymed/drugInfo.cfm?setid=5e64036a-ee3e-42e7-9e59-881f88a4e298 ; rótulo aprovado Carbamazepina: https://dailymed.nlm.nih.gov/dailymed/drugInfo.cfm?setid=97e6e175-75e8-437b-b457-ddb1ae4e857d — referência adicional: Prontuário Terapêutico do INFARMED (11.ª ed., 2012)","DailyMed (FDA) — approved Theophylline label: https://dailymed.nlm.nih.gov/dailymed/drugInfo.cfm?setid=5e64036a-ee3e-42e7-9e59-881f88a4e298 ; approved Carbamazepine label: https://dailymed.nlm.nih.gov/dailymed/drugInfo.cfm?setid=97e6e175-75e8-437b-b457-ddb1ae4e857d — additional reference: Prontuário Terapêutico do INFARMED (11th ed., 2012)",publicado,
carbamazepina_voriconazol,carbamazepina,voriconazol,moderate,"A Carbamazepina (indutora do CYP450) reduz significativamente as concentrações de Voriconazol, com risco de falência antifúngica.","Carbamazepine (a CYP450 inducer) markedly reduces Voriconazole levels, risking antifungal failure.","Indução do CYP3A4/CYP2C19 pela carbamazepina, acelerando a eliminação do voriconazol.",CYP3A4/CYP2C19 induction by carbamazepine accelerates voriconazole elimination.,"Evitar a associação; se inevitável, monitorizar níveis de voriconazol e resposta clínica, ajustando a dose.","Avoid the combination; if unavoidable, monitor voriconazole levels and clinical response, adjusting the dose.","Níveis de voriconazol, resposta micológica, provas de função hepática.","Voriconazole levels, mycological response, liver function tests.",Persistência/agravamento da infeção fúngica.,Persistent or worsening fungal infection.,"DailyMed/FDA (NIH/NLM) — rótulo aprovado Voriconazol: https://dailymed.nlm.nih.gov/dailymed/drugInfo.cfm?setid=f6a1a792-141b-42e8-8bd1-884e4408eb8a ; rótulo aprovado Carbamazepina: https://dailymed.nlm.nih.gov/dailymed/drugInfo.cfm?setid=9f3d91cd-a959-4e07-a51b-8a4e9ba9ece2 — com referência adicional: Prontuário Terapêutico do INFARMED (11.ª ed., 2012)","DailyMed/FDA (NIH/NLM) — approved Voriconazole label: https://dailymed.nlm.nih.gov/dailymed/drugInfo.cfm?setid=f6a1a792-141b-42e8-8bd1-884e4408eb8a ; approved Carbamazepine label: https://dailymed.nlm.nih.gov/dailymed/drugInfo.cfm?setid=9f3d91cd-a959-4e07-a51b-8a4e9ba9ece2 — with additional reference: Prontuário Terapêutico do INFARMED, INFARMED (11th ed., 2012)",publicado,2026-08-04
carbonato_calcio_ciprofloxacina,carbonato_calcio,ciprofloxacina,moderate,Ciprofloxacina + cálcio: quelação que reduz a absorção da fluoroquinolona.,Ciprofloxacin + calcium: chelation reduces fluoroquinolone absorption.,"Os catiões cálcio formam quelatos com a ciprofloxacina no trato digestivo, reduzindo a sua absorção oral.","Calcium cations chelate ciprofloxacin in the gut, reducing its oral absorption.",Separar as tomas de cálcio e de ciprofloxacina por pelo menos 2 horas.,Separate calcium and ciprofloxacin dosing by at least 2 hours.,Resposta clínica à antibioterapia.,Clinical response to antibiotic therapy.,"Falência da terapêutica, infeção não resolvida.","Therapy failure, unresolved infection.","DailyMed (FDA) — rótulo aprovado Ciprofloxacina: https://dailymed.nlm.nih.gov/dailymed/drugInfo.cfm?setid=c527d138-e32c-418f-9573-a3d8a796279f ; rótulo aprovado Carbonato de cálcio: https://dailymed.nlm.nih.gov/dailymed/drugInfo.cfm?setid=348d3dfa-6a52-4583-96e3-83c4bf2df45b — referência adicional: Prontuário Terapêutico do INFARMED (11.ª ed., 2012)","DailyMed (FDA) — approved Ciprofloxacin label: https://dailymed.nlm.nih.gov/dailymed/drugInfo.cfm?setid=c527d138-e32c-418f-9573-a3d8a796279f ; approved Calcium carbonate label: https://dailymed.nlm.nih.gov/dailymed/drugInfo.cfm?setid=348d3dfa-6a52-4583-96e3-83c4bf2df45b — additional reference: Prontuário Terapêutico do INFARMED (11th ed., 2012)",publicado,
carbonato_calcio_digoxina,carbonato_calcio,digoxina,moderate,Digoxina + cálcio: a hipercalcémia potencia a toxicidade digitálica.,Digoxin + calcium: hypercalcaemia potentiates digoxin toxicity.,O cálcio aumenta a contractilidade miocárdica e sensibiliza o coração à digoxina; a administração intravenosa de cálcio pode precipitar arritmias.,Calcium increases myocardial contractility and sensitises the heart to digoxin; intravenous calcium may precipitate arrhythmias.,Monitorizar o cálcio sérico e os sinais de toxicidade digitálica.,Monitor serum calcium and signs of digoxin toxicity.,"Cálcio sérico, eletrocardiograma, sintomas de toxicidade digitálica.","Serum calcium, ECG, symptoms of digoxin toxicity.","Náuseas, arritmias, confusão, visão a cores alterada.","Nausea, arrhythmias, confusion, altered colour vision.","DailyMed (FDA) — rótulo aprovado Digoxina: https://dailymed.nlm.nih.gov/dailymed/drugInfo.cfm?setid=e61d2108-d871-44c0-b12a-2e61fbb56967 ; rótulo aprovado Carbonato de cálcio: https://dailymed.nlm.nih.gov/dailymed/drugInfo.cfm?setid=348d3dfa-6a52-4583-96e3-83c4bf2df45b — referência adicional: Prontuário Terapêutico do INFARMED (11.ª ed., 2012)","DailyMed (FDA) — approved Digoxin label: https://dailymed.nlm.nih.gov/dailymed/drugInfo.cfm?setid=e61d2108-d871-44c0-b12a-2e61fbb56967 ; approved Calcium carbonate label: https://dailymed.nlm.nih.gov/dailymed/drugInfo.cfm?setid=348d3dfa-6a52-4583-96e3-83c4bf2df45b — additional reference: Prontuário Terapêutico do INFARMED (11th ed., 2012)",publicado,
carbonato_calcio_doxiciclina,carbonato_calcio,doxiciclina,moderate,Doxiciclina + cálcio: quelação que reduz a absorção da tetraciclina.,Doxycycline + calcium: chelation reduces tetracycline absorption.,"Os catiões cálcio formam quelatos com a doxiciclina, reduzindo a sua biodisponibilidade oral.","Calcium cations chelate doxycycline, reducing its oral bioavailability.",Separar as tomas por pelo menos 2 horas; dar a doxiciclina com água.,Separate dosing by at least 2 hours; give doxycycline with water.,Resposta clínica à antibioterapia.,Clinical response to antibiotic therapy.,"Infeção não resolvida, febre persistente.","Unresolved infection, persistent fever.","DailyMed (FDA) — rótulo aprovado Doxiciclina: https://dailymed.nlm.nih.gov/dailymed/drugInfo.cfm?setid=fe8cd3c6-36d6-4d92-bc5c-833cd6f9cb32 ; rótulo aprovado Carbonato de cálcio: https://dailymed.nlm.nih.gov/dailymed/drugInfo.cfm?setid=348d3dfa-6a52-4583-96e3-83c4bf2df45b — referência adicional: Prontuário Terapêutico do INFARMED (11.ª ed., 2012)","DailyMed (FDA) — approved Doxycycline label: https://dailymed.nlm.nih.gov/dailymed/drugInfo.cfm?setid=fe8cd3c6-36d6-4d92-bc5c-833cd6f9cb32 ; approved Calcium carbonate label: https://dailymed.nlm.nih.gov/dailymed/drugInfo.cfm?setid=348d3dfa-6a52-4583-96e3-83c4bf2df45b — additional reference: Prontuário Terapêutico do INFARMED (11th ed., 2012)",publicado,
carbonato_calcio_ferro,carbonato_calcio,ferro,moderate,Ferro + cálcio: o cálcio inibe a absorção do ferro oral.,Iron + calcium: calcium inhibits oral iron absorption.,O cálcio compete com o ferro no transporte intestinal.,Calcium competes with iron for intestinal transport.,Separar as tomas de ferro e de cálcio por pelo menos 2 horas.,Separate iron and calcium dosing by at least 2 hours.,Resposta hematológica e adesão.,Haematological response and adherence.,Persistência da anemia ferropriva.,Persistent iron-deficiency anaemia.,"DailyMed (FDA) — rótulo aprovado Ferro: https://dailymed.nlm.nih.gov/dailymed/drugInfo.cfm?setid=4e88a847-397b-4ddb-83d7-42c9b963a0b7 ; rótulo aprovado Carbonato de cálcio: https://dailymed.nlm.nih.gov/dailymed/drugInfo.cfm?setid=348d3dfa-6a52-4583-96e3-83c4bf2df45b — referência adicional: Prontuário Terapêutico do INFARMED (11.ª ed., 2012)","DailyMed (FDA) — approved Iron label: https://dailymed.nlm.nih.gov/dailymed/drugInfo.cfm?setid=4e88a847-397b-4ddb-83d7-42c9b963a0b7 ; approved Calcium carbonate label: https://dailymed.nlm.nih.gov/dailymed/drugInfo.cfm?setid=348d3dfa-6a52-4583-96e3-83c4bf2df45b — additional reference: Prontuário Terapêutico do INFARMED (11th ed., 2012)",publicado,
carbonato_calcio_hidroclorotiazida,carbonato_calcio,hidroclorotiazida,moderate,Tiazida + cálcio: risco de hipercalcémia (a tiazida reduz a excreção renal de cálcio).,Thiazide + calcium: risk of hypercalcaemia (thiazide reduces renal calcium excretion).,A hidroclorotiazida diminui a eliminação renal de cálcio; com suplementos de cálcio pode surgir hipercalcémia.,Hydrochlorothiazide reduces renal calcium elimination; with calcium supplements hypercalcaemia may occur.,Monitorizar o cálcio sérico em doentes em suplementação crónica.,Monitor serum calcium in patients on chronic supplementation.,Cálcio sérico e sintomas de hipercalcémia.,Serum calcium and hypercalcaemia symptoms.,"Poliúria, obstipação, fraqueza, confusão.","Polyuria, constipation, weakness, confusion.","DailyMed (FDA) — rótulo aprovado Hidroclorotiazida: https://dailymed.nlm.nih.gov/dailymed/drugInfo.cfm?setid=0789baef-3424-43ab-a3fb-4908172da565 ; rótulo aprovado Carbonato de cálcio: https://dailymed.nlm.nih.gov/dailymed/drugInfo.cfm?setid=348d3dfa-6a52-4583-96e3-83c4bf2df45b — referência adicional: Prontuário Terapêutico do INFARMED (11.ª ed., 2012)","DailyMed (FDA) — approved Hydrochlorothiazide label: https://dailymed.nlm.nih.gov/dailymed/drugInfo.cfm?setid=0789baef-3424-43ab-a3fb-4908172da565 ; approved Calcium carbonate label: https://dailymed.nlm.nih.gov/dailymed/drugInfo.cfm?setid=348d3dfa-6a52-4583-96e3-83c4bf2df45b — additional reference: Prontuário Terapêutico do INFARMED (11th ed., 2012)",publicado,
carbonato_calcio_levotiroxina,carbonato_calcio,levotiroxina,moderate,Levotiroxina + cálcio: o cálcio reduz a absorção da levotiroxina.,Levothyroxine + calcium: calcium reduces levothyroxine absorption.,Os sais de cálcio ligam-se à levotiroxina no lúmen gastrointestinal.,Calcium salts bind levothyroxine in the gut lumen.,Separar a toma de levotiroxina e do cálcio por pelo menos 4 horas.,Separate levothyroxine and calcium dosing by at least 4 hours.,TSH após 6-8 semanas de qualquer alteração de dose.,TSH after 6-8 weeks of any dosing change.,"Fadiga, ganho de peso, bradicardia (hipotiroidismo).","Fatigue, weight gain, bradycardia (hypothyroidism).","DailyMed (FDA) — rótulo aprovado Levotiroxina: https://dailymed.nlm.nih.gov/dailymed/drugInfo.cfm?setid=c8ae9dc4-836f-4912-80d7-684fd374f40a ; rótulo aprovado Carbonato de cálcio: https://dailymed.nlm.nih.gov/dailymed/drugInfo.cfm?setid=348d3dfa-6a52-4583-96e3-83c4bf2df45b — referência adicional: Prontuário Terapêutico do INFARMED (11.ª ed., 2012)","DailyMed (FDA) — approved Levothyroxine label: https://dailymed.nlm.nih.gov/dailymed/drugInfo.cfm?setid=c8ae9dc4-836f-4912-80d7-684fd374f40a ; approved Calcium carbonate label: https://dailymed.nlm.nih.gov/dailymed/drugInfo.cfm?setid=348d3dfa-6a52-4583-96e3-83c4bf2df45b — additional reference: Prontuário Terapêutico do INFARMED (11th ed., 2012)",publicado,
carbonato_calcio_omeprazol,carbonato_calcio,omeprazol,moderate,IBP + cálcio: o omeprazol reduz a absorção do carbonato de cálcio.,PPI + calcium: omeprazole reduces calcium carbonate absorption.,O carbonato de cálcio precisa de ácido gástrico para se dissolver e ser absorvido; o omeprazol suprime a acidez.,Calcium carbonate requires gastric acid to dissolve and be absorbed; omeprazole suppresses acidity.,"Em doentes a IBP, preferir citrato de cálcio ou ajustar a dose de cálcio.","In PPI patients, prefer calcium citrate or adjust the calcium dose.",Cálcio sérico e resposta clínica.,Serum calcium and clinical response.,Sem sintomas agudos; risco de défice com uso prolongado.,No acute symptoms; risk of deficiency with long-term use.,"DailyMed (FDA) — rótulo aprovado Omeprazol: https://dailymed.nlm.nih.gov/dailymed/drugInfo.cfm?setid=6ea9a6f3-b756-4cdf-b3db-f666a2c17d66 ; rótulo aprovado Carbonato de cálcio: https://dailymed.nlm.nih.gov/dailymed/drugInfo.cfm?setid=348d3dfa-6a52-4583-96e3-83c4bf2df45b — referência adicional: Prontuário Terapêutico do INFARMED (11.ª ed., 2012)","DailyMed (FDA) — approved Omeprazole label: https://dailymed.nlm.nih.gov/dailymed/drugInfo.cfm?setid=6ea9a6f3-b756-4cdf-b3db-f666a2c17d66 ; approved Calcium carbonate label: https://dailymed.nlm.nih.gov/dailymed/drugInfo.cfm?setid=348d3dfa-6a52-4583-96e3-83c4bf2df45b — additional reference: Prontuário Terapêutico do INFARMED (11th ed., 2012)",publicado,
carbonato_calcio_sucralfato,carbonato_calcio,sucralfato,moderate,"Sucralfato + cálcio: o sucralfato liga-se ao cálcio, reduzindo a sua absorção.","Sucralfate + calcium: sucralfate binds calcium, reducing its absorption.",O sucralfato forma uma película que liga catiões (incluindo cálcio) no estômago.,Sucralfate forms a film that binds cations (including calcium) in the stomach.,Separar as tomas por pelo menos 2 horas.,Separate dosing by at least 2 hours.,Eficácia da suplementação de cálcio.,Effectiveness of calcium supplementation.,Sem sintomas agudos; risco de défice de cálcio com uso prolongado.,No acute symptoms; risk of calcium deficiency with long-term use.,"DailyMed (FDA) — rótulo aprovado Sucralfato: https://dailymed.nlm.nih.gov/dailymed/drugInfo.cfm?setid=1e781cc0-24ec-4028-8262-dcef9873ea1f ; rótulo aprovado Carbonato de cálcio: https://dailymed.nlm.nih.gov/dailymed/drugInfo.cfm?setid=348d3dfa-6a52-4583-96e3-83c4bf2df45b — referência adicional: Prontuário Terapêutico do INFARMED (11.ª ed., 2012)","DailyMed (FDA) — approved Sucralfate label: https://dailymed.nlm.nih.gov/dailymed/drugInfo.cfm?setid=1e781cc0-24ec-4028-8262-dcef9873ea1f ; approved Calcium carbonate label: https://dailymed.nlm.nih.gov/dailymed/drugInfo.cfm?setid=348d3dfa-6a52-4583-96e3-83c4bf2df45b — additional reference: Prontuário Terapêutico do INFARMED (11th ed., 2012)",publicado,
ceftazidima_estreptomicina,ceftazidima,estreptomicina,moderate,A associação de Ceftazidima e Estreptomicina (aminoglicosídeo) aumenta o risco de nefrotoxicidade e ototoxicidade.,Combining Ceftazidime and Streptomycin (an aminoglycoside) increases the risk of nephrotoxicity and ototoxicity.,"Efeito nefrotóxico e ototóxico aditivo dos aminoglicosídeos e das cefalosporinas, sobretudo na insuficiência renal ou com doses elevadas.","Additive nephrotoxic and ototoxic effect of aminoglycosides and cephalosporins, especially in renal impairment or at high doses.",Monitorizar a função renal (creatinina) e a função auditiva; ajustar as doses pela depuração de creatinina; evitar associação prolongada.,Monitor renal function (creatinine) and auditory function; adjust doses for creatinine clearance; avoid prolonged combination.,"Creatinina/urose, diurese, audição (tinnitus, hipoacusia), equilíbrio.","Creatinine/urinalysis, diuresis, hearing (tinnitus, hearing loss), balance.","Aumento da creatinina, oligúria/insuficiência renal, tinnitus ou perda auditiva.","Rising creatinine, oliguria/renal failure, tinnitus or hearing loss.","DailyMed/FDA (NIH/NLM) — rótulo aprovado Ceftazidima: https://dailymed.nlm.nih.gov/dailymed/drugInfo.cfm?setid=78982c98-7866-49f1-989f-a289c4242358 ; rótulo aprovado Estreptomicina: https://dailymed.nlm.nih.gov/dailymed/drugInfo.cfm?setid=abd1f64e-4283-4370-aae8-3666316aa36e — com referência adicional: Prontuário Terapêutico do INFARMED (11.ª ed., 2012)","DailyMed/FDA (NIH/NLM) — approved Ceftazidime label: https://dailymed.nlm.nih.gov/dailymed/drugInfo.cfm?setid=78982c98-7866-49f1-989f-a289c4242358 ; approved Streptomycin label: https://dailymed.nlm.nih.gov/dailymed/drugInfo.cfm?setid=abd1f64e-4283-4370-aae8-3666316aa36e — with additional reference: Prontuário Terapêutico do INFARMED, INFARMED (11th ed., 2012)",publicado,2026-08-04
ceftriaxona_warfarina,ceftriaxona,warfarina,moderate,"A Ceftriaxona pode prolongar o tempo de protrombina e potenciar o efeito anticoagulante da Varfarina, sobretudo em tratamentos prolongados.","Ceftriaxone may prolong prothrombin time and potentiate the anticoagulant effect of Warfarin, especially during prolonged therapy.",Risco de deficiência de vitamina K e alteração da síntese de fatores de coagulação com o uso prolongado; efeito aditivo com o anticoagulante.,Risk of vitamin K deficiency and altered clotting-factor synthesis with prolonged use; additive effect with the anticoagulant.,Monitorizar PT/INR; considerar suplementação de vitamina K em utilização prolongada ou no idoso.,Monitor PT/INR; consider vitamin K supplementation with prolonged use or in the elderly.,"Tempo de protrombina/INR, sinais de hemorragia.","Prothrombin time/INR, signs of bleeding.","Hemorragia inexplicada, equimoses extensas, melena.","Unexplained bleeding, extensive bruising, melena.",DailyMed/FDA (NIH/NLM) — rótulo aprovado Ceftriaxona: https://dailymed.nlm.nih.gov/dailymed/drugInfo.cfm?setid=9efed4c4-72a7-4669-88ae-c80e882c1b37 ; rótulo aprovado Varfarina: https://dailymed.nlm.nih.gov/dailymed/drugInfo.cfm?setid=541c9a70-adaf-4ef3-94ba-ad4e70dfa057,DailyMed/FDA (NIH/NLM) — approved Ceftriaxone label: https://dailymed.nlm.nih.gov/dailymed/drugInfo.cfm?setid=9efed4c4-72a7-4669-88ae-c80e882c1b37 ; approved Warfarin label: https://dailymed.nlm.nih.gov/dailymed/drugInfo.cfm?setid=541c9a70-adaf-4ef3-94ba-ad4e70dfa057,publicado,2026-08-04
celecoxib_ibuprofeno,celecoxib,ibuprofeno,moderate,Dois AINE (coxib + clássico): sem benefício e com risco GI/renal/ cardiovascular acrescido.,Two NSAIDs (coxib + classical): no benefit and added GI/renal/cardiovascular risk.,"Efeitos adversos aditivos na mucosa gástrica, função renal e equilíbrio cardiovascular.","Additive adverse effects on gastric mucosa, renal function and cardiovascular balance.",Não combinar AINE; usar um único AINE à menor dose eficaz.,Do not combine NSAIDs; use a single NSAID at the lowest effective dose.,"Função renal, tensão arterial e sintomas GI.","Renal function, blood pressure and GI symptoms.","Dispepsia, edema, elevação da tensão arterial.","Dyspepsia, oedema, raised blood pressure.","DailyMed (FDA) — rótulo aprovado Celecoxib: https://dailymed.nlm.nih.gov/dailymed/drugInfo.cfm?setid=b06ced10-81c6-4f48-a205-1e0db228cb8b ; rótulo aprovado Ibuprofeno: https://dailymed.nlm.nih.gov/dailymed/drugInfo.cfm?setid=291602fa-8ebe-4200-bba7-9798c90f8a50 — referência adicional: Prontuário Terapêutico do INFARMED (11.ª ed., 2012)","DailyMed (FDA) — approved Celecoxib label: https://dailymed.nlm.nih.gov/dailymed/drugInfo.cfm?setid=b06ced10-81c6-4f48-a205-1e0db228cb8b ; approved Ibuprofen label: https://dailymed.nlm.nih.gov/dailymed/drugInfo.cfm?setid=291602fa-8ebe-4200-bba7-9798c90f8a50 — additional reference: Prontuário Terapêutico do INFARMED (11th ed., 2012)",publicado,
celecoxib_warfarina,celecoxib,warfarina,moderate,Coxib + anticoagulante: aumento do risco hemorrágico.,Coxib + anticoagulant: increased bleeding risk.,O celecoxib pode aumentar o risco hemorrágico gastrointestinal e interagir com a anticoagulação.,Celecoxib may increase gastrointestinal bleeding risk and interact with anticoagulation.,"Usar com cautela, considerar gastroprotecção e vigiar sinais de hemorragia.","Use with caution, consider gastroprotection and watch for bleeding signs.",INR e sintomas digestivos durante a associação.,INR and GI symptoms during the combination.,"Melena, hematemese, equimoses espontâneas.","Melena, haematemesis, spontaneous ecchymosis.","DailyMed (FDA) — rótulo aprovado Celecoxib: https://dailymed.nlm.nih.gov/dailymed/drugInfo.cfm?setid=b06ced10-81c6-4f48-a205-1e0db228cb8b ; rótulo aprovado Varfarina: https://dailymed.nlm.nih.gov/dailymed/drugInfo.cfm?setid=541c9a70-adaf-4ef3-94ba-ad4e70dfa057 — referência adicional: Prontuário Terapêutico do INFARMED (11.ª ed., 2012)","DailyMed (FDA) — approved Celecoxib label: https://dailymed.nlm.nih.gov/dailymed/drugInfo.cfm?setid=b06ced10-81c6-4f48-a205-1e0db228cb8b ; approved Warfarin label: https://dailymed.nlm.nih.gov/dailymed/drugInfo.cfm?setid=541c9a70-adaf-4ef3-94ba-ad4e70dfa057 — additional reference: Prontuário Terapêutico do INFARMED (11th ed., 2012)",publicado,
cetirizina_ritonavir,cetirizina,ritonavir,moderate,Cetirizina + ritonavir: possível aumento da exposição à cetirizina.,Cetirizine + ritonavir: possible increased cetirizine exposure.,O ritonavir pode aumentar a concentração da cetirizina (interação farmacocinética descrita no rótulo).,Ritonavir may raise cetirizine concentrations (pharmacokinetic interaction described in the label).,Vigiar sonolência excessiva e efeitos adversos do anti-histamínico.,Watch for excessive drowsiness and antihistamine adverse effects.,Efeitos sedativos e tolerância à terapêutica.,Sedative effects and tolerance to therapy.,"Sonolência marcada, boca seca, confusão.","Marked drowsiness, dry mouth, confusion.","DailyMed (FDA) — rótulo aprovado Cetirizina: https://dailymed.nlm.nih.gov/dailymed/drugInfo.cfm?setid=b92d959d-dd35-b2a3-e053-2995a90af3ff ; rótulo aprovado Ritonavir: https://dailymed.nlm.nih.gov/dailymed/drugInfo.cfm?setid=d2f8c6ba-5e06-4b03-8ca5-b4fd7e5a8925 — referência adicional: Prontuário Terapêutico do INFARMED (11.ª ed., 2012)","DailyMed (FDA) — approved Cetirizine label: https://dailymed.nlm.nih.gov/dailymed/drugInfo.cfm?setid=b92d959d-dd35-b2a3-e053-2995a90af3ff ; approved Ritonavir label: https://dailymed.nlm.nih.gov/dailymed/drugInfo.cfm?setid=d2f8c6ba-5e06-4b03-8ca5-b4fd7e5a8925 — additional reference: Prontuário Terapêutico do INFARMED (11th ed., 2012)",publicado,
cetoconazol_desloratadina,cetoconazol,desloratadina,moderate,Desloratadina + cetoconazol: possível aumento das concentrações de desloratadina.,Desloratadine + ketoconazole: possible increased desloratadine concentrations.,"O cetoconazol inibe o CYP3A4, elevando os níveis de desloratadina.","Ketoconazole inhibits CYP3A4, raising desloratadine levels.",Vigiar sedação e efeitos adversos.,Watch for sedation and adverse effects.,Sintomas de excesso de anti-histamínico.,Symptoms of antihistamine excess.,"Sonolência, palpitações, tonturas.","Drowsiness, palpitations, dizziness.","DailyMed (FDA) — rótulo aprovado Desloratadina: https://dailymed.nlm.nih.gov/dailymed/drugInfo.cfm?setid=2a90b899-7746-43dc-ac8a-e754428eb30c ; rótulo aprovado Cetoconazol: https://dailymed.nlm.nih.gov/dailymed/drugInfo.cfm?setid=f162e616-21b4-49b1-b437-15e21001a6f0 — referência adicional: Prontuário Terapêutico do INFARMED (11.ª ed., 2012)","DailyMed (FDA) — approved Desloratadine label: https://dailymed.nlm.nih.gov/dailymed/drugInfo.cfm?setid=2a90b899-7746-43dc-ac8a-e754428eb30c ; approved Ketoconazole label: https://dailymed.nlm.nih.gov/dailymed/drugInfo.cfm?setid=f162e616-21b4-49b1-b437-15e21001a6f0 — additional reference: Prontuário Terapêutico do INFARMED (11th ed., 2012)",publicado,
cetoconazol_digoxina,cetoconazol,digoxina,moderate,"O Cetoconazol aumenta as concentrações de Digoxina, com risco de toxicidade digitálica.","Ketoconazole raises Digoxin concentrations, with a risk of digitalis toxicity.","Inibição da glicoproteína-P pelo cetoconazol, reduzindo a eliminação da digoxina e aumentando a sua biodisponibilidade.",P-glycoprotein inhibition by ketoconazole reduces digoxin elimination and increases its bioavailability.,Monitorizar digoxinemia e sinais clínicos; reduzir a dose de digoxina se necessário. Vigiar sobretudo nos idosos e na insuficiência renal.,Monitor digoxin levels and clinical signs; reduce the digoxin dose if needed. Watch closely in the elderly and in renal impairment.,"Digoxinemia, ECG (bradicardia, arritmias), sintomas gastrointestinais e visuais.","Digoxin levels, ECG (bradycardia, arrhythmias), gastrointestinal and visual symptoms.","Náuseas, vómitos, arritmias, visão amarela/verde (xantopsia).","Nausea, vomiting, arrhythmias, yellow/green vision (xanthopsia).","DailyMed/FDA (NIH/NLM) — rótulo aprovado Cetoconazol: https://dailymed.nlm.nih.gov/dailymed/drugInfo.cfm?setid=f162e616-21b4-49b1-b437-15e21001a6f0 ; rótulo aprovado Digoxina: https://dailymed.nlm.nih.gov/dailymed/drugInfo.cfm?setid=5886e233-b2da-4acb-be05-9bf40fb8e7f4 — com referência adicional: Prontuário Terapêutico do INFARMED (11.ª ed., 2012)","DailyMed/FDA (NIH/NLM) — approved Ketoconazole label: https://dailymed.nlm.nih.gov/dailymed/drugInfo.cfm?setid=f162e616-21b4-49b1-b437-15e21001a6f0 ; approved Digoxin label: https://dailymed.nlm.nih.gov/dailymed/drugInfo.cfm?setid=5886e233-b2da-4acb-be05-9bf40fb8e7f4 — with additional reference: Prontuário Terapêutico do INFARMED, INFARMED (11th ed., 2012)",publicado,2026-08-04
cetoconazol_fexofenadina,cetoconazol,fexofenadina,moderate,Fexofenadina + cetoconazol: aumento da exposição à fexofenadina.,Fexofenadine + ketoconazole: increased fexofenadine exposure.,O cetoconazol interfere com o transporte intestinal da fexofenadina (P-gp/OATP).,Ketoconazole interferes with intestinal fexofenadine transport (P-gp/OATP).,Vigiar efeitos adversos; sem impacto clínico relevante na maioria dos doentes.,Watch for adverse effects; no relevant clinical impact for most patients.,Efeitos adversos do anti-histamínico.,Antihistamine adverse effects.,"Sonolência, tonturas, náuseas.","Drowsiness, dizziness, nausea.","DailyMed (FDA) — rótulo aprovado Fexofenadina: https://dailymed.nlm.nih.gov/dailymed/drugInfo.cfm?setid=dd0da52b-fc82-4ec9-854c-0d7c52e926fb ; rótulo aprovado Cetoconazol: https://dailymed.nlm.nih.gov/dailymed/drugInfo.cfm?setid=f162e616-21b4-49b1-b437-15e21001a6f0 — referência adicional: Prontuário Terapêutico do INFARMED (11.ª ed., 2012)","DailyMed (FDA) — approved Fexofenadine label: https://dailymed.nlm.nih.gov/dailymed/drugInfo.cfm?setid=dd0da52b-fc82-4ec9-854c-0d7c52e926fb ; approved Ketoconazole label: https://dailymed.nlm.nih.gov/dailymed/drugInfo.cfm?setid=f162e616-21b4-49b1-b437-15e21001a6f0 — additional reference: Prontuário Terapêutico do INFARMED (11th ed., 2012)",publicado,
cetoconazol_loratadina,cetoconazol,loratadina,moderate,Loratadina + cetoconazol: possível aumento das concentrações de loratadina.,Loratadine + ketoconazole: possible increased loratadine concentrations.,O cetoconazol (inibidor do CYP3A4 e da P-gp) reduz a depuração da loratadina.,Ketoconazole (CYP3A4 and P-gp inhibitor) reduces loratadine clearance.,Vigiar sonolência; em ensaios não se observou prolongamento do QTc relevante.,Watch for drowsiness; trials showed no relevant QTc prolongation.,Efeitos sedativos e eletrocardiograma se fatores de risco.,Sedative effects and ECG if risk factors present.,"Síncope, palpitações, sonolência acentuada.","Syncope, palpitations, marked drowsiness.","DailyMed (FDA) — rótulo aprovado Loratadina: https://dailymed.nlm.nih.gov/dailymed/drugInfo.cfm?setid=569a35be-d653-181c-e063-6294a90a6eb9 ; rótulo aprovado Cetoconazol: https://dailymed.nlm.nih.gov/dailymed/drugInfo.cfm?setid=f162e616-21b4-49b1-b437-15e21001a6f0 — referência adicional: Prontuário Terapêutico do INFARMED (11.ª ed., 2012)","DailyMed (FDA) — approved Loratadine label: https://dailymed.nlm.nih.gov/dailymed/drugInfo.cfm?setid=569a35be-d653-181c-e063-6294a90a6eb9 ; approved Ketoconazole label: https://dailymed.nlm.nih.gov/dailymed/drugInfo.cfm?setid=f162e616-21b4-49b1-b437-15e21001a6f0 — additional reference: Prontuário Terapêutico do INFARMED (11th ed., 2012)",publicado,
cetoconazol_nevirapina,cetoconazol,nevirapina,moderate,A associação de Nevirapina com Cetoconazol altera as concentrações de ambos: aumenta a Nevirapina e reduz o Cetoconazol.,Combining Nevirapine with Ketoconazole alters the concentrations of both: it raises Nevirapine and lowers Ketoconazole.,A Nevirapina (indutora enzimática) reduz as concentrações do Cetoconazol; o Cetoconazol (inibidor do CYP3A4) aumenta as concentrações da Nevirapina.,Nevirapine (an enzyme inducer) lowers Ketoconazole concentrations; Ketoconazole (a CYP3A4 inhibitor) raises Nevirapine concentrations.,"Evitar a associação sempre que possível; se necessária, monitorizar a resposta terapêutica e os efeitos adversos de ambos.","Avoid the combination whenever possible; if needed, monitor the therapeutic response and adverse effects of both.","Monitorizar a função hepática e a eficácia antifúngica; sinais de toxicidade da Nevirapina (erupção cutânea, hepatite).","Monitor liver function and antifungal efficacy; signs of Nevirapine toxicity (skin rash, hepatitis).",Falha do tratamento antifúngico ou elevação das transaminases exigem reavaliação do esquema.,Antifungal failure or raised transaminases require reassessment of the regimen.,"DailyMed/FDA (NIH/NLM) — rótulo aprovado Nevirapina: https://dailymed.nlm.nih.gov/dailymed/drugInfo.cfm?setid=fbd628db-4076-4fe0-8323-9cc33ae92e42 ; rótulo aprovado Cetoconazol: https://dailymed.nlm.nih.gov/dailymed/drugInfo.cfm?setid=f162e616-21b4-49b1-b437-15e21001a6f0 — com referência adicional: Prontuário Terapêutico do INFARMED (11.ª ed., 2012)","DailyMed/FDA (NIH/NLM) — approved Nevirapine label: https://dailymed.nlm.nih.gov/dailymed/drugInfo.cfm?setid=fbd628db-4076-4fe0-8323-9cc33ae92e42 ; approved Ketoconazole label: https://dailymed.nlm.nih.gov/dailymed/drugInfo.cfm?setid=f162e616-21b4-49b1-b437-15e21001a6f0 — with additional reference: Prontuário Terapêutico do INFARMED, INFARMED (11th ed., 2012)",publicado,2026-08-04
cetoconazol_omeprazol,cetoconazol,omeprazol,moderate,O Omeprazol (inibidor da bomba de protões) reduz a absorção do Cetoconazol por aumentar o pH gástrico.,Omeprazole (proton-pump inhibitor) reduces Ketoconazole absorption by raising gastric pH.,A absorção dependente do pH: a supressão ácida reduz a dissolução do cetoconazol no estômago.,pH-dependent absorption: acid suppression reduces ketoconazole dissolution in the stomach.,Separar as tomas (cetoconazol 2 h antes do omeprazol) ou preferir um azol não pH-dependente.,Separate dosing (ketoconazole 2 h before omeprazole) or prefer a non-pH-dependent azole.,Resposta clínica ao antifúngico.,Clinical response to the antifungal.,Persistência da infeção fúngica.,Persistent fungal infection.,"DailyMed/FDA (NIH/NLM) — rótulo aprovado Cetoconazol: https://dailymed.nlm.nih.gov/dailymed/drugInfo.cfm?setid=f162e616-21b4-49b1-b437-15e21001a6f0 ; rótulo aprovado Omeprazol: https://dailymed.nlm.nih.gov/dailymed/drugInfo.cfm?setid=37291cab-e350-d8e3-e063-6294a90a9cb1 — com referência adicional: Prontuário Terapêutico do INFARMED (11.ª ed., 2012)","DailyMed/FDA (NIH/NLM) — approved Ketoconazole label: https://dailymed.nlm.nih.gov/dailymed/drugInfo.cfm?setid=f162e616-21b4-49b1-b437-15e21001a6f0 ; approved Omeprazole label: https://dailymed.nlm.nih.gov/dailymed/drugInfo.cfm?setid=37291cab-e350-d8e3-e063-6294a90a9cb1 — with additional reference: Prontuário Terapêutico do INFARMED, INFARMED (11th ed., 2012)",publicado,2026-08-04
cetoconazol_rifampicina,cetoconazol,rifampicina,moderate,"A Rifampicina (indutor do CYP450) reduz acentuadamente as concentrações de Cetoconazol, com risco de falência terapêutica antifúngica.","Rifampin (a CYP450 inducer) markedly reduces Ketoconazole levels, risking antifungal treatment failure.","Indução enzimática (CYP3A4/glicoproteína-P) pela rifampicina, acelerando a eliminação do cetoconazol e reduzindo a sua eficácia.",Enzymatic induction (CYP3A4/P-glycoprotein) by rifampin accelerates ketoconazole elimination and reduces its efficacy.,"Evitar a associação. Se forem necessários ambos, usar antifúngico alternativo e monitorizar a resposta clínica e micológica.","Avoid the combination. If both are required, use an alternative antifungal and monitor clinical and mycological response.",Resposta clínica ao antifúngico; níveis de cetoconazol (se disponíveis); provas de função hepática.,Clinical response to the antifungal; ketoconazole levels (if available); liver function tests.,"Persistência/agravamento da infeção fúngica, febre recorrente.","Persistent or worsening fungal infection, recurrent fever.","DailyMed/FDA (NIH/NLM) — rótulo aprovado Cetoconazol: https://dailymed.nlm.nih.gov/dailymed/drugInfo.cfm?setid=f162e616-21b4-49b1-b437-15e21001a6f0 ; rótulo aprovado Rifampicina: https://dailymed.nlm.nih.gov/dailymed/drugInfo.cfm?setid=b389b1a3-672f-47e3-916c-4a9c044b211b — com referência adicional: Prontuário Terapêutico do INFARMED (11.ª ed., 2012)","DailyMed/FDA (NIH/NLM) — approved Ketoconazole label: https://dailymed.nlm.nih.gov/dailymed/drugInfo.cfm?setid=f162e616-21b4-49b1-b437-15e21001a6f0 ; approved Rifampin label: https://dailymed.nlm.nih.gov/dailymed/drugInfo.cfm?setid=b389b1a3-672f-47e3-916c-4a9c044b211b — with additional reference: Prontuário Terapêutico do INFARMED, INFARMED (11th ed., 2012)",publicado,2026-08-04
cetoconazol_sildenafil,cetoconazol,sildenafil,moderate,"O Cetoconazol aumenta as concentrações de Sildenafil, com risco de hipotensão e efeitos adversos intensificados.","Ketoconazole raises Sildenafil concentrations, with a risk of hypotension and intensified adverse effects.","Inibição do CYP3A4, principal via de metabolismo do sildenafil, aumentando a sua exposição plasmática.",CYP3A4 inhibition — the main sildenafil metabolic pathway — increases its plasma exposure.,Limitar a dose de sildenafil (máx. 25 mg) durante o tratamento com cetoconazol; evitar o uso em doentes com doença cardiovascular instável.,Limit the sildenafil dose (max 25 mg) during ketoconazole therapy; avoid use in unstable cardiovascular disease.,"Pressão arterial, cefaleia, rubor facial, palpitações.","Blood pressure, headache, facial flushing, palpitations.","Hipotensão grave, síncope, dor torácica, priapismo.","Severe hypotension, syncope, chest pain, priapism.",DailyMed/FDA (NIH/NLM) — rótulo aprovado Cetoconazol: https://dailymed.nlm.nih.gov/dailymed/drugInfo.cfm?setid=f162e616-21b4-49b1-b437-15e21001a6f0 ; rótulo aprovado Sildenafil: https://dailymed.nlm.nih.gov/dailymed/drugInfo.cfm?setid=00ee09dd-2de0-4dc4-85f6-b51ed6eabd5b,DailyMed/FDA (NIH/NLM) — approved Ketoconazole label: https://dailymed.nlm.nih.gov/dailymed/drugInfo.cfm?setid=f162e616-21b4-49b1-b437-15e21001a6f0 ; approved Sildenafil label: https://dailymed.nlm.nih.gov/dailymed/drugInfo.cfm?setid=00ee09dd-2de0-4dc4-85f6-b51ed6eabd5b,publicado,2026-08-04
cetoconazol_warfarina,cetoconazol,warfarina,moderate,"O Cetoconazol potencia o efeito anticoagulante da Varfarina, com aumento do risco hemorrágico.","Ketoconazole potentiates the anticoagulant effect of Warfarin, increasing the bleeding risk.","Inibição do CYP2C9 (e CYP3A4) pelo cetoconazol, reduzindo o metabolismo da varfarina e aumentando o INR.",CYP2C9 (and CYP3A4) inhibition by ketoconazole reduces warfarin metabolism and raises the INR.,Monitorizar o INR de forma mais frequente após iniciar/suspender o cetoconazol; ajustar a dose de varfarina conforme necessário.,Monitor the INR more frequently after starting/stopping ketoconazole; adjust the warfarin dose accordingly.,"INR, sinais de hemorragia (gengivas, equimoses, melenas).","INR, signs of bleeding (gums, bruising, melena).","Hemorragia inexplicada, hematúria, melena, hemorragia intracraniana.","Unexplained bleeding, haematuria, melena, intracranial haemorrhage.","DailyMed/FDA (NIH/NLM) — rótulo aprovado Cetoconazol: https://dailymed.nlm.nih.gov/dailymed/drugInfo.cfm?setid=f162e616-21b4-49b1-b437-15e21001a6f0 ; rótulo aprovado Varfarina: https://dailymed.nlm.nih.gov/dailymed/drugInfo.cfm?setid=541c9a70-adaf-4ef3-94ba-ad4e70dfa057 — com referência adicional: Prontuário Terapêutico do INFARMED (11.ª ed., 2012)","DailyMed/FDA (NIH/NLM) — approved Ketoconazole label: https://dailymed.nlm.nih.gov/dailymed/drugInfo.cfm?setid=f162e616-21b4-49b1-b437-15e21001a6f0 ; approved Warfarin label: https://dailymed.nlm.nih.gov/dailymed/drugInfo.cfm?setid=541c9a70-adaf-4ef3-94ba-ad4e70dfa057 — with additional reference: Prontuário Terapêutico do INFARMED, INFARMED (11th ed., 2012)",publicado,2026-08-04
cianocobalamina_omeprazol,cianocobalamina,omeprazol,minor,"O uso prolongado de omeprazol pode reduzir a absorção da vitamina B12 alimentar, mas raramente afeta a cianocobalamina suplementar.","Long-term omeprazole may reduce absorption of dietary vitamin B12, but rarely affects supplemental cyanocobalamin.",A hipocloridria prolongada pelo IBP reduz a libertação da B12 ligada às proteínas alimentares.,PPI-induced prolonged hypochlorhydria reduces release of food-bound B12.,"Em uso prolongado de IBP, vigiar níveis de B12 em doentes de risco.","With long-term PPI use, monitor B12 levels in at-risk patients.",Vigiar hemograma e níveis de B12 em doentes idosos ou malnutridos.,Monitor blood count and B12 levels in elderly or malnourished patients.,Anemia macrocítica ou sintomas neuropáticos persistentes.,Macrocytic anaemia or persistent neuropathic symptoms.,"DailyMed (FDA) — rótulo aprovado Cianocobalamina: https://dailymed.nlm.nih.gov/dailymed/drugInfo.cfm?setid=3bb870d8-128d-75ea-e063-6394a90a707b ; rótulo aprovado Omeprazol: https://dailymed.nlm.nih.gov/dailymed/drugInfo.cfm?setid=6ea9a6f3-b756-4cdf-b3db-f666a2c17d66 — referência adicional: Prontuário Terapêutico do INFARMED (11.ª ed., 2012)","DailyMed (FDA) — approved Cyanocobalamin label: https://dailymed.nlm.nih.gov/dailymed/drugInfo.cfm?setid=3bb870d8-128d-75ea-e063-6394a90a707b ; approved Omeprazole label: https://dailymed.nlm.nih.gov/dailymed/drugInfo.cfm?setid=6ea9a6f3-b756-4cdf-b3db-f666a2c17d66 — additional reference: Prontuário Terapêutico do INFARMED (11th ed., 2012)",publicado,
ciprofloxacina_cloroquina,ciprofloxacina,cloroquina,moderate,"Efeito aditivo no prolongamento do QT; risco baixo-moderado, maior em doentes com fatores de risco.","Additive QT prolongation; low-to-moderate risk, higher in patients with risk factors.",A Ciprofloxacina e a Cloroquina prolongam ligeiramente o QT — efeito aditivo na repolarização.,Ciprofloxacin and Chloroquine both slightly prolong QT — additive effect on repolarisation.,"Precaução em doentes de risco (QT longo, hipocaliemia, idosos); monitorizar se sintomas.","Caution in at-risk patients (long QT, hypokalaemia, elderly); monitor if symptomatic.",ECG se fatores de risco ou sintomas.,ECG if risk factors or symptoms.,"Palpitações, síncope.","Palpitations, syncope.",DailyMed/FDA (NIH/NLM) — rótulo aprovado Cloroquina: https://dailymed.nlm.nih.gov/dailymed/drugInfo.cfm?setid=06c69e2b-211b-4746-9f3a-f86d36520570 ; rótulo aprovado Ciprofloxacina: https://dailymed.nlm.nih.gov/dailymed/drugInfo.cfm?setid=14c3bc33-201d-492e-9aee-a4d84c813a3d,DailyMed/FDA (NIH/NLM) — approved Chloroquine label: https://dailymed.nlm.nih.gov/dailymed/drugInfo.cfm?setid=06c69e2b-211b-4746-9f3a-f86d36520570 ; approved Ciprofloxacin label: https://dailymed.nlm.nih.gov/dailymed/drugInfo.cfm?setid=14c3bc33-201d-492e-9aee-a4d84c813a3d,publicado,2026-08-03
ciprofloxacina_diidroartemisinina-piperaquina,ciprofloxacina,diidroartemisinina-piperaquina,moderate,Prolongamento do QT aditivo (Piperaquina + Ciprofloxacina) — risco de arritmias ventriculares.,Additive QT prolongation (Piperaquine + Ciprofloxacin) — risk of ventricular arrhythmias.,Efeito aditivo na repolarização cardíaca.,Additive effect on cardiac repolarisation.,Precaução em doentes de risco; ECG se sintomas.,Caution in at-risk patients; ECG if symptoms.,ECG (QTc) e eletrólitos.,ECG (QTc) and electrolytes.,"Palpitações, síncope.","Palpitations, syncope.",EMA — EPAR Eurartesim (dihidroartemisinina + piperaquina): https://www.ema.europa.eu/en/medicines/human/EPAR/eurartesim ; DailyMed/FDA (NIH/NLM) — rótulo aprovado Ciprofloxacina: https://dailymed.nlm.nih.gov/dailymed/drugInfo.cfm?setid=14c3bc33-201d-492e-9aee-a4d84c813a3d,EMA — EPAR Eurartesim (dihydroartemisinin + piperaquine): https://www.ema.europa.eu/en/medicines/human/EPAR/eurartesim ; DailyMed/FDA (NIH/NLM) — approved Ciprofloxacin label: https://dailymed.nlm.nih.gov/dailymed/drugInfo.cfm?setid=14c3bc33-201d-492e-9aee-a4d84c813a3d,publicado,2026-08-03
ciprofloxacina_domperidona,ciprofloxacina,domperidona,moderate,A ciprofloxacina pode aumentar a exposição à domperidona e somar efeitos no intervalo QT.,Ciprofloxacin may increase domperidone exposure and add QT-interval effects.,A ciprofloxacina inibe parcialmente o CYP3A4 e ambas prolongam o QT.,Ciprofloxacin partially inhibits CYP3A4 and both prolong the QT.,Usar com precaução; considerar alternativa se houver fatores de risco QT.,Use with caution; consider an alternative if QT risk factors are present.,"Vigiar ECG em doentes com fatores de risco (hipocaliemia, bradicardia, outros fármacos QT).","Monitor ECG in patients with risk factors (hypokalaemia, bradycardia, other QT drugs).","Arritmias ventriculares, torsade de pointes (raro).","Ventricular arrhythmias, torsade de pointes (rare).","DailyMed (FDA) — rótulo aprovado Domperidona: https://dailymed.nlm.nih.gov/dailymed/drugInfo.cfm?setid=cdb0c9b9-388c-4a06-9fe9-bb4e52278a4e ; rótulo aprovado Ciprofloxacina: https://dailymed.nlm.nih.gov/dailymed/drugInfo.cfm?setid=c527d138-e32c-418f-9573-a3d8a796279f — referência adicional: Prontuário Terapêutico do INFARMED (11.ª ed., 2012)","DailyMed (FDA) — approved Domperidone label: https://dailymed.nlm.nih.gov/dailymed/drugInfo.cfm?setid=cdb0c9b9-388c-4a06-9fe9-bb4e52278a4e ; approved Ciprofloxacin label: https://dailymed.nlm.nih.gov/dailymed/drugInfo.cfm?setid=c527d138-e32c-418f-9573-a3d8a796279f — additional reference: Prontuário Terapêutico do INFARMED (11th ed., 2012)",publicado,
ciprofloxacina_ferro,ciprofloxacina,ferro,moderate,O ferro reduz acentuadamente a absorção da ciprofloxacina por quelação.,Iron markedly reduces ciprofloxacin absorption through chelation.,"Os catiões Fe2+/Fe3+ formam quelatos com a fluoroquinolona no trato gastrointestinal, reduzindo a sua biodisponibilidade.","Fe2+/Fe3+ cations chelate the fluoroquinolone in the GI tract, reducing its bioavailability.",Administrar a ciprofloxacina pelo menos 2 horas antes ou 4 horas depois do ferro.,Give ciprofloxacin at least 2 hours before or 4 hours after iron.,Vigiar a eficácia do antibiótico (sinais de infeção persistente).,Monitor antibiotic efficacy (signs of persistent infection).,Falência terapêutica da ciprofloxacina; infeção não resolvida.,Therapeutic failure of ciprofloxacin; unresolved infection.,"DailyMed (FDA) — rótulo aprovado Ferro: https://dailymed.nlm.nih.gov/dailymed/drugInfo.cfm?setid=73d1f079-d8eb-44f4-b33d-05fb25b80c8f ; rótulo aprovado Ciprofloxacina: https://dailymed.nlm.nih.gov/dailymed/drugInfo.cfm?setid=c527d138-e32c-418f-9573-a3d8a796279f — referência adicional: Prontuário Terapêutico do INFARMED (11.ª ed., 2012)","DailyMed (FDA) — approved Iron label: https://dailymed.nlm.nih.gov/dailymed/drugInfo.cfm?setid=73d1f079-d8eb-44f4-b33d-05fb25b80c8f ; approved Ciprofloxacin label: https://dailymed.nlm.nih.gov/dailymed/drugInfo.cfm?setid=c527d138-e32c-418f-9573-a3d8a796279f — additional reference: Prontuário Terapêutico do INFARMED (11th ed., 2012)",publicado,
ciprofloxacina_mefloquina,ciprofloxacina,mefloquina,moderate,"Prolongamento do QT aditivo — risco baixo-moderado, maior em doentes de risco.","Additive QT prolongation — low-to-moderate risk, higher in at-risk patients.",Efeito aditivo na repolarização cardíaca.,Additive effect on cardiac repolarisation.,Precaução em doentes de risco; ECG se sintomas.,Caution in at-risk patients; ECG if symptoms.,ECG se fatores de risco.,ECG if risk factors.,"Palpitações, síncope.","Palpitations, syncope.",DailyMed/FDA (NIH/NLM) — rótulo aprovado Mefloquina: https://dailymed.nlm.nih.gov/dailymed/drugInfo.cfm?setid=09716a24-d7da-42b2-af29-c03a1b6670bd ; rótulo aprovado Ciprofloxacina: https://dailymed.nlm.nih.gov/dailymed/drugInfo.cfm?setid=14c3bc33-201d-492e-9aee-a4d84c813a3d,DailyMed/FDA (NIH/NLM) — approved Mefloquine label: https://dailymed.nlm.nih.gov/dailymed/drugInfo.cfm?setid=09716a24-d7da-42b2-af29-c03a1b6670bd ; approved Ciprofloxacin label: https://dailymed.nlm.nih.gov/dailymed/drugInfo.cfm?setid=14c3bc33-201d-492e-9aee-a4d84c813a3d,publicado,2026-08-03
ciprofloxacina_metotrexato,ciprofloxacina,metotrexato,moderate,Fluoroquinolona + metotrexato: possível aumento da toxicidade do metotrexato.,Fluoroquinolone + methotrexate: possible increased methotrexate toxicity.,"A ciprofloxacina pode reduzir a depuração renal do metotrexato, elevando as suas concentrações.","Ciprofloxacin may reduce methotrexate renal clearance, raising its concentrations.",Usar com precaução e monitorizar hemograma e função renal.,Use with caution and monitor full blood count and renal function.,Hemograma e função renal durante a antibioterapia.,Full blood count and renal function during antibiotic therapy.,"Mielossupressão: febre, úlceras orais, infeções.","Marrow suppression: fever, oral ulcers, infections.","DailyMed (FDA) — rótulo aprovado Metotrexato: https://dailymed.nlm.nih.gov/dailymed/drugInfo.cfm?setid=757d6cef-6696-7a1c-8074-01258aaa8bdd ; rótulo aprovado Ciprofloxacina: https://dailymed.nlm.nih.gov/dailymed/drugInfo.cfm?setid=c527d138-e32c-418f-9573-a3d8a796279f — referência adicional: Prontuário Terapêutico do INFARMED (11.ª ed., 2012)","DailyMed (FDA) — approved Methotrexate label: https://dailymed.nlm.nih.gov/dailymed/drugInfo.cfm?setid=757d6cef-6696-7a1c-8074-01258aaa8bdd ; approved Ciprofloxacin label: https://dailymed.nlm.nih.gov/dailymed/drugInfo.cfm?setid=c527d138-e32c-418f-9573-a3d8a796279f — additional reference: Prontuário Terapêutico do INFARMED (11th ed., 2012)",publicado,
ciprofloxacina_quinina,ciprofloxacina,quinina,moderate,Prolongamento do QT aditivo — risco de arritmias ventriculares.,Additive QT prolongation — risk of ventricular arrhythmias.,Efeito aditivo na repolarização cardíaca.,Additive effect on cardiac repolarisation.,Precaução; ECG em doentes de risco.,Caution; ECG in at-risk patients.,ECG (QTc) e eletrólitos.,ECG (QTc) and electrolytes.,"Palpitações, síncope.","Palpitations, syncope.",DailyMed/FDA (NIH/NLM) — rótulo aprovado Quinina: https://dailymed.nlm.nih.gov/dailymed/drugInfo.cfm?setid=1f32f05c-a215-40be-b951-e41a7b54a8a0 ; rótulo aprovado Ciprofloxacina: https://dailymed.nlm.nih.gov/dailymed/drugInfo.cfm?setid=14c3bc33-201d-492e-9aee-a4d84c813a3d,DailyMed/FDA (NIH/NLM) — approved Quinine label: https://dailymed.nlm.nih.gov/dailymed/drugInfo.cfm?setid=1f32f05c-a215-40be-b951-e41a7b54a8a0 ; approved Ciprofloxacin label: https://dailymed.nlm.nih.gov/dailymed/drugInfo.cfm?setid=14c3bc33-201d-492e-9aee-a4d84c813a3d,publicado,2026-08-03
ciprofloxacina_sucralfato,ciprofloxacina,sucralfato,moderate,O sucralfato reduz significativamente a absorção oral da ciprofloxacina quando administrado em simultâneo.,Sucralfate significantly reduces oral ciprofloxacin absorption when given at the same time.,O sucralfato forma complexos de quelação com as fluoroquinolonas no trato gastrointestinal.,Sucralfate chelates fluoroquinolones in the gastrointestinal tract.,Administrar a ciprofloxacina 2 horas antes ou 6 horas após o sucralfato.,Give ciprofloxacin 2 hours before or 6 hours after sucralfate.,Vigiar a resposta clínica à antibioterapia.,Monitor the clinical response to antibiotic therapy.,Falha terapêutica da ciprofloxacina.,Ciprofloxacin therapeutic failure.,"DailyMed (FDA) — rótulo aprovado Sucralfato: https://dailymed.nlm.nih.gov/dailymed/drugInfo.cfm?setid=1e781cc0-24ec-4028-8262-dcef9873ea1f ; rótulo aprovado Ciprofloxacina: https://dailymed.nlm.nih.gov/dailymed/drugInfo.cfm?setid=c527d138-e32c-418f-9573-a3d8a796279f — referência adicional: Prontuário Terapêutico do INFARMED (11.ª ed., 2012)","DailyMed (FDA) — approved Sucralfate label: https://dailymed.nlm.nih.gov/dailymed/drugInfo.cfm?setid=1e781cc0-24ec-4028-8262-dcef9873ea1f ; approved Ciprofloxacin label: https://dailymed.nlm.nih.gov/dailymed/drugInfo.cfm?setid=c527d138-e32c-418f-9573-a3d8a796279f — additional reference: Prontuário Terapêutico do INFARMED (11th ed., 2012)",publicado,
ciprofloxacina_sulfato_magnesio,ciprofloxacina,sulfato_magnesio,moderate,Ciprofloxacina + magnésio: quelação que reduz a absorção da fluoroquinolona.,Ciprofloxacin + magnesium: chelation reduces fluoroquinolone absorption.,Os catiões magnésio formam quelatos com a ciprofloxacina no intestino.,Magnesium cations chelate ciprofloxacin in the gut.,Separar as tomas por pelo menos 2 horas (via oral).,Separate oral dosing by at least 2 hours.,Resposta clínica à antibioterapia.,Clinical response to antibiotic therapy.,Falência da terapêutica.,Therapy failure.,"DailyMed (FDA) — rótulo aprovado Ciprofloxacina: https://dailymed.nlm.nih.gov/dailymed/drugInfo.cfm?setid=c527d138-e32c-418f-9573-a3d8a796279f ; rótulo aprovado Sulfato de magnésio: https://dailymed.nlm.nih.gov/dailymed/drugInfo.cfm?setid=a5a9f565-639c-4b22-b9e5-718bac7cfcf3 — referência adicional: Prontuário Terapêutico do INFARMED (11.ª ed., 2012)","DailyMed (FDA) — approved Ciprofloxacin label: https://dailymed.nlm.nih.gov/dailymed/drugInfo.cfm?setid=c527d138-e32c-418f-9573-a3d8a796279f ; approved Magnesium sulfate label: https://dailymed.nlm.nih.gov/dailymed/drugInfo.cfm?setid=a5a9f565-639c-4b22-b9e5-718bac7cfcf3 — additional reference: Prontuário Terapêutico do INFARMED (11th ed., 2012)",publicado,
ciprofloxacina_teofilina,ciprofloxacina,teofilina,moderate,A ciprofloxacina reduz a depuração da teofilina e pode aumentar a sua toxicidade.,Ciprofloxacin reduces theophylline clearance and may increase its toxicity.,"A ciprofloxacina inibe o CYP1A2, elevando as concentrações de teofilina.","Ciprofloxacin inhibits CYP1A2, raising theophylline concentrations.",Reduzir a dose de teofilina ou monitorizar os níveis durante o tratamento com ciprofloxacina.,Reduce the theophylline dose or monitor levels during ciprofloxacin treatment.,"Vigiar sinais de toxicidade da teofilina (náuseas, tremores, taquicardia, convulsões).","Monitor signs of theophylline toxicity (nausea, tremor, tachycardia, seizures).","Convulsões, arritmias graves.","Seizures, serious arrhythmias.","DailyMed (FDA) — rótulo aprovado Teofilina: https://dailymed.nlm.nih.gov/dailymed/drugInfo.cfm?setid=5e64036a-ee3e-42e7-9e59-881f88a4e298 ; rótulo aprovado Ciprofloxacina: https://dailymed.nlm.nih.gov/dailymed/drugInfo.cfm?setid=c527d138-e32c-418f-9573-a3d8a796279f — referência adicional: Prontuário Terapêutico do INFARMED (11.ª ed., 2012)","DailyMed (FDA) — approved Theophylline label: https://dailymed.nlm.nih.gov/dailymed/drugInfo.cfm?setid=5e64036a-ee3e-42e7-9e59-881f88a4e298 ; approved Ciprofloxacin label: https://dailymed.nlm.nih.gov/dailymed/drugInfo.cfm?setid=c527d138-e32c-418f-9573-a3d8a796279f — additional reference: Prontuário Terapêutico do INFARMED (11th ed., 2012)",publicado,
ciprofloxacina_warfarina,ciprofloxacina,warfarina,moderate,"A Ciprofloxacina pode potenciar o efeito anticoagulante da Varfarina, com aumento do INR e do risco hemorrágico.","Ciprofloxacin may potentiate the anticoagulant effect of Warfarin, raising the INR and the bleeding risk.","A Ciprofloxacina inibe a CYP1A2 e, em menor grau, a CYP3A4, reduzindo o metabolismo da Varfarina; a alteração da flora intestinal produtora de vitamina K contribui também para o efeito anticoagulante aumentado.","Ciprofloxacin inhibits CYP1A2 and, to a lesser extent, CYP3A4, reducing Warfarin metabolism; altered vitamin K-producing gut flora also contributes to the enhanced anticoagulant effect.",Vigiar o INR e ajustar a dose de varfarina durante a associação; reforçar a vigilância hemorrágica.,Monitor the INR and adjust the warfarin dose during the combination; reinforce bleeding surveillance.,Monitorizar o INR com maior frequência e sinais de sangramento.,Monitor the INR more frequently and watch for bleeding signs.,"INR elevado, hemorragia ou equimoses espontâneas requerem avaliação imediata.","An elevated INR, bleeding or spontaneous bruising require immediate evaluation.","DailyMed/FDA (NIH/NLM) — rótulo aprovado Ciprofloxacina: https://dailymed.nlm.nih.gov/dailymed/drugInfo.cfm?setid=57e5832f-9168-1f24-e063-6294a90aaae6 ; rótulo aprovado Varfarina: https://dailymed.nlm.nih.gov/dailymed/drugInfo.cfm?setid=541c9a70-adaf-4ef3-94ba-ad4e70dfa057 — com referência adicional: Prontuário Terapêutico do INFARMED (11.ª ed., 2012)","DailyMed/FDA (NIH/NLM) — approved Ciprofloxacin label: https://dailymed.nlm.nih.gov/dailymed/drugInfo.cfm?setid=57e5832f-9168-1f24-e063-6294a90aaae6 ; approved Warfarin label: https://dailymed.nlm.nih.gov/dailymed/drugInfo.cfm?setid=541c9a70-adaf-4ef3-94ba-ad4e70dfa057 — with additional reference: Prontuário Terapêutico do INFARMED, INFARMED (11th ed., 2012)",publicado,2026-08-04
ciprofloxacina_zinco,ciprofloxacina,zinco,moderate,Ciprofloxacina + zinco: quelação que reduz a absorção da fluoroquinolona.,Ciprofloxacin + zinc: chelation reduces fluoroquinolone absorption.,O zinco forma complexos com a ciprofloxacina no trato digestivo.,Zinc forms complexes with ciprofloxacin in the gut.,Separar as tomas por pelo menos 2 horas.,Separate dosing by at least 2 hours.,Resposta clínica à antibioterapia.,Clinical response to antibiotic therapy.,"Falência da terapêutica, infeção não resolvida.","Therapy failure, unresolved infection.","DailyMed (FDA) — rótulo aprovado Ciprofloxacina: https://dailymed.nlm.nih.gov/dailymed/drugInfo.cfm?setid=c527d138-e32c-418f-9573-a3d8a796279f ; rótulo aprovado Zinco (sulfato de zinco): https://dailymed.nlm.nih.gov/dailymed/drugInfo.cfm?setid=2bd646d2-2a2a-4376-8da0-c7f08b0511ac — referência adicional: Prontuário Terapêutico do INFARMED (11.ª ed., 2012)","DailyMed (FDA) — approved Ciprofloxacin label: https://dailymed.nlm.nih.gov/dailymed/drugInfo.cfm?setid=c527d138-e32c-418f-9573-a3d8a796279f ; approved Zinc (zinc sulfate) label: https://dailymed.nlm.nih.gov/dailymed/drugInfo.cfm?setid=2bd646d2-2a2a-4376-8da0-c7f08b0511ac — additional reference: Prontuário Terapêutico do INFARMED (11th ed., 2012)",publicado,
claritromicina_cloroquina,claritromicina,cloroquina,moderate,Prolongamento do QT aditivo com risco de arritmias ventriculares.,Additive QT prolongation with risk of ventricular arrhythmias.,Ambos bloqueiam os canais de potássio cardíacos; efeito aditivo na repolarização.,Both block cardiac potassium channels; additive effect on repolarisation.,Usar com precaução; monitorizar o ECG; considerar alternativa antibiótica.,Use with caution; monitor the ECG; consider an alternative antibiotic.,ECG (QTc) e eletrólitos.,ECG (QTc) and electrolytes.,"Palpitações, síncope, tonturas.","Palpitations, syncope, dizziness.",DailyMed/FDA (NIH/NLM) — rótulo aprovado Cloroquina: https://dailymed.nlm.nih.gov/dailymed/drugInfo.cfm?setid=06c69e2b-211b-4746-9f3a-f86d36520570 ; rótulo aprovado Claritromicina: https://dailymed.nlm.nih.gov/dailymed/drugInfo.cfm?setid=d836ae7e-fdbf-4dcb-a90d-ede1dcbc3e67,DailyMed/FDA (NIH/NLM) — approved Chloroquine label: https://dailymed.nlm.nih.gov/dailymed/drugInfo.cfm?setid=06c69e2b-211b-4746-9f3a-f86d36520570 ; approved Clarithromycin label: https://dailymed.nlm.nih.gov/dailymed/drugInfo.cfm?setid=d836ae7e-fdbf-4dcb-a90d-ede1dcbc3e67,publicado,2026-08-03
claritromicina_colchicina,claritromicina,colchicina,critical,Colchicina + inibidor potente do CYP3A4/P-gp: risco de toxicidade grave da colchicina.,Colchicine + potent CYP3A4/P-gp inhibitor: risk of severe colchicine toxicity.,"A claritromicina inibe o CYP3A4 e a glicoproteína-P, aumentando muito as concentrações de colchicina.","Clarithromycin inhibits CYP3A4 and P-glycoprotein, markedly raising colchicine concentrations.","Associação contraindicada; preferir alternativa antibiótica. Se inevitável, reduzir fortemente a dose de colchicina.","Contraindicated; prefer an alternative antibiotic. If unavoidable, strongly reduce the colchicine dose.","Vigiar sintomas de toxicidade da colchicina (GI, neuromuscular).","Watch for colchicine toxicity symptoms (GI, neuromuscular).","Diarreia grave, vómitos, rabdomiólise, pancitopenia, arritmias.","Severe diarrhoea, vomiting, rhabdomyolysis, pancytopenia, arrhythmias.","DailyMed (FDA) — rótulo aprovado Colchicina: https://dailymed.nlm.nih.gov/dailymed/drugInfo.cfm?setid=5ae87893-a065-468e-b8da-f1db86afcaef ; rótulo aprovado Claritromicina: https://dailymed.nlm.nih.gov/dailymed/drugInfo.cfm?setid=d836ae7e-fdbf-4dcb-a90d-ede1dcbc3e67 — referência adicional: Prontuário Terapêutico do INFARMED (11.ª ed., 2012)","DailyMed (FDA) — approved Colchicine label: https://dailymed.nlm.nih.gov/dailymed/drugInfo.cfm?setid=5ae87893-a065-468e-b8da-f1db86afcaef ; approved Clarithromycin label: https://dailymed.nlm.nih.gov/dailymed/drugInfo.cfm?setid=d836ae7e-fdbf-4dcb-a90d-ede1dcbc3e67 — additional reference: Prontuário Terapêutico do INFARMED (11th ed., 2012)",publicado,
claritromicina_dexametasona,claritromicina,dexametasona,moderate,Corticosteroide + claritromicina: a inibição do CYP3A4 aumenta a exposição ao corticosteroide.,Corticosteroid + clarithromycin: CYP3A4 inhibition increases corticosteroid exposure.,"A claritromicina inibe o CYP3A4, reduzindo o metabolismo da dexametasona.","Clarithromycin inhibits CYP3A4, reducing dexamethasone metabolism.","Vigiar efeitos dos corticosteroides (hiperglicemia, retenção de líquidos, síndrome de Cushing).","Watch for corticosteroid effects (hyperglycaemia, fluid retention, Cushing syndrome).","Glicemia, tensão arterial e sinais de excesso de corticosteroides.","Blood glucose, blood pressure and signs of corticosteroid excess.","Ganho de peso, edema, hiperglicemia.","Weight gain, oedema, hyperglycaemia.","DailyMed (FDA) — rótulo aprovado Dexametasona: https://dailymed.nlm.nih.gov/dailymed/drugInfo.cfm?setid=7cbd9005-7df2-47ee-adb3-7244c1c69bc3 ; rótulo aprovado Claritromicina: https://dailymed.nlm.nih.gov/dailymed/drugInfo.cfm?setid=d836ae7e-fdbf-4dcb-a90d-ede1dcbc3e67 — referência adicional: Prontuário Terapêutico do INFARMED (11.ª ed., 2012)","DailyMed (FDA) — approved Dexamethasone label: https://dailymed.nlm.nih.gov/dailymed/drugInfo.cfm?setid=7cbd9005-7df2-47ee-adb3-7244c1c69bc3 ; approved Clarithromycin label: https://dailymed.nlm.nih.gov/dailymed/drugInfo.cfm?setid=d836ae7e-fdbf-4dcb-a90d-ede1dcbc3e67 — additional reference: Prontuário Terapêutico do INFARMED (11th ed., 2012)",publicado,
claritromicina_diidroartemisinina-piperaquina,claritromicina,diidroartemisinina-piperaquina,moderate,A Claritromicina prolonga o QT e inibe o CYP3A4 (que metaboliza a Piperaquina) — risco elevado de arritmias.,Clarithromycin prolongs QT and inhibits CYP3A4 (which metabolises Piperaquine) — high risk of arrhythmias.,Prolongamento do QT aditivo + inibição enzimática que eleva a exposição à Piperaquina.,Additive QT prolongation + enzymatic inhibition raising Piperaquine exposure.,Evitar a associação; considerar antibiótico alternativo.,Avoid the association; consider an alternative antibiotic.,ECG (QTc) e eletrólitos.,ECG (QTc) and electrolytes.,"Palpitações, síncope.","Palpitations, syncope.",EMA — EPAR Eurartesim (dihidroartemisinina + piperaquina): https://www.ema.europa.eu/en/medicines/human/EPAR/eurartesim ; DailyMed/FDA (NIH/NLM) — rótulo aprovado Claritromicina: https://dailymed.nlm.nih.gov/dailymed/drugInfo.cfm?setid=d836ae7e-fdbf-4dcb-a90d-ede1dcbc3e67,EMA — EPAR Eurartesim (dihydroartemisinin + piperaquine): https://www.ema.europa.eu/en/medicines/human/EPAR/eurartesim ; DailyMed/FDA (NIH/NLM) — approved Clarithromycin label: https://dailymed.nlm.nih.gov/dailymed/drugInfo.cfm?setid=d836ae7e-fdbf-4dcb-a90d-ede1dcbc3e67,publicado,2026-08-03
claritromicina_domperidona,claritromicina,domperidona,critical,"A associação de domperidona com claritromicina está contraindicada: a claritromicina inibe o CYP3A4 e aumenta as concentrações de domperidona, com risco elevado de prolongamento do intervalo QT e torsade de pointes.","Combining domperidone with clarithromycin is contraindicated: clarithromycin inhibits CYP3A4 and raises domperidone concentrations, with a high risk of QT-interval prolongation and torsade de pointes.","A claritromicina é um inibidor potente do CYP3A4, principal via de metabolização da domperidona; ambas as substâncias prolongam o QT.","Clarithromycin is a potent CYP3A4 inhibitor, the main metabolic pathway of domperidone; both substances prolong the QT interval.",Evitar a associação; escolher um macrólido alternativo ou um procinético/antiemético sem risco QT.,Avoid the combination; choose an alternative macrolide or a prokinetic/antiemetic without QT risk.,"Vigiar ECG (intervalo QT) e sintomas de arritmia (palpitações, síncope).","Monitor ECG (QT interval) and arrhythmia symptoms (palpitations, syncope).","Torsade de pointes, morte súbita.","Torsade de pointes, sudden death.","DailyMed (FDA) — rótulo aprovado Domperidona: https://dailymed.nlm.nih.gov/dailymed/drugInfo.cfm?setid=cdb0c9b9-388c-4a06-9fe9-bb4e52278a4e ; rótulo aprovado Claritromicina: https://dailymed.nlm.nih.gov/dailymed/drugInfo.cfm?setid=d836ae7e-fdbf-4dcb-a90d-ede1dcbc3e67 — referência adicional: Prontuário Terapêutico do INFARMED (11.ª ed., 2012)","DailyMed (FDA) — approved Domperidone label: https://dailymed.nlm.nih.gov/dailymed/drugInfo.cfm?setid=cdb0c9b9-388c-4a06-9fe9-bb4e52278a4e ; approved Clarithromycin label: https://dailymed.nlm.nih.gov/dailymed/drugInfo.cfm?setid=d836ae7e-fdbf-4dcb-a90d-ede1dcbc3e67 — additional reference: Prontuário Terapêutico do INFARMED (11th ed., 2012)",publicado,
claritromicina_efavirenz,claritromicina,efavirenz,moderate,"A associação de Efavirenz com Claritromicina reduz as concentrações da Claritromicina, comprometendo a resposta antimicrobiana; existe ainda risco de prolongamento do intervalo QT.","Combining Efavirenz with Clarithromycin reduces Clarithromycin concentrations, compromising the antimicrobial response; there is also a risk of QT prolongation.","O Efavirenz, indutor do CYP3A4, acelera o metabolismo da Claritromicina (↓ Claritromicina, ↑ do metabolito), reduzindo a sua eficácia.","Efavirenz, a CYP3A4 inducer, accelerates Clarithromycin metabolism (↓ Clarithromycin, ↑ of the metabolite), reducing its efficacy.",Considerar um antibiótico alternativo (por exemplo azitromicina) para evitar a interação e reduzir o risco de QT prolongado.,Consider an alternative antibiotic (e.g. azithromycin) to avoid the interaction and reduce the risk of QT prolongation.,"Vigiar sinais de infeção não controlada e, se fatores de risco, o intervalo QT.","Watch for signs of uncontrolled infection and, with risk factors, the QT interval.",Agravamento da infeção durante o tratamento exige revisão do antibiótico.,Worsening infection during treatment requires review of the antibiotic.,"DailyMed/FDA (NIH/NLM) — rótulo aprovado Efavirenz: https://dailymed.nlm.nih.gov/dailymed/drugInfo.cfm?setid=92603fa5-7a2c-4bfb-9a70-aadb4fba952c ; rótulo aprovado Claritromicina: https://dailymed.nlm.nih.gov/dailymed/drugInfo.cfm?setid=d836ae7e-fdbf-4dcb-a90d-ede1dcbc3e67 — com referência adicional: Prontuário Terapêutico do INFARMED (11.ª ed., 2012)","DailyMed/FDA (NIH/NLM) — approved Efavirenz label: https://dailymed.nlm.nih.gov/dailymed/drugInfo.cfm?setid=92603fa5-7a2c-4bfb-9a70-aadb4fba952c ; approved Clarithromycin label: https://dailymed.nlm.nih.gov/dailymed/drugInfo.cfm?setid=d836ae7e-fdbf-4dcb-a90d-ede1dcbc3e67 — with additional reference: Prontuário Terapêutico do INFARMED, INFARMED (11th ed., 2012)",publicado,2026-08-04
claritromicina_hidroxicloroquina,claritromicina,hidroxicloroquina,moderate,Efeito aditivo no prolongamento do QT — risco de arritmias.,Additive QT prolongation — risk of arrhythmias.,Bloqueio aditivo dos canais de potássio cardíacos.,Additive blockade of cardiac potassium channels.,Precaução; ECG se fatores de risco.,Caution; ECG if risk factors.,ECG (QTc) e eletrólitos.,ECG (QTc) and electrolytes.,"Palpitações, síncope.","Palpitations, syncope.",DailyMed/FDA (NIH/NLM) — rótulo aprovado Hidroxicloroquina: https://dailymed.nlm.nih.gov/dailymed/drugInfo.cfm?setid=34496b43-05a2-45fb-a769-52b12e099341 ; rótulo aprovado Claritromicina: https://dailymed.nlm.nih.gov/dailymed/drugInfo.cfm?setid=d836ae7e-fdbf-4dcb-a90d-ede1dcbc3e67,DailyMed/FDA (NIH/NLM) — approved Hydroxychloroquine label: https://dailymed.nlm.nih.gov/dailymed/drugInfo.cfm?setid=34496b43-05a2-45fb-a769-52b12e099341 ; approved Clarithromycin label: https://dailymed.nlm.nih.gov/dailymed/drugInfo.cfm?setid=d836ae7e-fdbf-4dcb-a90d-ede1dcbc3e67,publicado,2026-08-03
claritromicina_loperamida,claritromicina,loperamida,moderate,"A claritromicina pode aumentar as concentrações de loperamida, potenciando efeitos depressores do SNC e cardíacos.","Clarithromycin may raise loperamide concentrations, potentiating CNS-depressant and cardiac effects.",A inibição do CYP3A4 pela claritromicina aumenta a exposição à loperamida.,CYP3A4 inhibition by clarithromycin increases loperamide exposure.,Usar a menor dose eficaz e vigiar efeitos adversos; evitar doses altas.,Use the lowest effective dose and monitor adverse effects; avoid high doses.,"Vigiar sonolência, obstipação, palpitações e alterações do ritmo.","Monitor drowsiness, constipation, palpitations and rhythm changes.","Toxicidade por loperamida (SNC, QT).","Loperamide toxicity (CNS, QT).","DailyMed (FDA) — rótulo aprovado Loperamida: https://dailymed.nlm.nih.gov/dailymed/drugInfo.cfm?setid=568064c9-139d-7233-e063-6294a90a10d4 ; rótulo aprovado Claritromicina: https://dailymed.nlm.nih.gov/dailymed/drugInfo.cfm?setid=d836ae7e-fdbf-4dcb-a90d-ede1dcbc3e67 — referência adicional: Prontuário Terapêutico do INFARMED (11.ª ed., 2012)","DailyMed (FDA) — approved Loperamide label: https://dailymed.nlm.nih.gov/dailymed/drugInfo.cfm?setid=568064c9-139d-7233-e063-6294a90a10d4 ; approved Clarithromycin label: https://dailymed.nlm.nih.gov/dailymed/drugInfo.cfm?setid=d836ae7e-fdbf-4dcb-a90d-ede1dcbc3e67 — additional reference: Prontuário Terapêutico do INFARMED (11th ed., 2012)",publicado,
claritromicina_mefloquina,claritromicina,mefloquina,moderate,Efeito aditivo no QT; a Claritromicina pode ainda elevar os níveis de Mefloquina.,Additive QT effect; Clarithromycin may also raise Mefloquine levels.,Prolongamento do QT aditivo + inibição do metabolismo da Mefloquina (CYP3A4).,Additive QT prolongation + inhibition of Mefloquine metabolism (CYP3A4).,Precaução; monitorizar ECG e sinais de toxicidade.,Caution; monitor ECG and signs of toxicity.,ECG (QTc) e eletrólitos.,ECG (QTc) and electrolytes.,"Palpitações, tonturas, convulsões.","Palpitations, dizziness, seizures.",DailyMed/FDA (NIH/NLM) — rótulo aprovado Mefloquina: https://dailymed.nlm.nih.gov/dailymed/drugInfo.cfm?setid=09716a24-d7da-42b2-af29-c03a1b6670bd ; rótulo aprovado Claritromicina: https://dailymed.nlm.nih.gov/dailymed/drugInfo.cfm?setid=d836ae7e-fdbf-4dcb-a90d-ede1dcbc3e67,DailyMed/FDA (NIH/NLM) — approved Mefloquine label: https://dailymed.nlm.nih.gov/dailymed/drugInfo.cfm?setid=09716a24-d7da-42b2-af29-c03a1b6670bd ; approved Clarithromycin label: https://dailymed.nlm.nih.gov/dailymed/drugInfo.cfm?setid=d836ae7e-fdbf-4dcb-a90d-ede1dcbc3e67,publicado,2026-08-03
claritromicina_quinina,claritromicina,quinina,moderate,A Claritromicina inibe o metabolismo da Quinina e prolonga o QT — risco de toxicidade e arritmias.,Clarithromycin inhibits Quinine metabolism and prolongs QT — risk of toxicity and arrhythmias.,Inibição do CYP3A4 (aumenta a Quinina) + prolongamento aditivo do QT.,CYP3A4 inhibition (raises Quinine) + additive QT prolongation.,"Evitar; se necessário, reduzir a Quinina e monitorizar.","Avoid; if needed, reduce Quinine and monitor.","ECG, sinais de cinconismo e de arritmia.","ECG, signs of cinchonism and arrhythmia.","Acufenos, alterações visuais, palpitações.","Tinnitus, visual changes, palpitations.",DailyMed/FDA (NIH/NLM) — rótulo aprovado Quinina: https://dailymed.nlm.nih.gov/dailymed/drugInfo.cfm?setid=1f32f05c-a215-40be-b951-e41a7b54a8a0 ; rótulo aprovado Claritromicina: https://dailymed.nlm.nih.gov/dailymed/drugInfo.cfm?setid=d836ae7e-fdbf-4dcb-a90d-ede1dcbc3e67,DailyMed/FDA (NIH/NLM) — approved Quinine label: https://dailymed.nlm.nih.gov/dailymed/drugInfo.cfm?setid=1f32f05c-a215-40be-b951-e41a7b54a8a0 ; approved Clarithromycin label: https://dailymed.nlm.nih.gov/dailymed/drugInfo.cfm?setid=d836ae7e-fdbf-4dcb-a90d-ede1dcbc3e67,publicado,2026-08-03
claritromicina_rifabutina,claritromicina,rifabutina,moderate,Interacao bidirecional: a Claritromicina aumenta os niveis de Rifabutina (risco de uveite e neutropenia) e a Rifabutina reduz os da Claritromicina.,Two-way interaction: Clarithromycin raises Rifabutin levels (risk of uveitis and neutropenia) and Rifabutin lowers Clarithromycin levels.,Inibicao do CYP3A4 pela claritromicina mais inducao pela rifabutina.,CYP3A4 inhibition by clarithromycin plus induction by rifabutin.,Reduzir a dose de rifabutina (ex.: 150 mg por dia ou intermitente) e vigiar toxicidade.,Reduce the rifabutin dose (e.g. 150 mg/day or intermittent) and watch for toxicity.,Exame oftalmologico (dor e vermelhidao ocular) e hemograma.,Ophthalmic review (eye pain and redness) and blood count.,"Dor ocular, vermelhidao, visao turva (uveite); febre, neutropenia.","Eye pain, redness, blurred vision (uveitis); fever, neutropenia.",DailyMed/FDA (NIH/NLM) — rótulo aprovado Rifabutina: https://dailymed.nlm.nih.gov/dailymed/drugInfo.cfm?setid=c2026b67-4755-4236-96b6-a6b5e7399707 ; rótulo aprovado Claritromicina: https://dailymed.nlm.nih.gov/dailymed/drugInfo.cfm?setid=d836ae7e-fdbf-4dcb-a90d-ede1dcbc3e67,DailyMed/FDA (NIH/NLM) — approved Rifabutin label: https://dailymed.nlm.nih.gov/dailymed/drugInfo.cfm?setid=c2026b67-4755-4236-96b6-a6b5e7399707 ; approved Clarithromycin label: https://dailymed.nlm.nih.gov/dailymed/drugInfo.cfm?setid=d836ae7e-fdbf-4dcb-a90d-ede1dcbc3e67,publicado,2026-08-03
claritromicina_teofilina,claritromicina,teofilina,moderate,"A claritromicina inibe o metabolismo da teofilina e pode aumentar os seus níveis, com risco de toxicidade (náuseas, taquicardia, convulsões).","Clarithromycin inhibits theophylline metabolism and may raise its levels, with a risk of toxicity (nausea, tachycardia, seizures).","A claritromicina inibe o CYP1A2/CYP3A4, reduzindo a depuração da teofilina, de margem terapêutica estreita.","Clarithromycin inhibits CYP1A2/CYP3A4, reducing the clearance of theophylline, which has a narrow therapeutic margin.",Vigiar os níveis de teofilina e reduzir a dose se necessário; considerar antibiótico alternativo.,Monitor theophylline levels and reduce the dose if needed; consider an alternative antibiotic.,"Vigiar náuseas, vómitos, taquicardia, tremores e sinais neurológicos (convulsões).","Monitor nausea, vomiting, tachycardia, tremor and neurological signs (seizures).","Taquicardia, arritmias, vómitos repetidos, convulsões.","Tachycardia, arrhythmias, repeated vomiting, seizures.","DailyMed (FDA) — rótulo aprovado Teofilina: https://dailymed.nlm.nih.gov/dailymed/drugInfo.cfm?setid=5e64036a-ee3e-42e7-9e59-881f88a4e298 ; rótulo aprovado Claritromicina: https://dailymed.nlm.nih.gov/dailymed/drugInfo.cfm?setid=d836ae7e-fdbf-4dcb-a90d-ede1dcbc3e67 — referência adicional: Prontuário Terapêutico do INFARMED (11.ª ed., 2012)","DailyMed (FDA) — approved Theophylline label: https://dailymed.nlm.nih.gov/dailymed/drugInfo.cfm?setid=5e64036a-ee3e-42e7-9e59-881f88a4e298 ; approved Clarithromycin label: https://dailymed.nlm.nih.gov/dailymed/drugInfo.cfm?setid=d836ae7e-fdbf-4dcb-a90d-ede1dcbc3e67 — additional reference: Prontuário Terapêutico do INFARMED (11th ed., 2012)",publicado,
claritromicina_warfarina,claritromicina,warfarina,moderate,"A Claritromicina inibe o CYP3A4 e pode potenciar o efeito anticoagulante da Varfarina, com aumento do INR e do risco hemorrágico.","Clarithromycin inhibits CYP3A4 and may potentiate the anticoagulant effect of Warfarin, raising the INR and the bleeding risk.","A Claritromicina é um inibidor potente do CYP3A4; reduz o metabolismo da Varfarina, elevando as suas concentrações plasmáticas e o INR.","Clarithromycin is a potent CYP3A4 inhibitor; it reduces Warfarin metabolism, raising plasma warfarin levels and the INR.",Ajustar a dose de varfarina com base no INR; considerar uma alternativa antibiótica quando possível.,Adjust the warfarin dose based on the INR; consider an alternative antibiotic when possible.,Vigiar o INR com frequência e sinais de hemorragia durante e após a associação.,Monitor the INR frequently and watch for bleeding signs during and after the combination.,"Hemorragia ativa, INR marcadamente elevado ou hematomas novos exigem intervenção urgente.","Active bleeding, a markedly elevated INR or new bruising require urgent intervention.","DailyMed/FDA (NIH/NLM) — rótulo aprovado Claritromicina: https://dailymed.nlm.nih.gov/dailymed/drugInfo.cfm?setid=d836ae7e-fdbf-4dcb-a90d-ede1dcbc3e67 ; rótulo aprovado Varfarina: https://dailymed.nlm.nih.gov/dailymed/drugInfo.cfm?setid=541c9a70-adaf-4ef3-94ba-ad4e70dfa057 — com referência adicional: Prontuário Terapêutico do INFARMED (11.ª ed., 2012)","DailyMed/FDA (NIH/NLM) — approved Clarithromycin label: https://dailymed.nlm.nih.gov/dailymed/drugInfo.cfm?setid=d836ae7e-fdbf-4dcb-a90d-ede1dcbc3e67 ; approved Warfarin label: https://dailymed.nlm.nih.gov/dailymed/drugInfo.cfm?setid=541c9a70-adaf-4ef3-94ba-ad4e70dfa057 — with additional reference: Prontuário Terapêutico do INFARMED, INFARMED (11th ed., 2012)",publicado,2026-08-04
clopidogrel_dabigatrano,clopidogrel,dabigatrano,moderate,A associação dabigatrano + clopidogrel aumenta o risco de hemorragia.,Dabigatran plus clopidogrel increases bleeding risk.,"Inibição combinada da trombina e do recetor P2Y12, com efeito hemorrágico aditivo.","Combined thrombin and P2Y12 inhibition, with an additive bleeding effect.",Usar apenas com indicação clara; ajustar a dose de dabigatrano à função renal.,Use only with a clear indication; adjust the dabigatran dose to renal function.,Vigiar hemograma e sinais de sangramento.,Monitor blood count and bleeding signs.,"Sangramento grave, melenas, hematemeses.","Severe bleeding, melaena, haematemesis.","DailyMed (FDA) — rótulo aprovado Dabigatrano: https://dailymed.nlm.nih.gov/dailymed/drugInfo.cfm?setid=f7ea7e2c-ca54-4ecc-9fc7-bd3571b0ebc2 ; rótulo aprovado Clopidogrel: https://dailymed.nlm.nih.gov/dailymed/drugInfo.cfm?setid=55731d95-0c99-ff61-e063-6394a90a1ab5 — referência adicional: Prontuário Terapêutico do INFARMED (11.ª ed., 2012)","DailyMed (FDA) — approved Dabigatran label: https://dailymed.nlm.nih.gov/dailymed/drugInfo.cfm?setid=f7ea7e2c-ca54-4ecc-9fc7-bd3571b0ebc2 ; approved Clopidogrel label: https://dailymed.nlm.nih.gov/dailymed/drugInfo.cfm?setid=55731d95-0c99-ff61-e063-6394a90a1ab5 — additional reference: Prontuário Terapêutico do INFARMED (11th ed., 2012)",publicado,
clopidogrel_enoxaparina,clopidogrel,enoxaparina,moderate,A enoxaparina com clopidogrel aumenta o risco de hemorragia major.,Enoxaparin with clopidogrel increases the risk of major bleeding.,"Anticoagulante (HBPM) + antiagregante (P2Y12), com hemorragia aditiva.","Anticoagulant (LMWH) + antiplatelet (P2Y12), with additive bleeding.",Utilizar com precaução em doentes com risco hemorrágico elevado; vigiar.,Use with caution in high bleeding-risk patients; monitor.,Vigiar hemograma e sinais clínicos de sangramento.,Monitor blood count and clinical signs of bleeding.,Hemorragia intracraniana ou gastrointestinal; equimoses espontâneas.,Intracranial or GI bleeding; spontaneous bruising.,"DailyMed (FDA) — rótulo aprovado Enoxaparina: https://dailymed.nlm.nih.gov/dailymed/drugInfo.cfm?setid=5017a927-2a24-4f27-89f9-27c805bf7d59 ; rótulo aprovado Clopidogrel: https://dailymed.nlm.nih.gov/dailymed/drugInfo.cfm?setid=55731d95-0c99-ff61-e063-6394a90a1ab5 — referência adicional: Prontuário Terapêutico do INFARMED (11.ª ed., 2012)","DailyMed (FDA) — approved Enoxaparin label: https://dailymed.nlm.nih.gov/dailymed/drugInfo.cfm?setid=5017a927-2a24-4f27-89f9-27c805bf7d59 ; approved Clopidogrel label: https://dailymed.nlm.nih.gov/dailymed/drugInfo.cfm?setid=55731d95-0c99-ff61-e063-6394a90a1ab5 — additional reference: Prontuário Terapêutico do INFARMED (11th ed., 2012)",publicado,
clopidogrel_omeprazol,clopidogrel,omeprazol,moderate,"Redução da eficácia do Clopidogrel. O Omeprazol inibe o CYP2C19, reduzindo a ativação do pró-fármaco.","Reduced Clopidogrel efficacy. Omeprazole inhibits CYP2C19, reducing pro-drug activation.",O Clopidogrel precisa do CYP2C19 para se tornar ativo; o Omeprazol é um inibidor potente dessa enzima.,Clopidogrel requires CYP2C19 for activation; Omeprazole potently inhibits that enzyme.,Preferir Pantoprazol (menor interação) ou outro protetor gástrico quando necessário.,Prefer Pantoprazole (less interaction) or another gastric protectant when needed.,"Vigiar eventos trombóticos (dor torácica, sintomas neurológicos).","Watch for thrombotic events (chest pain, neurological symptoms).","Novos eventos trombóticos — dor torácica, fraqueza súbita unilateral, alterações da fala.","New thrombotic events — chest pain, sudden unilateral weakness, speech changes.",DailyMed/FDA (NIH/NLM) — rótulo aprovado Clopidogrel: https://dailymed.nlm.nih.gov/dailymed/drugInfo.cfm?setid=c9928956-bb7b-4ec2-bc38-d3c9c4199cae ; rótulo aprovado Omeprazol: https://dailymed.nlm.nih.gov/dailymed/drugInfo.cfm?setid=37291cab-e350-d8e3-e063-6294a90a9cb1,DailyMed/FDA (NIH/NLM) — approved Clopidogrel label: https://dailymed.nlm.nih.gov/dailymed/drugInfo.cfm?setid=c9928956-bb7b-4ec2-bc38-d3c9c4199cae ; approved Omeprazole label: https://dailymed.nlm.nih.gov/dailymed/drugInfo.cfm?setid=37291cab-e350-d8e3-e063-6294a90a9cb1,publicado,2026-03-15
clopidogrel_rivaroxabano,clopidogrel,rivaroxabano,moderate,A dupla rivaroxabano + clopidogrel aumenta o risco de hemorragia major.,Rivaroxaban plus clopidogrel increases the risk of major bleeding.,Efeito antitrombótico combinado (fator Xa + P2Y12) com hemorragia aditiva.,Combined antithrombotic effect (factor Xa + P2Y12) with additive bleeding.,Reservar para indicações de alto risco trombótico; considerar protetor gástrico.,Reserve for high thrombotic-risk indications; consider a gastroprotectant.,Vigiar sinais de sangramento e hemograma.,Monitor for bleeding signs and blood count.,"Hemorragia cerebral, gastrointestinal ou retroperitoneal.","Intracranial, GI or retroperitoneal bleeding.","DailyMed (FDA) — rótulo aprovado Rivaroxabano: https://dailymed.nlm.nih.gov/dailymed/drugInfo.cfm?setid=481b7802-5093-43e7-bbd9-1532197eb6e6 ; rótulo aprovado Clopidogrel: https://dailymed.nlm.nih.gov/dailymed/drugInfo.cfm?setid=55731d95-0c99-ff61-e063-6394a90a1ab5 — referência adicional: Prontuário Terapêutico do INFARMED (11.ª ed., 2012)","DailyMed (FDA) — approved Rivaroxaban label: https://dailymed.nlm.nih.gov/dailymed/drugInfo.cfm?setid=481b7802-5093-43e7-bbd9-1532197eb6e6 ; approved Clopidogrel label: https://dailymed.nlm.nih.gov/dailymed/drugInfo.cfm?setid=55731d95-0c99-ff61-e063-6394a90a1ab5 — additional reference: Prontuário Terapêutico do INFARMED (11th ed., 2012)",publicado,
cloreto_potassio_enalapril,cloreto_potassio,enalapril,moderate,IECA + potássio: risco de hipercaliemia (sobretudo em insuficiência renal ou diabetes).,ACE inhibitor + potassium: risk of hyperkalaemia (especially in renal impairment or diabetes).,Os IECAs reduzem a aldosterona e a excreção de K+; a suplementação de potássio adiciona o risco.,ACE inhibitors reduce aldosterone and K+ excretion; potassium supplementation adds risk.,Monitorizar o potássio sérico; usar suplementos de potássio com precaução.,Monitor serum potassium; use potassium supplements with caution.,Potássio sérico e função renal.,Serum potassium and renal function.,"Fraqueza, parestesias, arritmias.","Weakness, paraesthesia, arrhythmias.","DailyMed (FDA) — rótulo aprovado Enalapril: https://dailymed.nlm.nih.gov/dailymed/drugInfo.cfm?setid=f103b9f9-e081-419d-a2d8-b86acda834dd ; rótulo aprovado Cloreto de potássio: https://dailymed.nlm.nih.gov/dailymed/drugInfo.cfm?setid=eb56a807-ea94-4edb-9811-a04b19568468 — referência adicional: Prontuário Terapêutico do INFARMED (11.ª ed., 2012)","DailyMed (FDA) — approved Enalapril label: https://dailymed.nlm.nih.gov/dailymed/drugInfo.cfm?setid=f103b9f9-e081-419d-a2d8-b86acda834dd ; approved Potassium chloride label: https://dailymed.nlm.nih.gov/dailymed/drugInfo.cfm?setid=eb56a807-ea94-4edb-9811-a04b19568468 — additional reference: Prontuário Terapêutico do INFARMED (11th ed., 2012)",publicado,
cloreto_potassio_espironolactona,cloreto_potassio,espironolactona,critical,Espironolactona + potássio: risco de hipercaliemia grave.,Spironolactone + potassium: risk of severe hyperkalaemia.,A espironolactona (diurético poupador de potássio) reduz a excreção renal de K+; a suplementação aditiva pode causar hipercaliemia potencialmente fatal.,Spironolactone (potassium-sparing diuretic) reduces renal K+ excretion; additive supplementation may cause potentially fatal hyperkalaemia.,"Evitar a associação; se inevitável, monitorizar o potássio frequentemente e suspender o suplemento.","Avoid the combination; if unavoidable, monitor potassium frequently and stop the supplement.","Potássio sérico, eletrocardiograma, função renal.","Serum potassium, ECG, renal function.","Fraqueza, arritmias, ondas T apiculadas, paragem cardíaca.","Weakness, arrhythmias, peaked T waves, cardiac arrest.","DailyMed (FDA) — rótulo aprovado Espironolactona: https://dailymed.nlm.nih.gov/dailymed/drugInfo.cfm?setid=ac487ae2-e15f-4781-bae3-a03058cfcfe4 ; rótulo aprovado Cloreto de potássio: https://dailymed.nlm.nih.gov/dailymed/drugInfo.cfm?setid=eb56a807-ea94-4edb-9811-a04b19568468 — referência adicional: Prontuário Terapêutico do INFARMED (11.ª ed., 2012)","DailyMed (FDA) — approved Spironolactone label: https://dailymed.nlm.nih.gov/dailymed/drugInfo.cfm?setid=ac487ae2-e15f-4781-bae3-a03058cfcfe4 ; approved Potassium chloride label: https://dailymed.nlm.nih.gov/dailymed/drugInfo.cfm?setid=eb56a807-ea94-4edb-9811-a04b19568468 — additional reference: Prontuário Terapêutico do INFARMED (11th ed., 2012)",publicado,
cloroquina_digoxina,cloroquina,digoxina,moderate,"A Cloroquina pode aumentar os níveis de Digoxina, com risco de toxicidade digitálica.","Chloroquine can raise Digoxin levels, with a risk of digoxin toxicity.","Inibição da glicoproteína-P renal, reduzindo a excreção da Digoxina.","Inhibition of renal P-glycoprotein, reducing Digoxin excretion.",Monitorizar a digoxinemia e sinais de toxicidade; reduzir a dose se necessário.,Monitor digoxin levels and signs of toxicity; reduce the dose if needed.,"Digoxinemia, ECG e função renal.","Digoxin level, ECG and renal function.","Náuseas, vómitos, perturbações visuais, bradicardia, arritmias.","Nausea, vomiting, visual disturbances, bradycardia, arrhythmias.",DailyMed/FDA (NIH/NLM) — rótulo aprovado Cloroquina: https://dailymed.nlm.nih.gov/dailymed/drugInfo.cfm?setid=06c69e2b-211b-4746-9f3a-f86d36520570 ; rótulo aprovado Digoxina: https://dailymed.nlm.nih.gov/dailymed/drugInfo.cfm?setid=5886e233-b2da-4acb-be05-9bf40fb8e7f4,DailyMed/FDA (NIH/NLM) — approved Chloroquine label: https://dailymed.nlm.nih.gov/dailymed/drugInfo.cfm?setid=06c69e2b-211b-4746-9f3a-f86d36520570 ; approved Digoxin label: https://dailymed.nlm.nih.gov/dailymed/drugInfo.cfm?setid=5886e233-b2da-4acb-be05-9bf40fb8e7f4,publicado,2026-08-03
cloroquina_fluconazol,cloroquina,fluconazol,moderate,Associação de Fluconazol e Cloroquina com risco de prolongamento do intervalo QT.,Fluconazole plus Chloroquine carries a risk of QT prolongation.,Efeito aditivo sobre a repolarização cardíaca (ambos prolongam o QT).,Additive effect on cardiac repolarization (both prolong the QT).,Usar com precaução; monitorizar ECG (QT) e eletrólitos.,Use with caution; monitor ECG (QT) and electrolytes.,"ECG (intervalo QT), eletrólitos (K+, Mg2+).","ECG (QT interval), electrolytes (K+, Mg2+).","Síncope, palpitações.","Syncope, palpitations.",DailyMed/FDA (NIH/NLM) — rótulo aprovado Fluconazol: https://dailymed.nlm.nih.gov/dailymed/drugInfo.cfm?setid=7961c029-746c-48c3-888b-8f8344102873 ; rótulo aprovado Cloroquina: https://dailymed.nlm.nih.gov/dailymed/drugInfo.cfm?setid=06c69e2b-211b-4746-9f3a-f86d36520570,DailyMed/FDA (NIH/NLM) — approved Fluconazole label: https://dailymed.nlm.nih.gov/dailymed/drugInfo.cfm?setid=7961c029-746c-48c3-888b-8f8344102873 ; approved Chloroquine label: https://dailymed.nlm.nih.gov/dailymed/drugInfo.cfm?setid=06c69e2b-211b-4746-9f3a-f86d36520570,publicado,2026-08-04
cloroquina_hidroxicloroquina,cloroquina,hidroxicloroquina,moderate,"Dois fármacos da mesma família (4-aminoquinolinas) — associação sem benefício, com risco aditivo de toxicidade ocular, QT e cardíaca.","Two drugs of the same family (4-aminoquinolines) — no benefit from combining, with additive risk of ocular, QT and cardiac toxicity.","Sobreposição de mecanismos: bloqueio de canais de potássio, acumulação tecidual e risco retiniano aditivo.","Overlapping mechanisms: potassium channel blockade, tissue accumulation and additive retinal risk.",Não combinar; escolher um único fármaco antimalárico.,Do not combine; choose a single antimalarial drug.,Não aplicável se não combinado; em uso prolongado de qualquer um: rastreio oftalmológico.,Not applicable if not combined; with prolonged use of either: ophthalmological screening.,"Alterações visuais, palpitações, miopatia.","Visual changes, palpitations, myopathy.",DailyMed/FDA (NIH/NLM) — rótulo aprovado Cloroquina: https://dailymed.nlm.nih.gov/dailymed/drugInfo.cfm?setid=06c69e2b-211b-4746-9f3a-f86d36520570 ; rótulo aprovado Hidroxicloroquina: https://dailymed.nlm.nih.gov/dailymed/drugInfo.cfm?setid=34496b43-05a2-45fb-a769-52b12e099341,DailyMed/FDA (NIH/NLM) — approved Chloroquine label: https://dailymed.nlm.nih.gov/dailymed/drugInfo.cfm?setid=06c69e2b-211b-4746-9f3a-f86d36520570 ; approved Hydroxychloroquine label: https://dailymed.nlm.nih.gov/dailymed/drugInfo.cfm?setid=34496b43-05a2-45fb-a769-52b12e099341,publicado,2026-08-03
cloroquina_mefloquina,cloroquina,mefloquina,moderate,"Associação de dois antimaláricos que prolongam o QT — risco arritmogénico acrescido, sem benefício terapêutico.",Two QT-prolonging antimalarials combined — higher arrhythmic risk with no therapeutic benefit.,Prolongamento aditivo do intervalo QT; efeitos aditivos sobre o SNC.,Additive QT prolongation; additive CNS effects.,Evitar; usar um único esquema antimalárico.,Avoid; use a single antimalarial regimen.,ECG e vigilância neurológica.,ECG and neurological surveillance.,"Palpitações, convulsões, alterações do comportamento.","Palpitations, seizures, behavioural changes.",DailyMed/FDA (NIH/NLM) — rótulo aprovado Cloroquina: https://dailymed.nlm.nih.gov/dailymed/drugInfo.cfm?setid=06c69e2b-211b-4746-9f3a-f86d36520570 ; rótulo aprovado Mefloquina: https://dailymed.nlm.nih.gov/dailymed/drugInfo.cfm?setid=09716a24-d7da-42b2-af29-c03a1b6670bd,DailyMed/FDA (NIH/NLM) — approved Chloroquine label: https://dailymed.nlm.nih.gov/dailymed/drugInfo.cfm?setid=06c69e2b-211b-4746-9f3a-f86d36520570 ; approved Mefloquine label: https://dailymed.nlm.nih.gov/dailymed/drugInfo.cfm?setid=09716a24-d7da-42b2-af29-c03a1b6670bd,publicado,2026-08-03
cloroquina_moxifloxacina,cloroquina,moxifloxacina,moderate,A associação de Moxifloxacina com Cloroquina pode prolongar o intervalo QT e aumentar o risco de arritmias ventriculares (torsades de pointes).,Combining Moxifloxacin with Chloroquine may prolong the QT interval and increase the risk of ventricular arrhythmias (torsades de pointes).,A Moxifloxacina prolonga o intervalo QT e a Cloroquina também afeta a repolarização cardíaca; o efeito aditivo aumenta o risco de arritmias ventriculares graves.,Moxifloxacin prolongs the QT interval and Chloroquine also affects cardiac repolarization; the additive effect increases the risk of serious ventricular arrhythmias.,Evitar a associação quando possível; monitorizar o ECG e corrigir distúrbios eletrolíticos em doentes de risco.,Avoid the combination when possible; monitor the ECG and correct electrolyte disturbances in at-risk patients.,"Vigiar o ECG (QT), potássio/magnésio e sintomas cardíacos; atenção a doentes com QT longo ou cardiopatia.","Monitor the ECG (QT), potassium/magnesium and cardiac symptoms; caution in patients with long QT or heart disease.","Palpitações, síncope ou QT muito prolongado exigem intervenção urgente.","Palpitations, syncope or a very prolonged QT require urgent intervention.","DailyMed/FDA (NIH/NLM) — rótulo aprovado Moxifloxacina: https://dailymed.nlm.nih.gov/dailymed/drugInfo.cfm?setid=1ed191f5-7df5-488c-bb72-91ac0b618d9a ; rótulo aprovado Cloroquina: https://dailymed.nlm.nih.gov/dailymed/drugInfo.cfm?setid=06c69e2b-211b-4746-9f3a-f86d36520570 — com referência adicional: Prontuário Terapêutico do INFARMED (11.ª ed., 2012)","DailyMed/FDA (NIH/NLM) — approved Moxifloxacin label: https://dailymed.nlm.nih.gov/dailymed/drugInfo.cfm?setid=1ed191f5-7df5-488c-bb72-91ac0b618d9a ; approved Chloroquine label: https://dailymed.nlm.nih.gov/dailymed/drugInfo.cfm?setid=06c69e2b-211b-4746-9f3a-f86d36520570 — with additional reference: Prontuário Terapêutico do INFARMED, INFARMED (11th ed., 2012)",publicado,2026-08-04
cloroquina_omeprazol,cloroquina,omeprazol,moderate,O Omeprazol pode reduzir a absorção da Cloroquina por aumento do pH gástrico.,Omeprazole may reduce Chloroquine absorption by raising gastric pH.,Menor solubilidade da Cloroquina em pH mais alto.,Lower Chloroquine solubility at higher pH.,Considerar alternativa e monitorizar a resposta clínica.,Consider an alternative and monitor the clinical response.,Resposta ao tratamento.,Response to treatment.,Falência terapêutica da malária.,Malaria treatment failure.,DailyMed/FDA (NIH/NLM) — rótulo aprovado Cloroquina: https://dailymed.nlm.nih.gov/dailymed/drugInfo.cfm?setid=06c69e2b-211b-4746-9f3a-f86d36520570 ; rótulo aprovado Omeprazol: https://dailymed.nlm.nih.gov/dailymed/drugInfo.cfm?setid=37291cab-e350-d8e3-e063-6294a90a9cb1,DailyMed/FDA (NIH/NLM) — approved Chloroquine label: https://dailymed.nlm.nih.gov/dailymed/drugInfo.cfm?setid=06c69e2b-211b-4746-9f3a-f86d36520570 ; approved Omeprazole label: https://dailymed.nlm.nih.gov/dailymed/drugInfo.cfm?setid=37291cab-e350-d8e3-e063-6294a90a9cb1,publicado,2026-08-03
cloroquina_quinina,cloroquina,quinina,moderate,"Risco de prolongamento do QT e de toxicidade aditiva do tipo cinconismo (acufenos, tonturas, alterações visuais).","Risk of QT prolongation and additive cinchonism-like toxicity (tinnitus, dizziness, visual changes).",Efeitos aditivos na repolarização cardíaca e sobre o sistema nervoso.,Additive effects on cardiac repolarisation and on the nervous system.,Evitar a associação; não são combinados na prática clínica atual.,Avoid the combination; not used together in current clinical practice.,"ECG, audição e visão, sinais de toxicidade.","ECG, hearing and vision, signs of toxicity.","Acufenos, surdez, tonturas graves, convulsões.","Tinnitus, hearing loss, severe dizziness, seizures.",DailyMed/FDA (NIH/NLM) — rótulo aprovado Cloroquina: https://dailymed.nlm.nih.gov/dailymed/drugInfo.cfm?setid=06c69e2b-211b-4746-9f3a-f86d36520570 ; rótulo aprovado Quinina: https://dailymed.nlm.nih.gov/dailymed/drugInfo.cfm?setid=1f32f05c-a215-40be-b951-e41a7b54a8a0,DailyMed/FDA (NIH/NLM) — approved Chloroquine label: https://dailymed.nlm.nih.gov/dailymed/drugInfo.cfm?setid=06c69e2b-211b-4746-9f3a-f86d36520570 ; approved Quinine label: https://dailymed.nlm.nih.gov/dailymed/drugInfo.cfm?setid=1f32f05c-a215-40be-b951-e41a7b54a8a0,publicado,2026-08-03
cloroquina_warfarina,cloroquina,warfarina,moderate,"A Cloroquina pode potenciar o efeito da Warfarina, aumentando o INR e o risco hemorrágico.","Chloroquine can enhance the effect of Warfarin, raising the INR and the bleeding risk.",Mecanismo não totalmente esclarecido; possível redução do clearance da Warfarina.,Mechanism not fully established; possible reduction of Warfarin clearance.,Monitorizar o INR após iniciar/parar a Cloroquina e ajustar a dose de Warfarina.,Monitor the INR after starting/stopping Chloroquine and adjust the Warfarin dose.,INR (mais frequente nas primeiras semanas) e sinais de hemorragia.,INR (more often in the first weeks) and signs of bleeding.,"Hemorragias, equimoses fáceis, fezes escuras.","Bleeding, easy bruising, dark stools.",DailyMed/FDA (NIH/NLM) — rótulo aprovado Cloroquina: https://dailymed.nlm.nih.gov/dailymed/drugInfo.cfm?setid=06c69e2b-211b-4746-9f3a-f86d36520570 ; rótulo aprovado Warfarina: https://dailymed.nlm.nih.gov/dailymed/drugInfo.cfm?setid=541c9a70-adaf-4ef3-94ba-ad4e70dfa057,DailyMed/FDA (NIH/NLM) — approved Chloroquine label: https://dailymed.nlm.nih.gov/dailymed/drugInfo.cfm?setid=06c69e2b-211b-4746-9f3a-f86d36520570 ; approved Warfarin label: https://dailymed.nlm.nih.gov/dailymed/drugInfo.cfm?setid=541c9a70-adaf-4ef3-94ba-ad4e70dfa057,publicado,2026-08-03
clozapina_fluoxetina,clozapina,fluoxetina,moderate,"A associação de Clozapina com Fluoxetina aumenta as concentrações de Clozapina, com risco de toxicidade.","Combining Clozapine with Fluoxetine increases Clozapine concentrations, with a risk of toxicity.","A Fluoxetina, inibidora do CYP2D6/3A4, reduz o metabolismo da Clozapina, elevando os seus níveis séricos.","Fluoxetine, a CYP2D6/3A4 inhibitor, reduces Clozapine metabolism, raising its serum levels.",Monitorizar os sinais de toxicidade da Clozapina e considerar reduzir a dose; vigiar o hemograma.,Monitor signs of Clozapine toxicity and consider reducing the dose; watch the blood count.,"Sedação excessiva, sialorreia, convulsões ou febre exigem reavaliação.","Excessive sedation, drooling, seizures or fever require reassessment.","Sedação, convulsões ou sinais de discrasia hematológica exigem reavaliação.","Sedation, seizures or signs of haematological dyscrasia require reassessment.","DailyMed/FDA (NIH/NLM) — rótulo aprovado Clozapina: https://dailymed.nlm.nih.gov/dailymed/drugInfo.cfm?setid=61fe53d5-ed5c-4e45-9189-709d08d386cb ; rótulo aprovado Fluoxetina: https://dailymed.nlm.nih.gov/dailymed/drugInfo.cfm?setid=09fb3100-1e06-4cdc-8016-7e4f5d097490 — com referência adicional: Prontuário Terapêutico do INFARMED (11.ª ed., 2012)","DailyMed/FDA (NIH/NLM) — approved Clozapine label: https://dailymed.nlm.nih.gov/dailymed/drugInfo.cfm?setid=61fe53d5-ed5c-4e45-9189-709d08d386cb ; approved Fluoxetine label: https://dailymed.nlm.nih.gov/dailymed/drugInfo.cfm?setid=09fb3100-1e06-4cdc-8016-7e4f5d097490 — with additional reference: Prontuário Terapêutico do INFARMED, INFARMED (11th ed., 2012)",publicado,2026-08-04
codeina_sertralina,codeina,sertralina,moderate,A codeína com sertralina aumenta o risco de síndrome serotoninérgica e pode alterar o efeito analgésico.,Codeine with sertraline increases the risk of serotonin syndrome and may alter the analgesic effect.,A codeína e a sertralina aumentam a serotonina no SNC; além disso a sertralina (inibição da CYP2D6) pode reduzir a conversão da codeína em morfina.,Codeine and sertraline both raise CNS serotonin; also sertraline (CYP2D6 inhibition) may reduce codeine to morphine conversion.,"Vigiar sinais de serotoninergismo; se o efeito analgésico for insuficiente, considerar um analgésico alternativo.","Monitor for serotonin excess; if analgesia is inadequate, consider an alternative analgesic.","Agitação, febre, tremores, hiperreflexia, rigidez muscular.","Agitation, fever, tremor, hyperreflexia, muscle rigidity.",Febre alta com rigidez e alteração do estado mental exigem suspensão e tratamento urgente.,High fever with rigidity and altered mental state require discontinuation and urgent treatment.,"DailyMed/FDA (NIH/NLM) — rótulo aprovado Codeína: https://dailymed.nlm.nih.gov/dailymed/drugInfo.cfm?setid=4c966d73-77c6-4514-954e-57aa06a080c6 ; rótulo aprovado Sertralina: https://dailymed.nlm.nih.gov/dailymed/drugInfo.cfm?setid=91e24d17-ff0a-449c-9472-b9df74c98456 — com referência adicional: Prontuário Terapêutico do INFARMED (11.ª ed., 2012)","DailyMed/FDA (NIH/NLM) — approved Codeine label: https://dailymed.nlm.nih.gov/dailymed/drugInfo.cfm?setid=4c966d73-77c6-4514-954e-57aa06a080c6 ; approved Sertraline label: https://dailymed.nlm.nih.gov/dailymed/drugInfo.cfm?setid=91e24d17-ff0a-449c-9472-b9df74c98456 — with additional reference: Prontuário Terapêutico do INFARMED (11th ed., 2012)",publicado,
colchicina_warfarina,colchicina,warfarina,moderate,Colchicina + anticoagulante: possível aumento do efeito anticoagulante.,Colchicine + anticoagulant: possible increased anticoagulant effect.,"A colchicina pode interferir com o metabolismo/efeito da varfarina, com elevação do INR.","Colchicine may interfere with warfarin metabolism/effect, raising INR.",Monitorizar INR após introdução ou alteração de dose de colchicina.,Monitor INR after starting or changing colchicine dose.,INR periódico durante a associação.,Periodic INR during the combination.,"Hemorragia, equimoses espontâneas.","Bleeding, spontaneous ecchymosis.","DailyMed (FDA) — rótulo aprovado Colchicina: https://dailymed.nlm.nih.gov/dailymed/drugInfo.cfm?setid=5ae87893-a065-468e-b8da-f1db86afcaef ; rótulo aprovado Varfarina: https://dailymed.nlm.nih.gov/dailymed/drugInfo.cfm?setid=541c9a70-adaf-4ef3-94ba-ad4e70dfa057 — referência adicional: Prontuário Terapêutico do INFARMED (11.ª ed., 2012)","DailyMed (FDA) — approved Colchicine label: https://dailymed.nlm.nih.gov/dailymed/drugInfo.cfm?setid=5ae87893-a065-468e-b8da-f1db86afcaef ; approved Warfarin label: https://dailymed.nlm.nih.gov/dailymed/drugInfo.cfm?setid=541c9a70-adaf-4ef3-94ba-ad4e70dfa057 — additional reference: Prontuário Terapêutico do INFARMED (11th ed., 2012)",publicado,
colecalciferol_digoxina,colecalciferol,digoxina,moderate,Digoxina + vitamina D3: a hipercalcémia induzida pela vitamina D pode aumentar a toxicidade digitálica.,Digoxin + vitamin D3: vitamin D-induced hypercalcaemia may increase digoxin toxicity.,A vitamina D aumenta a absorção de cálcio; em doentes digitálicos a hipercalcémia sensibiliza o miocárdio.,Vitamin D increases calcium absorption; in digitalised patients hypercalcaemia sensitises the myocardium.,"Monitorizar cálcio sérico e sinais de toxicidade digitálica, sobretudo com tiazidas em associação.","Monitor serum calcium and signs of digoxin toxicity, especially when thiazides are also used.",Cálcio sérico e eletrocardiograma.,Serum calcium and ECG.,"Náuseas, arritmias, confusão.","Nausea, arrhythmias, confusion.","DailyMed (FDA) — rótulo aprovado Digoxina: https://dailymed.nlm.nih.gov/dailymed/drugInfo.cfm?setid=e61d2108-d871-44c0-b12a-2e61fbb56967 ; rótulo aprovado Colecalciferol (vitamina D3): https://dailymed.nlm.nih.gov/dailymed/drugInfo.cfm?setid=3822c324-e22a-4ac4-ac1c-9b63983b516a — referência adicional: Prontuário Terapêutico do INFARMED (11.ª ed., 2012)","DailyMed (FDA) — approved Digoxin label: https://dailymed.nlm.nih.gov/dailymed/drugInfo.cfm?setid=e61d2108-d871-44c0-b12a-2e61fbb56967 ; approved Cholecalciferol (vitamin D3) label: https://dailymed.nlm.nih.gov/dailymed/drugInfo.cfm?setid=3822c324-e22a-4ac4-ac1c-9b63983b516a — additional reference: Prontuário Terapêutico do INFARMED (11th ed., 2012)",publicado,
colecalciferol_fenitoina,colecalciferol,fenitoina,moderate,Fenitoína + vitamina D3: a fenitoína aumenta o metabolismo da vitamina D.,Phenytoin + vitamin D3: phenytoin increases vitamin D metabolism.,A indução enzimática (CYP450) pela fenitoína acelera a degradação da vitamina D.,Phenytoin enzyme induction (CYP450) accelerates vitamin D degradation.,Monitorizar 25(OH)D em doentes de risco; suplementar se necessário.,Monitor 25(OH)D in at-risk patients; supplement if needed.,25(OH)D e cálcio.,25(OH)D and calcium.,Défice de vitamina D e alterações ósseas em uso crónico.,Vitamin D deficiency and bone changes in chronic use.,"DailyMed (FDA) — rótulo aprovado Fenitoína: https://dailymed.nlm.nih.gov/dailymed/drugInfo.cfm?setid=ef4e97a7-cd18-47a9-a016-2eca5481a87e ; rótulo aprovado Colecalciferol (vitamina D3): https://dailymed.nlm.nih.gov/dailymed/drugInfo.cfm?setid=3822c324-e22a-4ac4-ac1c-9b63983b516a — referência adicional: Prontuário Terapêutico do INFARMED (11.ª ed., 2012)","DailyMed (FDA) — approved Phenytoin label: https://dailymed.nlm.nih.gov/dailymed/drugInfo.cfm?setid=ef4e97a7-cd18-47a9-a016-2eca5481a87e ; approved Cholecalciferol (vitamin D3) label: https://dailymed.nlm.nih.gov/dailymed/drugInfo.cfm?setid=3822c324-e22a-4ac4-ac1c-9b63983b516a — additional reference: Prontuário Terapêutico do INFARMED (11th ed., 2012)",publicado,
colecalciferol_hidroclorotiazida,colecalciferol,hidroclorotiazida,moderate,Tiazida + vitamina D3: hipercalcémia aditiva.,Thiazide + vitamin D3: additive hypercalcaemia.,A tiazida reduz a excreção de cálcio e a vitamina D aumenta a sua absorção; em conjunto elevam o cálcio sérico.,The thiazide reduces calcium excretion and vitamin D increases its absorption; together they raise serum calcium.,Monitorizar o cálcio sérico em suplementação prolongada.,Monitor serum calcium during prolonged supplementation.,Cálcio sérico.,Serum calcium.,"Poliúria, obstipação, fraqueza.","Polyuria, constipation, weakness.","DailyMed (FDA) — rótulo aprovado Hidroclorotiazida: https://dailymed.nlm.nih.gov/dailymed/drugInfo.cfm?setid=0789baef-3424-43ab-a3fb-4908172da565 ; rótulo aprovado Colecalciferol (vitamina D3): https://dailymed.nlm.nih.gov/dailymed/drugInfo.cfm?setid=3822c324-e22a-4ac4-ac1c-9b63983b516a — referência adicional: Prontuário Terapêutico do INFARMED (11.ª ed., 2012)","DailyMed (FDA) — approved Hydrochlorothiazide label: https://dailymed.nlm.nih.gov/dailymed/drugInfo.cfm?setid=0789baef-3424-43ab-a3fb-4908172da565 ; approved Cholecalciferol (vitamin D3) label: https://dailymed.nlm.nih.gov/dailymed/drugInfo.cfm?setid=3822c324-e22a-4ac4-ac1c-9b63983b516a — additional reference: Prontuário Terapêutico do INFARMED (11th ed., 2012)",publicado,
cotrimoxazol_lamivudina,cotrimoxazol,lamivudina,moderate,"A associação de Lamivudina com Cotrimoxazol aumenta as concentrações de Lamivudina, com risco de toxicidade.","Combining Lamivudine with Co-trimoxazole increases Lamivudine concentrations, with a risk of toxicity.","O trimetoprim reduz a secreção tubular renal da Lamivudina (via transporte de catiões orgânicos), aumentando a sua exposição em cerca de 40%.","Trimethoprim reduces the renal tubular secretion of Lamivudine (via organic cation transport), increasing its exposure by about 40%.",Manter vigilância; ajustar a dose de Lamivudina na insuficiência renal e vigiar a toxicidade em terapêutica prolongada.,Maintain surveillance; adjust the Lamivudine dose in renal impairment and watch for toxicity in prolonged therapy.,"Função renal e sinais de toxicidade da Lamivudina (pancreatite, anemia, neuropatia periférica).","Renal function and signs of Lamivudine toxicity (pancreatitis, anaemia, peripheral neuropathy).","Sinais de toxicidade da Lamivudina (náuseas, dor abdominal, anemia, neuropatia) impõem reavaliação.","Signs of Lamivudine toxicity (nausea, abdominal pain, anaemia, neuropathy) require reassessment.","DailyMed/FDA (NIH/NLM) — rótulo aprovado Lamivudina: https://dailymed.nlm.nih.gov/dailymed/drugInfo.cfm?setid=6bd6b9da-df69-46db-813e-4e7f3bdecf95 ; rótulo aprovado Cotrimoxazol: https://dailymed.nlm.nih.gov/dailymed/drugInfo.cfm?setid=08500fcb-dbec-4ac2-91c3-189d27907ec0 — com referência adicional: Prontuário Terapêutico do INFARMED (11.ª ed., 2012)","DailyMed/FDA (NIH/NLM) — approved Lamivudine label: https://dailymed.nlm.nih.gov/dailymed/drugInfo.cfm?setid=6bd6b9da-df69-46db-813e-4e7f3bdecf95 ; approved Co-trimoxazole label: https://dailymed.nlm.nih.gov/dailymed/drugInfo.cfm?setid=08500fcb-dbec-4ac2-91c3-189d27907ec0 — with additional reference: Prontuário Terapêutico do INFARMED, INFARMED (11th ed., 2012)",publicado,2026-08-04
cotrimoxazol_metformina,cotrimoxazol,metformina,moderate,"Aumento do risco de acidose láctica: o trimetoprim do Cotrimoxazol reduz a excreção renal da Metformina, elevando as suas concentrações.","Increased risk of lactic acidosis: the trimethoprim component reduces renal clearance of Metformin, raising its levels.","O trimetoprim compete com a Metformina pela secreção tubular renal (transportador OCT2), diminuindo a sua eliminação.","Trimethoprim competes with Metformin for renal tubular secretion (OCT2 transporter), reducing its elimination.",Vigiar sinais de acidose láctica em doentes com função renal reduzida; considerar doses baixas de Metformina durante a antibioterapia.,Monitor for lactic acidosis in patients with reduced renal function; consider low Metformin doses during antibiotic therapy.,"Função renal antes e durante; sinais de acidose (respiração profunda, sonolência, hipotensão).","Renal function before and during; signs of acidosis (Kussmaul breathing, drowsiness, hypotension).","Fraqueza, mialgia, dor abdominal, hiperventilação, sonolência — suspender e procurar ajuda médica.","Weakness, myalgia, abdominal pain, hyperventilation, drowsiness — stop and seek medical help.",DailyMed/FDA (NIH/NLM) — rótulo aprovado Metformina: https://dailymed.nlm.nih.gov/dailymed/drugInfo.cfm?setid=13b1e35f-d047-8ddc-e063-6394a90a24dd ; rótulo aprovado Cotrimoxazol: https://dailymed.nlm.nih.gov/dailymed/drugInfo.cfm?setid=08500fcb-dbec-4ac2-91c3-189d27907ec0,DailyMed/FDA (NIH/NLM) — approved Metformin label: https://dailymed.nlm.nih.gov/dailymed/drugInfo.cfm?setid=13b1e35f-d047-8ddc-e063-6394a90a24dd ; approved Co-trimoxazole label: https://dailymed.nlm.nih.gov/dailymed/drugInfo.cfm?setid=08500fcb-dbec-4ac2-91c3-189d27907ec0,publicado,2026-08-02
cotrimoxazol_metotrexato,cotrimoxazol,metotrexato,moderate,Antifólico + antagonista do folato: o cotrimoxazol potencia a toxicidade do metotrexato.,Antifolate + folate antagonist: co-trimoxazole potentiates methotrexate toxicity.,"O trimetoprim inibe a diidrofolato-redutase e reduz a depuração renal do metotrexato, com risco de mielossupressão grave.","Trimethoprim inhibits dihydrofolate reductase and reduces methotrexate renal clearance, risking severe marrow suppression.","Evitar a associação quando possível; se inevitável, monitorizar hemograma e função renal com frequência.","Avoid the combination when possible; if unavoidable, monitor full blood count and renal function frequently.",Hemograma e função renal; reavaliar dose de metotrexato.,Full blood count and renal function; reassess methotrexate dose.,"Febre, infeções, úlceras orais, anemia, leucopenia, trombocitopenia.","Fever, infections, oral ulcers, anaemia, leucopenia, thrombocytopenia.","DailyMed (FDA) — rótulo aprovado Metotrexato: https://dailymed.nlm.nih.gov/dailymed/drugInfo.cfm?setid=757d6cef-6696-7a1c-8074-01258aaa8bdd ; rótulo aprovado Cotrimoxazol: https://dailymed.nlm.nih.gov/dailymed/drugInfo.cfm?setid=08500fcb-dbec-4ac2-91c3-189d27907ec0 — referência adicional: Prontuário Terapêutico do INFARMED (11.ª ed., 2012)","DailyMed (FDA) — approved Methotrexate label: https://dailymed.nlm.nih.gov/dailymed/drugInfo.cfm?setid=757d6cef-6696-7a1c-8074-01258aaa8bdd ; approved Co-trimoxazole label: https://dailymed.nlm.nih.gov/dailymed/drugInfo.cfm?setid=08500fcb-dbec-4ac2-91c3-189d27907ec0 — additional reference: Prontuário Terapêutico do INFARMED (11th ed., 2012)",publicado,
cotrimoxazol_sulfadoxina-pirimetamina,cotrimoxazol,sulfadoxina-pirimetamina,moderate,Dois fármacos com sulfonamida (Sulfadoxina + Sulfametoxazol) — risco aditivo de reações de hipersensibilidade graves (ex.: síndrome de Stevens-Johnson) e de supressão da medula óssea.,Two sulfonamide-containing drugs (Sulfadoxine + Sulfamethoxazole) — additive risk of severe hypersensitivity reactions (e.g. Stevens-Johnson syndrome) and bone marrow suppression.,Sulfadoxina e Sulfametoxazol partilham o grupo sulfonamida; ambos são também antifólicos (com Pirimetamina e Trimetoprim).,Sulfadoxine and Sulfamethoxazole share the sulfonamide group; both are also antifolates (with Pyrimethamine and Trimethoprim).,Evitar a associação; usar um antibiótico alternativo sempre que possível.,Avoid the association; use an alternative antibiotic whenever possible.,"Pele (erupção, bolhas), hemograma e função renal.","Skin (rash, blisters), blood count and renal function.","Erupção cutânea extensa, bolhas/descolamento da pele, febre, anemia, icterícia.","Extensive rash, blisters/skin detachment, fever, anaemia, jaundice.",OMS (WHO) — Directrizes da OMS para a malária: https://www.who.int/teams/global-malaria-programme/guidelines-for-malaria ; DailyMed/FDA (NIH/NLM) — rótulo aprovado Cotrimoxazol: https://dailymed.nlm.nih.gov/dailymed/drugInfo.cfm?setid=08500fcb-dbec-4ac2-91c3-189d27907ec0,WHO — WHO Guidelines for malaria: https://www.who.int/teams/global-malaria-programme/guidelines-for-malaria ; DailyMed/FDA (NIH/NLM) — approved Co-trimoxazole label: https://dailymed.nlm.nih.gov/dailymed/drugInfo.cfm?setid=08500fcb-dbec-4ac2-91c3-189d27907ec0,publicado,2026-08-03
cotrimoxazol_zidovudina,cotrimoxazol,zidovudina,moderate,"A associação de Zidovudina com Cotrimoxazol aumenta o risco de mielotoxicidade (anemia e neutropenia), por efeito aditivo sobre a medula óssea.",Combining Zidovudine with Co-trimoxazole increases the risk of myelotoxicity (anaemia and neutropenia) through an additive effect on the bone marrow.,"Ambos os fármacos podem induzir alterações hematológicas; a co-administração potencia a depressão medular, sobretudo em doentes com imunodeficiência.","Both drugs can induce haematological abnormalities; co-administration potentiates marrow suppression, especially in immunodeficient patients.",Utilizar Cotrimoxazol e Zidovudina em associação apenas quando estritamente indicado (por exemplo profilaxia de Pneumocystis) e com vigilância hematológica.,Use Co-trimoxazole with Zidovudine only when strictly indicated (e.g. Pneumocystis prophylaxis) and with haematological monitoring.,"Hemograma periódico: hemoglobina, leucócitos e neutrófilos.","Periodic blood counts: haemoglobin, white cells and neutrophils.",Anemia ou neutropenia significativas exigem reavaliação da associação.,Significant anaemia or neutropenia requires reassessing the combination.,"DailyMed/FDA (NIH/NLM) — rótulo aprovado Zidovudina: https://dailymed.nlm.nih.gov/dailymed/drugInfo.cfm?setid=6df09f15-b102-431c-adde-d7aeef6f5d84 ; rótulo aprovado Cotrimoxazol: https://dailymed.nlm.nih.gov/dailymed/drugInfo.cfm?setid=08500fcb-dbec-4ac2-91c3-189d27907ec0 — com referência adicional: Prontuário Terapêutico do INFARMED (11.ª ed., 2012)","DailyMed/FDA (NIH/NLM) — approved Zidovudine label: https://dailymed.nlm.nih.gov/dailymed/drugInfo.cfm?setid=6df09f15-b102-431c-adde-d7aeef6f5d84 ; approved Co-trimoxazole label: https://dailymed.nlm.nih.gov/dailymed/drugInfo.cfm?setid=08500fcb-dbec-4ac2-91c3-189d27907ec0 — with additional reference: Prontuário Terapêutico do INFARMED, INFARMED (11th ed., 2012)",publicado,2026-08-04
dabigatrano_ibuprofeno,dabigatrano,ibuprofeno,moderate,O ibuprofeno aumenta o risco de hemorragia com dabigatrano.,Ibuprofen increases the bleeding risk with dabigatran.,O dabigatrano e o ibuprofeno têm efeitos anti-hemostáticos aditivos; o AINE também lesa a mucosa gástrica.,Dabigatran and ibuprofen have additive anti-haemostatic effects; the NSAID also damages the gastric mucosa.,"Preferir analgesia alternativa; se AINE inevitável, vigiar de perto.","Prefer alternative analgesia; if an NSAID is unavoidable, monitor closely.",Vigiar hemograma e sintomas gastrointestinais.,Monitor blood count and GI symptoms.,"Hemorragia gastrointestinal, anemia aguda.","GI bleeding, acute anaemia.","DailyMed (FDA) — rótulo aprovado Dabigatrano: https://dailymed.nlm.nih.gov/dailymed/drugInfo.cfm?setid=f7ea7e2c-ca54-4ecc-9fc7-bd3571b0ebc2 ; rótulo aprovado Ibuprofeno: https://dailymed.nlm.nih.gov/dailymed/drugInfo.cfm?setid=291602fa-8ebe-4200-bba7-9798c90f8a50 — referência adicional: Prontuário Terapêutico do INFARMED (11.ª ed., 2012)","DailyMed (FDA) — approved Dabigatran label: https://dailymed.nlm.nih.gov/dailymed/drugInfo.cfm?setid=f7ea7e2c-ca54-4ecc-9fc7-bd3571b0ebc2 ; approved Ibuprofen label: https://dailymed.nlm.nih.gov/dailymed/drugInfo.cfm?setid=291602fa-8ebe-4200-bba7-9798c90f8a50 — additional reference: Prontuário Terapêutico do INFARMED (11th ed., 2012)",publicado,
dabigatrano_warfarina,dabigatrano,warfarina,moderate,A transição dabigatrano-varfarina deve ser feita com protocolo para evitar sub ou sobre-anticoagulação.,Dabigatran-warfarin transition should follow a protocol to avoid under- or over-anticoagulation.,A troca requer coordenação entre o efeito imediato do dabigatrano e o início retardado da varfarina.,Switching requires coordination between dabigatran's immediate effect and warfarin's delayed onset.,Seguir o esquema de transição da SmPC; ajustar com o INR.,Follow the SmPC transition schedule; adjust with the INR.,Monitorizar INR e sinais hemorrágicos durante a transição.,Monitor INR and bleeding signs during the transition.,INR supraterapêutico ou hemorragia na transição.,Supratherapeutic INR or bleeding during transition.,"DailyMed (FDA) — rótulo aprovado Dabigatrano: https://dailymed.nlm.nih.gov/dailymed/drugInfo.cfm?setid=f7ea7e2c-ca54-4ecc-9fc7-bd3571b0ebc2 ; rótulo aprovado Varfarina: https://dailymed.nlm.nih.gov/dailymed/drugInfo.cfm?setid=541c9a70-adaf-4ef3-94ba-ad4e70dfa057 — referência adicional: Prontuário Terapêutico do INFARMED (11.ª ed., 2012)","DailyMed (FDA) — approved Dabigatran label: https://dailymed.nlm.nih.gov/dailymed/drugInfo.cfm?setid=f7ea7e2c-ca54-4ecc-9fc7-bd3571b0ebc2 ; approved Warfarin label: https://dailymed.nlm.nih.gov/dailymed/drugInfo.cfm?setid=541c9a70-adaf-4ef3-94ba-ad4e70dfa057 — additional reference: Prontuário Terapêutico do INFARMED (11th ed., 2012)",publicado,
desloratadina_eritromicina,desloratadina,eritromicina,moderate,Desloratadina + eritromicina: possível aumento das concentrações de desloratadina.,Desloratadine + erythromycin: possible increased desloratadine concentrations.,A eritromicina reduz o metabolismo da desloratadina (CYP3A4).,Erythromycin reduces desloratadine metabolism (CYP3A4).,Vigiar sedação; não é geralmente necessário ajuste de dose.,Watch for sedation; dose adjustment is usually not required.,Efeitos adversos do anti-histamínico.,Antihistamine adverse effects.,"Sonolência, xerostomia, cefaleia.","Drowsiness, dry mouth, headache.","DailyMed (FDA) — rótulo aprovado Desloratadina: https://dailymed.nlm.nih.gov/dailymed/drugInfo.cfm?setid=2a90b899-7746-43dc-ac8a-e754428eb30c ; rótulo aprovado Eritromicina: https://dailymed.nlm.nih.gov/dailymed/drugInfo.cfm?setid=0c05e1f7-a3d4-8e69-e063-6394a90aecc3 — referência adicional: Prontuário Terapêutico do INFARMED (11.ª ed., 2012)","DailyMed (FDA) — approved Desloratadine label: https://dailymed.nlm.nih.gov/dailymed/drugInfo.cfm?setid=2a90b899-7746-43dc-ac8a-e754428eb30c ; approved Erythromycin label: https://dailymed.nlm.nih.gov/dailymed/drugInfo.cfm?setid=0c05e1f7-a3d4-8e69-e063-6394a90aecc3 — additional reference: Prontuário Terapêutico do INFARMED (11th ed., 2012)",publicado,
dexametasona_digoxina,dexametasona,digoxina,moderate,Corticosteroide + digoxina: a hipocaliemia induzida aumenta a toxicidade digitálica.,Corticosteroid + digoxin: induced hypokalaemia increases digoxin toxicity.,A perda de potássio associada ao corticosteroide sensibiliza o miocárdio à digoxina.,Corticosteroid-associated potassium loss sensitises the myocardium to digoxin.,Monitorizar potássio e sinais de toxicidade digitálica.,Monitor potassium and signs of digoxin toxicity.,Potássio sérico e eletrocardiograma.,Serum potassium and ECG.,"Náuseas, arritmias, confusão, visão a cores alterada.","Nausea, arrhythmias, confusion, altered colour vision.","DailyMed (FDA) — rótulo aprovado Dexametasona: https://dailymed.nlm.nih.gov/dailymed/drugInfo.cfm?setid=7cbd9005-7df2-47ee-adb3-7244c1c69bc3 ; rótulo aprovado Digoxina: https://dailymed.nlm.nih.gov/dailymed/drugInfo.cfm?setid=e61d2108-d871-44c0-b12a-2e61fbb56967 — referência adicional: Prontuário Terapêutico do INFARMED (11.ª ed., 2012)","DailyMed (FDA) — approved Dexamethasone label: https://dailymed.nlm.nih.gov/dailymed/drugInfo.cfm?setid=7cbd9005-7df2-47ee-adb3-7244c1c69bc3 ; approved Digoxin label: https://dailymed.nlm.nih.gov/dailymed/drugInfo.cfm?setid=e61d2108-d871-44c0-b12a-2e61fbb56967 — additional reference: Prontuário Terapêutico do INFARMED (11th ed., 2012)",publicado,
dexametasona_fenitoina,dexametasona,fenitoina,moderate,Corticosteroide + fenitoína: indução enzimática reduz o efeito de ambos.,Corticosteroid + phenytoin: enzyme induction reduces the effect of both.,A fenitoína induz o CYP3A4 (metabolismo da dexametasona) e a dexametasona altera o metabolismo da fenitoína.,Phenytoin induces CYP3A4 (dexamethasone metabolism) and dexamethasone alters phenytoin metabolism.,"Monitorizar resposta e, se possível, dos níveis de fenitoína.","Monitor response and, if feasible, phenytoin levels.",Resposta clínica e níveis séricos de fenitoína.,Clinical response and serum phenytoin levels.,"Crises convulsivas, falta de controlo alérgico/inflamatório.","Seizures, lack of allergic/inflammatory control.","DailyMed (FDA) — rótulo aprovado Dexametasona: https://dailymed.nlm.nih.gov/dailymed/drugInfo.cfm?setid=7cbd9005-7df2-47ee-adb3-7244c1c69bc3 ; rótulo aprovado Fenitoína: https://dailymed.nlm.nih.gov/dailymed/drugInfo.cfm?setid=ef4e97a7-cd18-47a9-a016-2eca5481a87e — referência adicional: Prontuário Terapêutico do INFARMED (11.ª ed., 2012)","DailyMed (FDA) — approved Dexamethasone label: https://dailymed.nlm.nih.gov/dailymed/drugInfo.cfm?setid=7cbd9005-7df2-47ee-adb3-7244c1c69bc3 ; approved Phenytoin label: https://dailymed.nlm.nih.gov/dailymed/drugInfo.cfm?setid=ef4e97a7-cd18-47a9-a016-2eca5481a87e — additional reference: Prontuário Terapêutico do INFARMED (11th ed., 2012)",publicado,
dexametasona_furosemida,dexametasona,furosemida,moderate,Corticosteroide + diurético de ansa: risco de hipocaliemia aditiva.,Corticosteroid + loop diuretic: additive hypokalaemia risk.,Ambos aumentam a perda renal de potássio.,Both increase renal potassium loss.,Monitorizar o potássio sérico; considerar suplementação se necessário.,Monitor serum potassium; consider supplementation if needed.,Potássio sérico e sintomas de hipocaliemia.,Serum potassium and hypokalaemia symptoms.,"Fraqueza, cãibras, arritmias.","Weakness, cramps, arrhythmias.","DailyMed (FDA) — rótulo aprovado Dexametasona: https://dailymed.nlm.nih.gov/dailymed/drugInfo.cfm?setid=7cbd9005-7df2-47ee-adb3-7244c1c69bc3 ; rótulo aprovado Furosemida: https://dailymed.nlm.nih.gov/dailymed/drugInfo.cfm?setid=6d9caaab-d874-4cf1-b9fe-408452a18998 — referência adicional: Prontuário Terapêutico do INFARMED (11.ª ed., 2012)","DailyMed (FDA) — approved Dexamethasone label: https://dailymed.nlm.nih.gov/dailymed/drugInfo.cfm?setid=7cbd9005-7df2-47ee-adb3-7244c1c69bc3 ; approved Furosemide label: https://dailymed.nlm.nih.gov/dailymed/drugInfo.cfm?setid=6d9caaab-d874-4cf1-b9fe-408452a18998 — additional reference: Prontuário Terapêutico do INFARMED (11th ed., 2012)",publicado,
dexametasona_glicose,dexametasona,glicose,moderate,Corticosteroide + glicose: hiperglicémia aditiva em doentes em nutrição.,Corticosteroid + glucose: additive hyperglycaemia in patients on nutrition.,Os corticosteroides aumentam a glicémia; a perfusão de glicose acrescenta carga glucídica.,Corticosteroids raise glycaemia; glucose infusion adds a carbohydrate load.,Monitorizar a glicemia e ajustar insulina/antidiabéticos durante a terapêutica.,Monitor blood glucose and adjust insulin/antidiabetics during therapy.,Glicemia capilar/sérica.,Capillary/serum glucose.,"Hiperglicemia sintomática, descompensação metabólica.","Symptomatic hyperglycaemia, metabolic decompensation.","DailyMed (FDA) — rótulo aprovado Dexametasona: https://dailymed.nlm.nih.gov/dailymed/drugInfo.cfm?setid=7cbd9005-7df2-47ee-adb3-7244c1c69bc3 ; rótulo aprovado Glicose (dextrose): https://dailymed.nlm.nih.gov/dailymed/drugInfo.cfm?setid=36e9478c-5df0-4b47-b97d-de3626d7cb29 — referência adicional: Prontuário Terapêutico do INFARMED (11.ª ed., 2012)","DailyMed (FDA) — approved Dexamethasone label: https://dailymed.nlm.nih.gov/dailymed/drugInfo.cfm?setid=7cbd9005-7df2-47ee-adb3-7244c1c69bc3 ; approved Glucose (dextrose) label: https://dailymed.nlm.nih.gov/dailymed/drugInfo.cfm?setid=36e9478c-5df0-4b47-b97d-de3626d7cb29 — additional reference: Prontuário Terapêutico do INFARMED (11th ed., 2012)",publicado,
dexametasona_hidroclorotiazida,dexametasona,hidroclorotiazida,moderate,Corticosteroide + tiazida: hipocaliemia e hiperglicemia aditivas.,Corticosteroid + thiazide: additive hypokalaemia and hyperglycaemia.,Ambos favorecem a perda de potássio e a elevação da glicemia.,Both promote potassium loss and raised blood glucose.,Monitorizar potássio e glicemia; ajustar terapêutica se necessário.,Monitor potassium and blood glucose; adjust therapy if needed.,"Potássio, glicemia e tensão arterial.","Potassium, blood glucose and blood pressure.","Fraqueza, cãibras, poliúria, descompensação glicémica.","Weakness, cramps, polyuria, glycaemic decompensation.","DailyMed (FDA) — rótulo aprovado Dexametasona: https://dailymed.nlm.nih.gov/dailymed/drugInfo.cfm?setid=7cbd9005-7df2-47ee-adb3-7244c1c69bc3 ; rótulo aprovado Hidroclorotiazida: https://dailymed.nlm.nih.gov/dailymed/drugInfo.cfm?setid=0789baef-3424-43ab-a3fb-4908172da565 — referência adicional: Prontuário Terapêutico do INFARMED (11.ª ed., 2012)","DailyMed (FDA) — approved Dexamethasone label: https://dailymed.nlm.nih.gov/dailymed/drugInfo.cfm?setid=7cbd9005-7df2-47ee-adb3-7244c1c69bc3 ; approved Hydrochlorothiazide label: https://dailymed.nlm.nih.gov/dailymed/drugInfo.cfm?setid=0789baef-3424-43ab-a3fb-4908172da565 — additional reference: Prontuário Terapêutico do INFARMED (11th ed., 2012)",publicado,
dexametasona_ibuprofeno,dexametasona,ibuprofeno,moderate,Corticosteroide + AINE: risco gastrointestinal (úlcera/hemorragia) aditivo.,Corticosteroid + NSAID: additive gastrointestinal risk (ulcer/bleeding).,Ambos enfraquecem a proteção da mucosa gástrica.,Both weaken gastric mucosal protection.,"Evitar a associação quando possível; se necessária, usar gastroprotecção.","Avoid the combination when possible; if needed, use gastroprotection.",Sintomas digestivos e hemograma se hemorragia.,GI symptoms and full blood count if bleeding.,"Dor epigástrica, melena, hematemese.","Epigastric pain, melena, haematemesis.","DailyMed (FDA) — rótulo aprovado Dexametasona: https://dailymed.nlm.nih.gov/dailymed/drugInfo.cfm?setid=7cbd9005-7df2-47ee-adb3-7244c1c69bc3 ; rótulo aprovado Ibuprofeno: https://dailymed.nlm.nih.gov/dailymed/drugInfo.cfm?setid=291602fa-8ebe-4200-bba7-9798c90f8a50 — referência adicional: Prontuário Terapêutico do INFARMED (11.ª ed., 2012)","DailyMed (FDA) — approved Dexamethasone label: https://dailymed.nlm.nih.gov/dailymed/drugInfo.cfm?setid=7cbd9005-7df2-47ee-adb3-7244c1c69bc3 ; approved Ibuprofen label: https://dailymed.nlm.nih.gov/dailymed/drugInfo.cfm?setid=291602fa-8ebe-4200-bba7-9798c90f8a50 — additional reference: Prontuário Terapêutico do INFARMED (11th ed., 2012)",publicado,
dexametasona_ritonavir,dexametasona,ritonavir,moderate,Corticosteroide + ritonavir: inibição do CYP3A4 aumenta muito a exposição ao corticosteroide.,Corticosteroid + ritonavir: CYP3A4 inhibition markedly increases corticosteroid exposure.,"O ritonavir (inibidor potente do CYP3A4) reduz o metabolismo da dexametasona, com risco de síndrome de Cushing.","Ritonavir (potent CYP3A4 inhibitor) reduces dexamethasone metabolism, risking Cushing syndrome.","Evitar a associação; se inevitável, reduzir a dose de dexametasona e vigiar.","Avoid the combination; if unavoidable, reduce dexamethasone dose and monitor.","Glicemia, tensão arterial, sinais de excesso de corticosteroides.","Blood glucose, blood pressure, signs of corticosteroid excess.","Síndrome de Cushing, hiperglicemia, edema.","Cushing syndrome, hyperglycaemia, oedema.","DailyMed (FDA) — rótulo aprovado Dexametasona: https://dailymed.nlm.nih.gov/dailymed/drugInfo.cfm?setid=7cbd9005-7df2-47ee-adb3-7244c1c69bc3 ; rótulo aprovado Ritonavir: https://dailymed.nlm.nih.gov/dailymed/drugInfo.cfm?setid=d2f8c6ba-5e06-4b03-8ca5-b4fd7e5a8925 — referência adicional: Prontuário Terapêutico do INFARMED (11.ª ed., 2012)","DailyMed (FDA) — approved Dexamethasone label: https://dailymed.nlm.nih.gov/dailymed/drugInfo.cfm?setid=7cbd9005-7df2-47ee-adb3-7244c1c69bc3 ; approved Ritonavir label: https://dailymed.nlm.nih.gov/dailymed/drugInfo.cfm?setid=d2f8c6ba-5e06-4b03-8ca5-b4fd7e5a8925 — additional reference: Prontuário Terapêutico do INFARMED (11th ed., 2012)",publicado,
dexametasona_warfarina,dexametasona,warfarina,moderate,Corticosteroide + anticoagulante: alteração do INR e risco hemorrágico.,Corticosteroid + anticoagulant: altered INR and bleeding risk.,Os corticosteroides podem potenciar ou reduzir o efeito da varfarina (efeito variável sobre a hemostase e a mucosa GI).,Corticosteroids may potentiate or reduce warfarin effect (variable effect on haemostasis and GI mucosa).,Monitorizar INR após início/ajuste de corticosteroide; considerar gastroprotecção.,Monitor INR after starting/adjusting corticosteroids; consider gastroprotection.,INR periódico e sintomas digestivos.,Periodic INR and GI symptoms.,"Melena, hematemese, hemorragia.","Melena, haematemesis, bleeding.","DailyMed (FDA) — rótulo aprovado Dexametasona: https://dailymed.nlm.nih.gov/dailymed/drugInfo.cfm?setid=7cbd9005-7df2-47ee-adb3-7244c1c69bc3 ; rótulo aprovado Varfarina: https://dailymed.nlm.nih.gov/dailymed/drugInfo.cfm?setid=541c9a70-adaf-4ef3-94ba-ad4e70dfa057 — referência adicional: Prontuário Terapêutico do INFARMED (11.ª ed., 2012)","DailyMed (FDA) — approved Dexamethasone label: https://dailymed.nlm.nih.gov/dailymed/drugInfo.cfm?setid=7cbd9005-7df2-47ee-adb3-7244c1c69bc3 ; approved Warfarin label: https://dailymed.nlm.nih.gov/dailymed/drugInfo.cfm?setid=541c9a70-adaf-4ef3-94ba-ad4e70dfa057 — additional reference: Prontuário Terapêutico do INFARMED (11th ed., 2012)",publicado,
dextrometorfano_fluoxetina,dextrometorfano,fluoxetina,moderate,A fluoxetina pode aumentar os níveis de dextrometorfano e o risco de síndrome serotoninérgico.,Fluoxetine may raise dextromethorphan levels and the risk of serotonin syndrome.,"A fluoxetina inibe o CYP2D6, principal via de metabolização do dextrometorfano, e ambos são serotoninérgicos.","Fluoxetine inhibits CYP2D6, the main metabolic pathway of dextromethorphan, and both are serotonergic.","Evitar a associação; se inevitável, usar a menor dose de dextrometorfano e vigiar.","Avoid the combination; if unavoidable, use the lowest dextromethorphan dose and monitor.","Vigiar agitação, tremor, hipertermia, mioclonias e alterações do estado mental.","Monitor agitation, tremor, hyperthermia, myoclonus and mental status changes.","Síndrome serotoninérgico (hipertermia, rigidez, confusão).","Serotonin syndrome (hyperthermia, rigidity, confusion).","DailyMed (FDA) — rótulo aprovado Dextrometorfano: https://dailymed.nlm.nih.gov/dailymed/drugInfo.cfm?setid=0d99237c-0b52-0af6-e063-6394a90aba14 ; rótulo aprovado Fluoxetina: https://dailymed.nlm.nih.gov/dailymed/drugInfo.cfm?setid=09fb3100-1e06-4cdc-8016-7e4f5d097490 — referência adicional: Prontuário Terapêutico do INFARMED (11.ª ed., 2012)","DailyMed (FDA) — approved Dextromethorphan label: https://dailymed.nlm.nih.gov/dailymed/drugInfo.cfm?setid=0d99237c-0b52-0af6-e063-6394a90aba14 ; approved Fluoxetine label: https://dailymed.nlm.nih.gov/dailymed/drugInfo.cfm?setid=09fb3100-1e06-4cdc-8016-7e4f5d097490 — additional reference: Prontuário Terapêutico do INFARMED (11th ed., 2012)",publicado,
dextrometorfano_sertralina,dextrometorfano,sertralina,moderate,A sertralina pode potenciar os efeitos serotoninérgicos do dextrometorfano.,Sertraline may potentiate the serotonergic effects of dextromethorphan.,Efeito serotoninérgico aditivo; inibição parcial do CYP2D6 pela sertralina.,Additive serotonergic effect; partial CYP2D6 inhibition by sertraline.,Vigiar sintomas de excesso serotoninérgico na associação.,Monitor for symptoms of serotonergic excess with the combination.,"Vigiar agitação, diarreia, tremor, hiperreflexia e confusão.","Monitor agitation, diarrhoea, tremor, hyperreflexia and confusion.",Síndrome serotoninérgico.,Serotonin syndrome.,"DailyMed (FDA) — rótulo aprovado Dextrometorfano: https://dailymed.nlm.nih.gov/dailymed/drugInfo.cfm?setid=0d99237c-0b52-0af6-e063-6394a90aba14 ; rótulo aprovado Sertralina: https://dailymed.nlm.nih.gov/dailymed/drugInfo.cfm?setid=91e24d17-ff0a-449c-9472-b9df74c98456 — referência adicional: Prontuário Terapêutico do INFARMED (11.ª ed., 2012)","DailyMed (FDA) — approved Dextromethorphan label: https://dailymed.nlm.nih.gov/dailymed/drugInfo.cfm?setid=0d99237c-0b52-0af6-e063-6394a90aba14 ; approved Sertraline label: https://dailymed.nlm.nih.gov/dailymed/drugInfo.cfm?setid=91e24d17-ff0a-449c-9472-b9df74c98456 — additional reference: Prontuário Terapêutico do INFARMED (11th ed., 2012)",publicado,
dextrometorfano_tramadol,dextrometorfano,tramadol,moderate,A associação de dextrometorfano com tramadol aumenta o risco de síndrome serotoninérgico e convulsões.,Combining dextromethorphan with tramadol increases the risk of serotonin syndrome and seizures.,Ambos os fármacos aumentam a serotonina; o tramadol também reduz o limiar convulsivo.,Both drugs raise serotonin; tramadol also lowers the seizure threshold.,"Evitar a associação; se inevitável, vigiar de perto e usar a menor dose eficaz.","Avoid the combination; if unavoidable, monitor closely and use the lowest effective dose.",Vigiar sintomas serotoninérgicos e neurológicos.,Monitor serotonergic and neurological symptoms.,"Síndrome serotoninérgico, convulsões.","Serotonin syndrome, seizures.","DailyMed (FDA) — rótulo aprovado Dextrometorfano: https://dailymed.nlm.nih.gov/dailymed/drugInfo.cfm?setid=0d99237c-0b52-0af6-e063-6394a90aba14 ; rótulo aprovado Tramadol: https://dailymed.nlm.nih.gov/dailymed/drugInfo.cfm?setid=9f0e33bd-65f8-446a-886f-e7e16a142ce5 — referência adicional: Prontuário Terapêutico do INFARMED (11.ª ed., 2012)","DailyMed (FDA) — approved Dextromethorphan label: https://dailymed.nlm.nih.gov/dailymed/drugInfo.cfm?setid=0d99237c-0b52-0af6-e063-6394a90aba14 ; approved Tramadol label: https://dailymed.nlm.nih.gov/dailymed/drugInfo.cfm?setid=9f0e33bd-65f8-446a-886f-e7e16a142ce5 — additional reference: Prontuário Terapêutico do INFARMED (11th ed., 2012)",publicado,
diclofenac_estreptomicina,diclofenac,estreptomicina,moderate,Risco nefrotóxico aditivo entre Estreptomicina e Diclofenac (AINE).,Additive nephrotoxicity risk between Streptomycin and Diclofenac (an NSAID).,Idem associação de AINE com aminoglicósido.,Same NSAID and aminoglycoside mechanism.,Evitar AINE; hidratar; vigiar função renal.,Avoid NSAIDs; hydrate; monitor renal function.,Creatinina e diurese.,Creatinine and urine output.,"Insuficiência renal aguda (oligúria, fadiga, edema).","Acute renal failure (oliguria, fatigue, oedema).",DailyMed/FDA (NIH/NLM) — rótulo aprovado Estreptomicina: https://dailymed.nlm.nih.gov/dailymed/drugInfo.cfm?setid=abd1f64e-4283-4370-aae8-3666316aa36e ; rótulo aprovado Diclofenac: https://dailymed.nlm.nih.gov/dailymed/drugInfo.cfm?setid=b0931350-28a9-4f00-9254-1d72e31f04c3,DailyMed/FDA (NIH/NLM) — approved Streptomycin label: https://dailymed.nlm.nih.gov/dailymed/drugInfo.cfm?setid=abd1f64e-4283-4370-aae8-3666316aa36e ; approved Diclofenac label: https://dailymed.nlm.nih.gov/dailymed/drugInfo.cfm?setid=b0931350-28a9-4f00-9254-1d72e31f04c3,publicado,2026-08-03
diclofenac_ibuprofeno,diclofenac,ibuprofeno,moderate,"Não é recomendado usar dois AINE em simultâneo: aumenta o risco de hemorragia, ulceração gastrointestinal e lesão renal sem acrescentar eficácia.","Not recommended to use two NSAIDs at once: increases the risk of bleeding, ulceration and renal injury without adding efficacy.",Efeito aditivo na inibição das COX e na redução de prostaglandinas protetoras gástricas e renais.,Additive COX inhibition and reduced protective gastric and renal prostaglandins.,"Evitar a associação; usar apenas um AINE na menor dose eficaz, com proteção gástrica se inevitável.","Avoid the combination; use only one NSAID at the lowest effective dose, with gastric protection if unavoidable.","Sinais gastrointestinais (dispepsia, melena) e função renal em uso prolongado.","Gastrointestinal signs (dyspepsia, melaena) and renal function in prolonged use.","Dor abdominal, melena, hematemeses, edema, agravamento da tensão arterial.","Abdominal pain, melaena, haematemesis, oedema, rising blood pressure.",DailyMed/FDA (NIH/NLM) — rótulo aprovado Ibuprofeno: https://dailymed.nlm.nih.gov/dailymed/drugInfo.cfm?setid=14515409-736f-4119-b6a0-cb19ee2e948e ; rótulo aprovado Diclofenac: https://dailymed.nlm.nih.gov/dailymed/drugInfo.cfm?setid=ddd2278b-70be-41ca-8a84-e3fe0f1a1561,DailyMed/FDA (NIH/NLM) — approved Ibuprofen label: https://dailymed.nlm.nih.gov/dailymed/drugInfo.cfm?setid=14515409-736f-4119-b6a0-cb19ee2e948e ; approved Diclofenac label: https://dailymed.nlm.nih.gov/dailymed/drugInfo.cfm?setid=ddd2278b-70be-41ca-8a84-e3fe0f1a1561,publicado,2026-08-02
diclofenac_litio,diclofenac,litio,moderate,"A associação de Lítio com Diclofenac aumenta as concentrações séricas de Lítio, com risco de toxicidade.","Combining Lithium with Diclofenac increases serum Lithium concentrations, with a risk of toxicity.","Os AINEs, como o Diclofenac, diminuem a excreção renal de Lítio, elevando os seus níveis séricos.","NSAIDs such as Diclofenac decrease the renal excretion of Lithium, raising its serum levels.","Evitar a associação; se necessária, usar a menor dose de Diclofenac e monitorizar os níveis de Lítio.","Avoid the combination; if needed, use the lowest Diclofenac dose and monitor Lithium levels.",Vigiar sinais de toxicidade do Lítio após início do Diclofenac.,Watch for signs of Lithium toxicity after starting Diclofenac.,"Sinais de intoxicação por Lítio (confusão, tremor, vómitos, convulsões) exigem avaliação urgente.","Signs of Lithium toxicity (confusion, tremor, vomiting, seizures) require urgent evaluation.","DailyMed/FDA (NIH/NLM) — rótulo aprovado Lítio: https://dailymed.nlm.nih.gov/dailymed/drugInfo.cfm?setid=0e6b0a2d-b79c-44d8-b785-5267df9e8f72 ; rótulo aprovado Diclofenac: https://dailymed.nlm.nih.gov/dailymed/drugInfo.cfm?setid=b0931350-28a9-4f00-9254-1d72e31f04c3 — com referência adicional: Prontuário Terapêutico do INFARMED (11.ª ed., 2012)","DailyMed/FDA (NIH/NLM) — approved Lithium label: https://dailymed.nlm.nih.gov/dailymed/drugInfo.cfm?setid=0e6b0a2d-b79c-44d8-b785-5267df9e8f72 ; approved Diclofenac label: https://dailymed.nlm.nih.gov/dailymed/drugInfo.cfm?setid=b0931350-28a9-4f00-9254-1d72e31f04c3 — with additional reference: Prontuário Terapêutico do INFARMED, INFARMED (11th ed., 2012)",publicado,2026-08-04
diclofenac_naproxeno,diclofenac,naproxeno,moderate,Dois AINE em simultâneo: sem benefício e com risco GI/renal acrescido.,Two NSAIDs together: no benefit and increased GI/renal risk.,Efeitos aditivos sobre a mucosa gástrica e a função renal.,Additive effects on gastric mucosa and renal function.,Não combinar AINE; usar um único AINE à menor dose eficaz.,Do not combine NSAIDs; use a single NSAID at the lowest effective dose.,Função renal e sintomas GI.,Renal function and GI symptoms.,"Dispepsia, dor epigástrica, edema.","Dyspepsia, epigastric pain, oedema.","DailyMed (FDA) — rótulo aprovado Diclofenac: https://dailymed.nlm.nih.gov/dailymed/drugInfo.cfm?setid=2d45648f-cbea-41a4-8e3e-007b7bb7912c ; rótulo aprovado Naproxeno: https://dailymed.nlm.nih.gov/dailymed/drugInfo.cfm?setid=24d44eb6-921e-4150-a6b2-81f42ced32ab — referência adicional: Prontuário Terapêutico do INFARMED (11.ª ed., 2012)","DailyMed (FDA) — approved Diclofenac label: https://dailymed.nlm.nih.gov/dailymed/drugInfo.cfm?setid=2d45648f-cbea-41a4-8e3e-007b7bb7912c ; approved Naproxen label: https://dailymed.nlm.nih.gov/dailymed/drugInfo.cfm?setid=24d44eb6-921e-4150-a6b2-81f42ced32ab — additional reference: Prontuário Terapêutico do INFARMED (11th ed., 2012)",publicado,
diclofenac_prednisolona,diclofenac,prednisolona,moderate,Risco hemorrágico gastrointestinal acrescido pela associação de um corticosteroide (Prednisolona) com um AINE.,Increased gastrointestinal bleeding risk when a corticosteroid (Prednisolone) is combined with an NSAID.,Efeitos lesivos na mucosa gástrica somados (redução de prostaglandinas protetoras).,Additive gastric mucosal injury (reduced protective prostaglandins).,Considerar proteção gástrica (IBP) se a associação for inevitável; usar as menores doses eficazes pelo menor tempo.,Consider gastric protection (PPIs) if unavoidable; use the lowest effective doses for the shortest time.,Vigiar sintomas dispépticos e sangue oculto nas fezes.,Watch for dyspepsia and occult blood in stool.,"Dor abdominal intensa, melena, hematemeses.","Severe abdominal pain, melaena, haematemesis.",DailyMed/FDA (NIH/NLM) — rótulo aprovado Diclofenac: https://dailymed.nlm.nih.gov/dailymed/drugInfo.cfm?setid=ddd2278b-70be-41ca-8a84-e3fe0f1a1561 ; rótulo aprovado Prednisolona: https://dailymed.nlm.nih.gov/dailymed/drugInfo.cfm?setid=52e6e21d-94b8-41a0-8d13-371c0e66bcee,DailyMed/FDA (NIH/NLM) — approved Diclofenac label: https://dailymed.nlm.nih.gov/dailymed/drugInfo.cfm?setid=ddd2278b-70be-41ca-8a84-e3fe0f1a1561 ; approved Prednisolone label: https://dailymed.nlm.nih.gov/dailymed/drugInfo.cfm?setid=52e6e21d-94b8-41a0-8d13-371c0e66bcee,publicado,2026-08-02
diclofenac_warfarina,diclofenac,warfarina,moderate,AINE + anticoagulante: aumento do risco hemorrágico.,NSAID + anticoagulant: increased bleeding risk.,"O diclofenac inibe a COX, a agregação plaquetária e pode interagir com a varfarina, potenciando a anticoagulação.","Diclofenac inhibits COX and platelet aggregation and may interact with warfarin, enhancing anticoagulation.",Usar a menor dose de AINE possível; considerar gastroprotecção e vigiar hemorragias.,Use the lowest NSAID dose; consider gastroprotection and watch for bleeding.,INR e sintomas digestivos.,INR and GI symptoms.,"Melena, hematemese, equimoses.","Melena, haematemesis, ecchymosis.","DailyMed (FDA) — rótulo aprovado Diclofenac: https://dailymed.nlm.nih.gov/dailymed/drugInfo.cfm?setid=2d45648f-cbea-41a4-8e3e-007b7bb7912c ; rótulo aprovado Varfarina: https://dailymed.nlm.nih.gov/dailymed/drugInfo.cfm?setid=541c9a70-adaf-4ef3-94ba-ad4e70dfa057 — referência adicional: Prontuário Terapêutico do INFARMED (11.ª ed., 2012)","DailyMed (FDA) — approved Diclofenac label: https://dailymed.nlm.nih.gov/dailymed/drugInfo.cfm?setid=2d45648f-cbea-41a4-8e3e-007b7bb7912c ; approved Warfarin label: https://dailymed.nlm.nih.gov/dailymed/drugInfo.cfm?setid=541c9a70-adaf-4ef3-94ba-ad4e70dfa057 — additional reference: Prontuário Terapêutico do INFARMED (11th ed., 2012)",publicado,
difenidramina_morfina,difenidramina,morfina,moderate,Anti-histamínico sedativo + opioide: depressão do SNC aditiva.,Sedating antihistamine + opioid: additive CNS depression.,"Ambos deprimem o sistema nervoso central, potenciando a sedação e a depressão respiratória.","Both depress the CNS, potentiating sedation and respiratory depression.","Evitar a associação; se inevitável, usar a menor dose e vigiar sedação/respiração.","Avoid the combination; if unavoidable, use the lowest dose and watch sedation/respiration.","Nível de consciência, frequência respiratória, oximetria.","Level of consciousness, respiratory rate, oximetry.","Sonolência profunda, bradipneia, confusão.","Deep drowsiness, bradypnoea, confusion.","DailyMed (FDA) — rótulo aprovado Difenidramina: https://dailymed.nlm.nih.gov/dailymed/drugInfo.cfm?setid=d8944f3c-acef-4ebe-9633-7d641ae95edf ; rótulo aprovado Morfina: https://dailymed.nlm.nih.gov/dailymed/drugInfo.cfm?setid=57ee014e-744e-65e1-e063-6394a90a8c93 — referência adicional: Prontuário Terapêutico do INFARMED (11.ª ed., 2012)","DailyMed (FDA) — approved Diphenhydramine label: https://dailymed.nlm.nih.gov/dailymed/drugInfo.cfm?setid=d8944f3c-acef-4ebe-9633-7d641ae95edf ; approved Morphine label: https://dailymed.nlm.nih.gov/dailymed/drugInfo.cfm?setid=57ee014e-744e-65e1-e063-6394a90a8c93 — additional reference: Prontuário Terapêutico do INFARMED (11th ed., 2012)",publicado,
difenidramina_sertralina,difenidramina,sertralina,minor,Anti-histamínico sedativo + ISRS: sedação aditiva ligeira.,Sedating antihistamine + SSRI: mild additive sedation.,Ambos podem causar sedação e efeitos anticolinérgicos aditivos.,Both may cause sedation and additive anticholinergic effects.,Usar com precaução; vigiar sonolência diurna.,Use with caution; watch for daytime drowsiness.,Sintomas de sedação excessiva.,Symptoms of excessive sedation.,"Sonolência diurna, confusão em idosos.","Daytime drowsiness, confusion in the elderly.","DailyMed (FDA) — rótulo aprovado Difenidramina: https://dailymed.nlm.nih.gov/dailymed/drugInfo.cfm?setid=d8944f3c-acef-4ebe-9633-7d641ae95edf ; rótulo aprovado Sertralina: https://dailymed.nlm.nih.gov/dailymed/drugInfo.cfm?setid=91e24d17-ff0a-449c-9472-b9df74c98456 — referência adicional: Prontuário Terapêutico do INFARMED (11.ª ed., 2012)","DailyMed (FDA) — approved Diphenhydramine label: https://dailymed.nlm.nih.gov/dailymed/drugInfo.cfm?setid=d8944f3c-acef-4ebe-9633-7d641ae95edf ; approved Sertraline label: https://dailymed.nlm.nih.gov/dailymed/drugInfo.cfm?setid=91e24d17-ff0a-449c-9472-b9df74c98456 — additional reference: Prontuário Terapêutico do INFARMED (11th ed., 2012)",publicado,
difenidramina_tramadol,difenidramina,tramadol,moderate,Anti-histamínico sedativo + tramadol: sedação aditiva e risco de convulsões.,Sedating antihistamine + tramadol: additive sedation and seizure risk.,Efeito depressor do SNC aditivo; o tramadol baixa o limiar convulsivo.,Additive CNS depressant effect; tramadol lowers the seizure threshold.,Evitar em doentes idosos/frágeis; vigiar sedação e sintomas neurológicos.,Avoid in elderly/frail patients; watch for sedation and neurological symptoms.,Nível de consciência e sintomas neurológicos.,Level of consciousness and neurological symptoms.,"Convulsões, sonolência excessiva, confusão.","Seizures, excessive drowsiness, confusion.","DailyMed (FDA) — rótulo aprovado Difenidramina: https://dailymed.nlm.nih.gov/dailymed/drugInfo.cfm?setid=d8944f3c-acef-4ebe-9633-7d641ae95edf ; rótulo aprovado Tramadol: https://dailymed.nlm.nih.gov/dailymed/drugInfo.cfm?setid=9f0e33bd-65f8-446a-886f-e7e16a142ce5 — referência adicional: Prontuário Terapêutico do INFARMED (11.ª ed., 2012)","DailyMed (FDA) — approved Diphenhydramine label: https://dailymed.nlm.nih.gov/dailymed/drugInfo.cfm?setid=d8944f3c-acef-4ebe-9633-7d641ae95edf ; approved Tramadol label: https://dailymed.nlm.nih.gov/dailymed/drugInfo.cfm?setid=9f0e33bd-65f8-446a-886f-e7e16a142ce5 — additional reference: Prontuário Terapêutico do INFARMED (11th ed., 2012)",publicado,
digoxina_eritromicina,digoxina,eritromicina,moderate,"A Eritromicina pode aumentar os níveis plasmáticos de Digoxina, com risco de toxicidade digitálica (arritmias, náuseas, perturbações visuais).","Erythromycin may raise plasma Digoxin levels, with a risk of digitalis toxicity (arrhythmias, nausea, visual disturbances).","A Eritromicina inibe a glicoproteína-P e o CYP3A4, reduzindo a eliminação da Digoxina e aumentando o seu efeito; distúrbios eletrolíticos (hipocaliemia) podem potenciar a toxicidade digitálica.","Erythromycin inhibits P-glycoprotein and CYP3A4, reducing Digoxin elimination and increasing its effect; electrolyte disturbances (hypokalemia) may potentiate digitalis toxicity.",Monitorizar os níveis séricos de digoxina e os sinais de toxicidade; pode ser necessário reduzir a dose de digoxina ou usar um macrólido alternativo.,Monitor serum digoxin levels and signs of toxicity; a digoxin dose reduction or an alternative macrolide may be needed.,"Vigiar bradicardia, arritmias, náuseas, anorexia, perturbações visuais e níveis de potássio.","Watch for bradycardia, arrhythmias, nausea, anorexia, visual disturbances and potassium levels.","Arritmias, bradicardia marcada, náuseas persistentes ou turvação visual impõem avaliação urgente e doseamento de digoxina.","Arrhythmias, marked bradycardia, persistent nausea or blurred vision require urgent evaluation and a digoxin level.","DailyMed/FDA (NIH/NLM) — rótulo aprovado Eritromicina: https://dailymed.nlm.nih.gov/dailymed/drugInfo.cfm?setid=49b3ca93-43cc-439c-8f5d-e3ea2e87ad2f ; rótulo aprovado Digoxina: https://dailymed.nlm.nih.gov/dailymed/drugInfo.cfm?setid=5886e233-b2da-4acb-be05-9bf40fb8e7f4 — com referência adicional: Prontuário Terapêutico do INFARMED (11.ª ed., 2012)","DailyMed/FDA (NIH/NLM) — approved Erythromycin label: https://dailymed.nlm.nih.gov/dailymed/drugInfo.cfm?setid=49b3ca93-43cc-439c-8f5d-e3ea2e87ad2f ; approved Digoxin label: https://dailymed.nlm.nih.gov/dailymed/drugInfo.cfm?setid=5886e233-b2da-4acb-be05-9bf40fb8e7f4 — with additional reference: Prontuário Terapêutico do INFARMED, INFARMED (11th ed., 2012)",publicado,2026-08-04
digoxina_flecainida,digoxina,flecainida,moderate,A flecainida pode aumentar até cerca de 20% as concentrações de digoxina.,Flecainide may raise digoxin by up to about 20%.,"A flecainida reduz discretamente o clearance renal da digoxina, relevante em idosos e insuficiência renal.","Flecainide slightly reduces renal clearance of digoxin, chiefly in the elderly and renal impairment.",Vigiar níveis de digoxina e sinais de toxicidade digitálica.,Monitor digoxin levels and signs of toxicity.,"Níveis de digoxina, frequência cardíaca, sintomas gastrointestinais.","Digoxin levels, heart rate, gastrointestinal symptoms.","Náuseas, bradicardia ou arritmias.","Nausea, bradycardia or arrhythmia.","DailyMed (FDA) — rótulo aprovado Flecainida: https://dailymed.nlm.nih.gov/dailymed/drugInfo.cfm?setid=74c1eb2a-a37f-4f33-86bf-51e0d1d0c2bc ; rótulo aprovado Digoxina: https://dailymed.nlm.nih.gov/dailymed/drugInfo.cfm?setid=e61d2108-d871-44c0-b12a-2e61fbb56967 — referência adicional: Prontuário Terapêutico do INFARMED (11.ª ed., 2012)","DailyMed (FDA) — approved Flecainide label: https://dailymed.nlm.nih.gov/dailymed/drugInfo.cfm?setid=74c1eb2a-a37f-4f33-86bf-51e0d1d0c2bc ; approved Digoxin label: https://dailymed.nlm.nih.gov/dailymed/drugInfo.cfm?setid=e61d2108-d871-44c0-b12a-2e61fbb56967 — additional reference: Prontuário Terapêutico do INFARMED (11th ed., 2012)",publicado,
digoxina_furosemida,digoxina,furosemida,moderate,A hipocaliemia induzida pela Furosemida aumenta a toxicidade da Digoxina.,Furosemide-induced hypokalaemia increases Digoxin toxicity.,A perda renal de potássio sensibiliza o miocárdio ao efeito da Digoxina.,Renal potassium loss sensitises the myocardium to Digoxin.,Monitorizar K+ e repor precocemente; ajustar a dose de Digoxina se houver alteração da função renal.,Monitor K+ and replace early; adjust the Digoxin dose if renal function changes.,Eletrólitos e digoxinemia; ECG se houver sintomas.,Electrolytes and digoxin levels; ECG if symptoms occur.,"Náuseas, anorexia, bradicardia, arritmias, confusão.","Nausea, anorexia, bradycardia, arrhythmias, confusion.",DailyMed/FDA (NIH/NLM) — rótulo aprovado Digoxina: https://dailymed.nlm.nih.gov/dailymed/drugInfo.cfm?setid=5886e233-b2da-4acb-be05-9bf40fb8e7f4 ; rótulo aprovado Furosemida: https://dailymed.nlm.nih.gov/dailymed/drugInfo.cfm?setid=7cdcd001-ab4b-4210-a455-2e17a7bc4972,DailyMed/FDA (NIH/NLM) — approved Digoxin label: https://dailymed.nlm.nih.gov/dailymed/drugInfo.cfm?setid=5886e233-b2da-4acb-be05-9bf40fb8e7f4 ; approved Furosemide label: https://dailymed.nlm.nih.gov/dailymed/drugInfo.cfm?setid=7cdcd001-ab4b-4210-a455-2e17a7bc4972,publicado,2026-03-15
digoxina_hidroxicloroquina,digoxina,hidroxicloroquina,moderate,A Hidroxicloroquina aumenta os níveis de Digoxina — risco de toxicidade digitálica.,Hydroxychloroquine raises Digoxin levels — risk of digoxin toxicity.,"Inibição da glicoproteína-P, reduzindo a excreção renal da Digoxina.","P-glycoprotein inhibition, reducing renal Digoxin excretion.",Monitorizar a digoxinemia; ajustar a dose se necessário.,Monitor digoxin levels; adjust the dose if needed.,"Digoxinemia, ECG e função renal.","Digoxin level, ECG and renal function.","Náuseas, alterações visuais, bradicardia.","Nausea, visual disturbances, bradycardia.",DailyMed/FDA (NIH/NLM) — rótulo aprovado Hidroxicloroquina: https://dailymed.nlm.nih.gov/dailymed/drugInfo.cfm?setid=34496b43-05a2-45fb-a769-52b12e099341 ; rótulo aprovado Digoxina: https://dailymed.nlm.nih.gov/dailymed/drugInfo.cfm?setid=5886e233-b2da-4acb-be05-9bf40fb8e7f4,DailyMed/FDA (NIH/NLM) — approved Hydroxychloroquine label: https://dailymed.nlm.nih.gov/dailymed/drugInfo.cfm?setid=34496b43-05a2-45fb-a769-52b12e099341 ; approved Digoxin label: https://dailymed.nlm.nih.gov/dailymed/drugInfo.cfm?setid=5886e233-b2da-4acb-be05-9bf40fb8e7f4,publicado,2026-08-03
digoxina_indapamida,digoxina,indapamida,moderate,A hipocalemia da indapamida aumenta a toxicidade da digoxina.,Indapamide-induced hypokalaemia raises digoxin toxicity.,"O efeito tiazídico depleta potássio, sensibilizando o miocárdio para a digoxina.","The thiazide-like effect depletes potassium, sensitizing the myocardium to digoxin.",Monitorizar potássio e sinais de toxicidade digitálica.,Monitor potassium and digoxin toxicity signs.,"Potássio, ECG, sintomas gastrointestinais.","Potassium, ECG, GI symptoms.",Arritmias ou bradicardia com náuseas.,Arrhythmia or bradycardia with nausea.,"DailyMed (FDA) — rótulo aprovado Indapamida: https://dailymed.nlm.nih.gov/dailymed/drugInfo.cfm?setid=59cd3331-7afe-432a-8b50-39533fd5f392 ; rótulo aprovado Digoxina: https://dailymed.nlm.nih.gov/dailymed/drugInfo.cfm?setid=e61d2108-d871-44c0-b12a-2e61fbb56967 — referência adicional: Prontuário Terapêutico do INFARMED (11.ª ed., 2012)","DailyMed (FDA) — approved Indapamide label: https://dailymed.nlm.nih.gov/dailymed/drugInfo.cfm?setid=59cd3331-7afe-432a-8b50-39533fd5f392 ; approved Digoxin label: https://dailymed.nlm.nih.gov/dailymed/drugInfo.cfm?setid=e61d2108-d871-44c0-b12a-2e61fbb56967 — additional reference: Prontuário Terapêutico do INFARMED (11th ed., 2012)",publicado,
digoxina_itraconazol,digoxina,itraconazol,moderate,"O Itraconazol aumenta as concentrações de Digoxina, com risco de toxicidade digitálica.","Itraconazole raises Digoxin concentrations, with a risk of digitalis toxicity.","Inibição da glicoproteína-P pelo itraconazol, reduzindo a eliminação da digoxina.",P-glycoprotein inhibition by itraconazole reduces digoxin elimination.,Monitorizar digoxinemia e sinais clínicos; reduzir a dose de digoxina se necessário (sobretudo idosos e IR).,Monitor digoxin levels and clinical signs; reduce the digoxin dose if needed (especially the elderly and renal impairment).,"Digoxinemia, ECG, sintomas gastrointestinais e visuais.","Digoxin levels, ECG, gastrointestinal and visual symptoms.","Náuseas, vómitos, arritmias, visão amarela/verde.","Nausea, vomiting, arrhythmias, yellow/green vision.","DailyMed/FDA (NIH/NLM) — rótulo aprovado Itraconazol: https://dailymed.nlm.nih.gov/dailymed/drugInfo.cfm?setid=a4d555fa-787c-40fb-bb7d-b0d4f7318fd0 ; rótulo aprovado Digoxina: https://dailymed.nlm.nih.gov/dailymed/drugInfo.cfm?setid=5886e233-b2da-4acb-be05-9bf40fb8e7f4 — com referência adicional: Prontuário Terapêutico do INFARMED (11.ª ed., 2012)","DailyMed/FDA (NIH/NLM) — approved Itraconazole label: https://dailymed.nlm.nih.gov/dailymed/drugInfo.cfm?setid=a4d555fa-787c-40fb-bb7d-b0d4f7318fd0 ; approved Digoxin label: https://dailymed.nlm.nih.gov/dailymed/drugInfo.cfm?setid=5886e233-b2da-4acb-be05-9bf40fb8e7f4 — with additional reference: Prontuário Terapêutico do INFARMED, INFARMED (11th ed., 2012)",publicado,2026-08-04
digoxina_metoclopramida,digoxina,metoclopramida,moderate,"A metoclopramida pode reduzir a absorção da digoxina e, em alguns doentes, atrasar o seu efeito terapêutico.","Metoclopramide may reduce digoxin absorption and, in some patients, delay its therapeutic effect.",O aumento do trânsito intestinal pela metoclopramida reduz o tempo de absorção da digoxina.,Metoclopramide-induced faster intestinal transit reduces digoxin absorption time.,Monitorizar a resposta clínica e considerar dose ajustada ou esquema alternativo.,Monitor clinical response and consider dose adjustment or an alternative schedule.,Vigiar a resposta antiarrítmica/antifibrilatória e sintomas de insuficiência cardíaca.,Monitor the antiarrhythmic/rate-control response and heart failure symptoms.,Perda de controlo do ritmo/da insuficiência cardíaca.,Loss of rhythm/heart failure control.,"DailyMed (FDA) — rótulo aprovado Metoclopramida: https://dailymed.nlm.nih.gov/dailymed/drugInfo.cfm?setid=5d31d815-50fa-4e78-8ebd-affc2514ce78 ; rótulo aprovado Digoxina: https://dailymed.nlm.nih.gov/dailymed/drugInfo.cfm?setid=e61d2108-d871-44c0-b12a-2e61fbb56967 — referência adicional: Prontuário Terapêutico do INFARMED (11.ª ed., 2012)","DailyMed (FDA) — approved Metoclopramide label: https://dailymed.nlm.nih.gov/dailymed/drugInfo.cfm?setid=5d31d815-50fa-4e78-8ebd-affc2514ce78 ; approved Digoxin label: https://dailymed.nlm.nih.gov/dailymed/drugInfo.cfm?setid=e61d2108-d871-44c0-b12a-2e61fbb56967 — additional reference: Prontuário Terapêutico do INFARMED (11th ed., 2012)",publicado,
digoxina_midodrina,digoxina,midodrina,moderate,A midodrina pode potenciar a bradicardia da digoxina.,Midodrine may potentiate digoxin bradycardia.,A midodrina (agonista alfa-1) reduz reflexamente a frequência; a digoxina também deprime o nó AV.,Midodrine (alpha-1 agonist) reflexively lowers heart rate; digoxin also slows AV conduction.,Vigiar frequência cardíaca e tensão arterial.,Watch heart rate and blood pressure.,"Frequência cardíaca, TA, sintoma de bradicardia.","Heart rate, BP, bradycardia symptoms.",Bradicardia sintomática ou hipotensão supina.,Symptomatic bradycardia or supine hypertension.,"DailyMed (FDA) — rótulo aprovado Midodrina: https://dailymed.nlm.nih.gov/dailymed/drugInfo.cfm?setid=79b712a3-be12-4ea6-ac42-742826685ae5 ; rótulo aprovado Digoxina: https://dailymed.nlm.nih.gov/dailymed/drugInfo.cfm?setid=e61d2108-d871-44c0-b12a-2e61fbb56967 — referência adicional: Prontuário Terapêutico do INFARMED (11.ª ed., 2012)","DailyMed (FDA) — approved Midodrine label: https://dailymed.nlm.nih.gov/dailymed/drugInfo.cfm?setid=79b712a3-be12-4ea6-ac42-742826685ae5 ; approved Digoxin label: https://dailymed.nlm.nih.gov/dailymed/drugInfo.cfm?setid=e61d2108-d871-44c0-b12a-2e61fbb56967 — additional reference: Prontuário Terapêutico do INFARMED (11th ed., 2012)",publicado,
digoxina_propafenona,digoxina,propafenona,moderate,"A propafenona aumenta as concentrações de digoxina, potenciando a toxicidade digitálica.","Propafenone raises digoxin levels, potentiating digitalis toxicity.",A propafenona reduz o clearance renal da digoxina; efeito maior em doses elevadas.,Propafenone reduces digoxin renal clearance; largest effect at high doses.,Considerar redução de digoxina e monitorizar níveis/ECG.,Consider digoxin reduction and monitor levels/ECG.,"Níveis de digoxina, bradicardia, sintomas gastrointestinais.","Digoxin levels, bradycardia, GI symptoms.","Arritmias, náuseas, confusão ou letargia.","Arrhythmia, nausea, confusion or lethargy.","DailyMed (FDA) — rótulo aprovado Propafenona: https://dailymed.nlm.nih.gov/dailymed/drugInfo.cfm?setid=2ecd6452-ccc3-493f-9a4a-69f0fbf67a42 ; rótulo aprovado Digoxina: https://dailymed.nlm.nih.gov/dailymed/drugInfo.cfm?setid=e61d2108-d871-44c0-b12a-2e61fbb56967 — referência adicional: Prontuário Terapêutico do INFARMED (11.ª ed., 2012)","DailyMed (FDA) — approved Propafenone label: https://dailymed.nlm.nih.gov/dailymed/drugInfo.cfm?setid=2ecd6452-ccc3-493f-9a4a-69f0fbf67a42 ; approved Digoxin label: https://dailymed.nlm.nih.gov/dailymed/drugInfo.cfm?setid=e61d2108-d871-44c0-b12a-2e61fbb56967 — additional reference: Prontuário Terapêutico do INFARMED (11th ed., 2012)",publicado,
digoxina_quinina,digoxina,quinina,moderate,A Quinina aumenta marcadamente os níveis de Digoxina — risco elevado de toxicidade digitálica.,Quinine markedly raises Digoxin levels — high risk of digoxin toxicity.,Inibição da glicoproteína-P e redução do volume de distribuição da Digoxina.,P-glycoprotein inhibition and reduced Digoxin volume of distribution.,Monitorizar a digoxinemia e o ECG; reduzir a dose de Digoxina se necessário.,Monitor digoxin levels and the ECG; reduce the Digoxin dose if needed.,"Digoxinemia, ECG e função renal.","Digoxin level, ECG and renal function.","Náuseas, vómitos, alterações visuais, bradicardia, arritmias.","Nausea, vomiting, visual disturbances, bradycardia, arrhythmias.",DailyMed/FDA (NIH/NLM) — rótulo aprovado Quinina: https://dailymed.nlm.nih.gov/dailymed/drugInfo.cfm?setid=1f32f05c-a215-40be-b951-e41a7b54a8a0 ; rótulo aprovado Digoxina: https://dailymed.nlm.nih.gov/dailymed/drugInfo.cfm?setid=5886e233-b2da-4acb-be05-9bf40fb8e7f4,DailyMed/FDA (NIH/NLM) — approved Quinine label: https://dailymed.nlm.nih.gov/dailymed/drugInfo.cfm?setid=1f32f05c-a215-40be-b951-e41a7b54a8a0 ; approved Digoxin label: https://dailymed.nlm.nih.gov/dailymed/drugInfo.cfm?setid=5886e233-b2da-4acb-be05-9bf40fb8e7f4,publicado,2026-08-03
digoxina_rifampicina,digoxina,rifampicina,moderate,A Rifampicina reduz os níveis de Digoxina (indução da glicoproteína-P) — risco de perda de controlo da insuficiência cardíaca ou da fibrilhação auricular.,Rifampin lowers Digoxin levels (P-glycoprotein induction) — risk of losing control of heart failure or atrial fibrillation.,Indução do transportador glicoproteína-P que elimina a Digoxina.,Induction of the P-glycoprotein transporter that eliminates Digoxin.,Monitorizar digoxinemia e os sinais clínicos; ajustar a dose.,Monitor digoxin levels and clinical signs; adjust the dose.,"Digoxinemia, frequência cardíaca, sinais de insuficiência cardíaca.","Digoxin levels, heart rate, heart-failure signs.","Agravamento da dispneia, taquiarritmias.","Worsening dyspnoea, tachyarrhythmias.",DailyMed/FDA (NIH/NLM) — rótulo aprovado Rifampicina: https://dailymed.nlm.nih.gov/dailymed/drugInfo.cfm?setid=b389b1a3-672f-47e3-916c-4a9c044b211b ; rótulo aprovado Digoxina: https://dailymed.nlm.nih.gov/dailymed/drugInfo.cfm?setid=5886e233-b2da-4acb-be05-9bf40fb8e7f4,DailyMed/FDA (NIH/NLM) — approved Rifampin label: https://dailymed.nlm.nih.gov/dailymed/drugInfo.cfm?setid=b389b1a3-672f-47e3-916c-4a9c044b211b ; approved Digoxin label: https://dailymed.nlm.nih.gov/dailymed/drugInfo.cfm?setid=5886e233-b2da-4acb-be05-9bf40fb8e7f4,publicado,2026-08-03
digoxina_sotalol,digoxina,sotalol,moderate,A associação aumenta o risco de bradicardia e disfunção do nó AV.,The combination raises the risk of bradycardia and AV-node dysfunction.,O sotalol e a digoxina deprimem a condução AV; o sotalol também prolonga o QT.,Sotalol and digoxin depress AV conduction; sotalol also prolongs the QT.,Monitorizar frequência cardíaca e ECG; ajustar com precaução.,Monitor heart rate and ECG; titrate with caution.,"Frequência cardíaca, ECG (intervalo PR/QT).","Heart rate, ECG (PR/QT interval).","Bloqueio AV avançado, síncope ou bradicardia grave.","High-degree AV block, syncope or severe bradycardia.","DailyMed (FDA) — rótulo aprovado Sotalol: https://dailymed.nlm.nih.gov/dailymed/drugInfo.cfm?setid=9a36d95c-6e93-4e57-befe-b5274f359244 ; rótulo aprovado Digoxina: https://dailymed.nlm.nih.gov/dailymed/drugInfo.cfm?setid=e61d2108-d871-44c0-b12a-2e61fbb56967 — referência adicional: Prontuário Terapêutico do INFARMED (11.ª ed., 2012)","DailyMed (FDA) — approved Sotalol label: https://dailymed.nlm.nih.gov/dailymed/drugInfo.cfm?setid=9a36d95c-6e93-4e57-befe-b5274f359244 ; approved Digoxin label: https://dailymed.nlm.nih.gov/dailymed/drugInfo.cfm?setid=e61d2108-d871-44c0-b12a-2e61fbb56967 — additional reference: Prontuário Terapêutico do INFARMED (11th ed., 2012)",publicado,
digoxina_sucralfato,digoxina,sucralfato,moderate,"O sucralfato pode reduzir a absorção da digoxina, diminuindo o seu efeito.","Sucralfate may reduce digoxin absorption, decreasing its effect.",A ligação do sucralfato à digoxina no trato gastrointestinal reduz a sua biodisponibilidade.,Sucralfate binding to digoxin in the gut reduces its bioavailability.,Separar as tomas (2 horas) e monitorizar níveis/resposta.,Separate administration times (2 hours) and monitor levels/response.,Vigiar a frequência cardíaca e sintomas de insuficiência cardíaca.,Monitor heart rate and heart failure symptoms.,Perda de controlo do ritmo/da insuficiência cardíaca.,Loss of rhythm/heart failure control.,"DailyMed (FDA) — rótulo aprovado Sucralfato: https://dailymed.nlm.nih.gov/dailymed/drugInfo.cfm?setid=1e781cc0-24ec-4028-8262-dcef9873ea1f ; rótulo aprovado Digoxina: https://dailymed.nlm.nih.gov/dailymed/drugInfo.cfm?setid=e61d2108-d871-44c0-b12a-2e61fbb56967 — referência adicional: Prontuário Terapêutico do INFARMED (11.ª ed., 2012)","DailyMed (FDA) — approved Sucralfate label: https://dailymed.nlm.nih.gov/dailymed/drugInfo.cfm?setid=1e781cc0-24ec-4028-8262-dcef9873ea1f ; approved Digoxin label: https://dailymed.nlm.nih.gov/dailymed/drugInfo.cfm?setid=e61d2108-d871-44c0-b12a-2e61fbb56967 — additional reference: Prontuário Terapêutico do INFARMED (11th ed., 2012)",publicado,
digoxina_sulfato_magnesio,digoxina,sulfato_magnesio,moderate,Digoxina + magnésio: desequilíbrio eletrolítico com risco de arritmias.,Digoxin + magnesium: electrolyte imbalance with risk of arrhythmias.,"A hipomagnesiemia aumenta a toxicidade digitálica; o sulfato de magnésio intravenoso é usado na toxicidade, mas exige monitorização cardíaca.","Hypomagnesaemia increases digoxin toxicity; intravenous magnesium sulfate is used in toxicity, but cardiac monitoring is required.","Monitorizar magnésio, potássio e ritmo cardíaco.","Monitor magnesium, potassium and heart rhythm.",Magnésio sérico e eletrocardiograma.,Serum magnesium and ECG.,"Arritmias, fraqueza, tetania.","Arrhythmias, weakness, tetany.","DailyMed (FDA) — rótulo aprovado Digoxina: https://dailymed.nlm.nih.gov/dailymed/drugInfo.cfm?setid=e61d2108-d871-44c0-b12a-2e61fbb56967 ; rótulo aprovado Sulfato de magnésio: https://dailymed.nlm.nih.gov/dailymed/drugInfo.cfm?setid=a5a9f565-639c-4b22-b9e5-718bac7cfcf3 — referência adicional: Prontuário Terapêutico do INFARMED (11.ª ed., 2012)","DailyMed (FDA) — approved Digoxin label: https://dailymed.nlm.nih.gov/dailymed/drugInfo.cfm?setid=e61d2108-d871-44c0-b12a-2e61fbb56967 ; approved Magnesium sulfate label: https://dailymed.nlm.nih.gov/dailymed/drugInfo.cfm?setid=a5a9f565-639c-4b22-b9e5-718bac7cfcf3 — additional reference: Prontuário Terapêutico do INFARMED (11th ed., 2012)",publicado,
digoxina_voriconazol,digoxina,voriconazol,moderate,"O Voriconazol pode aumentar as concentrações de Digoxina, com risco de toxicidade digitálica.","Voriconazole may raise Digoxin concentrations, with a risk of digitalis toxicity.","Possível inibição da glicoproteína-P e do metabolismo, reduzindo a eliminação da digoxina.","Possible P-glycoprotein and metabolic inhibition, reducing digoxin elimination.",Monitorizar digoxinemia e sinais clínicos; reduzir a dose se necessário.,Monitor digoxin levels and clinical signs; reduce the dose if needed.,"Digoxinemia, ECG, sintomas gastrointestinais e visuais.","Digoxin levels, ECG, gastrointestinal and visual symptoms.","Náuseas, vómitos, arritmias, xantopsia.","Nausea, vomiting, arrhythmias, xanthopsia.",DailyMed/FDA (NIH/NLM) — rótulo aprovado Voriconazol: https://dailymed.nlm.nih.gov/dailymed/drugInfo.cfm?setid=f6a1a792-141b-42e8-8bd1-884e4408eb8a ; rótulo aprovado Digoxina: https://dailymed.nlm.nih.gov/dailymed/drugInfo.cfm?setid=5886e233-b2da-4acb-be05-9bf40fb8e7f4,DailyMed/FDA (NIH/NLM) — approved Voriconazole label: https://dailymed.nlm.nih.gov/dailymed/drugInfo.cfm?setid=f6a1a792-141b-42e8-8bd1-884e4408eb8a ; approved Digoxin label: https://dailymed.nlm.nih.gov/dailymed/drugInfo.cfm?setid=5886e233-b2da-4acb-be05-9bf40fb8e7f4,publicado,2026-08-04
diidroartemisinina-piperaquina_mefloquina,diidroartemisinina-piperaquina,mefloquina,moderate,Ambos prolongam o QT — associação sem benefício e com risco arritmogénico acrescido.,Both prolong QT — combining adds no benefit and increases arrhythmic risk.,Prolongamento aditivo do intervalo QT.,Additive QT prolongation.,Evitar; usar um único esquema antimalárico.,Avoid; use a single antimalarial regimen.,ECG e vigilância neurológica.,ECG and neurological surveillance.,"Palpitações, tonturas, convulsões.","Palpitations, dizziness, seizures.",EMA — EPAR Eurartesim (dihidroartemisinina + piperaquina): https://www.ema.europa.eu/en/medicines/human/EPAR/eurartesim ; DailyMed/FDA (NIH/NLM) — rótulo aprovado Mefloquina: https://dailymed.nlm.nih.gov/dailymed/drugInfo.cfm?setid=09716a24-d7da-42b2-af29-c03a1b6670bd,EMA — EPAR Eurartesim (dihydroartemisinin + piperaquine): https://www.ema.europa.eu/en/medicines/human/EPAR/eurartesim ; DailyMed/FDA (NIH/NLM) — approved Mefloquine label: https://dailymed.nlm.nih.gov/dailymed/drugInfo.cfm?setid=09716a24-d7da-42b2-af29-c03a1b6670bd,publicado,2026-08-03
diidroartemisinina-piperaquina_quinina,diidroartemisinina-piperaquina,quinina,moderate,Risco de prolongamento do QT aditivo; não são combinados na prática clínica.,Risk of additive QT prolongation; not combined in clinical practice.,Efeito aditivo na repolarização cardíaca.,Additive effect on cardiac repolarisation.,Evitar; escolher um esquema único.,Avoid; choose a single regimen.,ECG (QTc) e sinais de toxicidade.,ECG (QTc) and signs of toxicity.,"Palpitações, acufenos, síncope.","Palpitations, tinnitus, syncope.",EMA — EPAR Eurartesim (dihidroartemisinina + piperaquina): https://www.ema.europa.eu/en/medicines/human/EPAR/eurartesim ; DailyMed/FDA (NIH/NLM) — rótulo aprovado Quinina: https://dailymed.nlm.nih.gov/dailymed/drugInfo.cfm?setid=1f32f05c-a215-40be-b951-e41a7b54a8a0,EMA — EPAR Eurartesim (dihydroartemisinin + piperaquine): https://www.ema.europa.eu/en/medicines/human/EPAR/eurartesim ; DailyMed/FDA (NIH/NLM) — approved Quinine label: https://dailymed.nlm.nih.gov/dailymed/drugInfo.cfm?setid=1f32f05c-a215-40be-b951-e41a7b54a8a0,publicado,2026-08-03
donepezilo_itraconazol,donepezilo,itraconazol,moderate,"O itraconazol aumenta as concentrações de donepezilo, com risco de efeitos colinérgicos.","Itraconazole increases donepezil concentrations, with a risk of cholinergic effects.",O donepezilo é metabolizado pela CYP3A4 e CYP2D6; o itraconazol inibe a CYP3A4 e eleva o nível do fármaco.,Donepezil is metabolised by CYP3A4 and CYP2D6; itraconazole inhibits CYP3A4 and raises the drug level.,"Vigiar sintomas colinérgicos (náuseas, bradicardia, diarreia); considerar redução de dose.","Monitor cholinergic symptoms (nausea, bradycardia, diarrhoea); consider dose reduction.","Bradicardia, síncope, queixas gastrointestinais, agitação.","Bradycardia, syncope, gastrointestinal complaints, agitation.",Bradicardia sintomática ou síncope exigem avaliação cardiológica.,Symptomatic bradycardia or syncope require cardiology assessment.,"DailyMed/FDA (NIH/NLM) — rótulo aprovado Donepezilo: https://dailymed.nlm.nih.gov/dailymed/drugInfo.cfm?setid=98e451e1-e4d7-4439-a675-c5457ba20975 ; rótulo aprovado Itraconazol: https://dailymed.nlm.nih.gov/dailymed/drugInfo.cfm?setid=a4d555fa-787c-40fb-bb7d-b0d4f7318fd0 — com referência adicional: Prontuário Terapêutico do INFARMED (11.ª ed., 2012)","DailyMed/FDA (NIH/NLM) — approved Donepezil label: https://dailymed.nlm.nih.gov/dailymed/drugInfo.cfm?setid=98e451e1-e4d7-4439-a675-c5457ba20975 ; approved Itraconazole label: https://dailymed.nlm.nih.gov/dailymed/drugInfo.cfm?setid=a4d555fa-787c-40fb-bb7d-b0d4f7318fd0 — with additional reference: Prontuário Terapêutico do INFARMED (11th ed., 2012)",publicado,
doxiciclina_rifampicina,doxiciclina,rifampicina,moderate,"A Rifampicina reduz os níveis de Doxiciclina — risco de subdosagem (ex.: profilaxia da malária, brucelose, riquetsioses).","Rifampin lowers Doxycycline levels — risk of underdosing (e.g. malaria prophylaxis, brucellosis, rickettsial infections).",Indução enzimática que acelera a eliminação da Doxiciclina.,Enzymatic induction accelerating Doxycycline elimination.,Considerar alternativa antibiótica ou ajustar a dose.,Consider an alternative antibiotic or adjust the dose.,Resposta clínica à infeção.,Clinical response to infection.,"Febre persistente, falência do tratamento.","Persistent fever, treatment failure.",DailyMed/FDA (NIH/NLM) — rótulo aprovado Rifampicina: https://dailymed.nlm.nih.gov/dailymed/drugInfo.cfm?setid=b389b1a3-672f-47e3-916c-4a9c044b211b ; rótulo aprovado Doxiciclina: https://dailymed.nlm.nih.gov/dailymed/drugInfo.cfm?setid=cf95b2ca-2cf8-49a8-8e3a-f9b0f5b2072c,DailyMed/FDA (NIH/NLM) — approved Rifampin label: https://dailymed.nlm.nih.gov/dailymed/drugInfo.cfm?setid=b389b1a3-672f-47e3-916c-4a9c044b211b ; approved Doxycycline label: https://dailymed.nlm.nih.gov/dailymed/drugInfo.cfm?setid=cf95b2ca-2cf8-49a8-8e3a-f9b0f5b2072c,publicado,2026-08-03
doxiciclina_zinco,doxiciclina,zinco,moderate,Doxiciclina + zinco: quelação que reduz a absorção da tetraciclina.,Doxycycline + zinc: chelation reduces tetracycline absorption.,"O zinco forma quelatos com a doxiciclina, reduzindo a sua biodisponibilidade.","Zinc chelates doxycycline, reducing its bioavailability.",Separar as tomas por pelo menos 2 horas.,Separate dosing by at least 2 hours.,Resposta clínica à antibioterapia.,Clinical response to antibiotic therapy.,Infeção não resolvida.,Unresolved infection.,"DailyMed (FDA) — rótulo aprovado Doxiciclina: https://dailymed.nlm.nih.gov/dailymed/drugInfo.cfm?setid=fe8cd3c6-36d6-4d92-bc5c-833cd6f9cb32 ; rótulo aprovado Zinco (sulfato de zinco): https://dailymed.nlm.nih.gov/dailymed/drugInfo.cfm?setid=2bd646d2-2a2a-4376-8da0-c7f08b0511ac — referência adicional: Prontuário Terapêutico do INFARMED (11.ª ed., 2012)","DailyMed (FDA) — approved Doxycycline label: https://dailymed.nlm.nih.gov/dailymed/drugInfo.cfm?setid=fe8cd3c6-36d6-4d92-bc5c-833cd6f9cb32 ; approved Zinc (zinc sulfate) label: https://dailymed.nlm.nih.gov/dailymed/drugInfo.cfm?setid=2bd646d2-2a2a-4376-8da0-c7f08b0511ac — additional reference: Prontuário Terapêutico do INFARMED (11th ed., 2012)",publicado,
efavirenz_praziquantel,efavirenz,praziquantel,moderate,"A associação de Praziquantel com Efavirenz não é recomendada: reduz de forma significativa as concentrações de Praziquantel, com risco de falência terapêutica.","The combination of Praziquantel with Efavirenz is not recommended: it significantly reduces Praziquantel concentrations, with a risk of therapeutic failure.","O Efavirenz, indutor moderado do CYP3A4, acelera o metabolismo hepático do Praziquantel, diminuindo a sua exposição.","Efavirenz, a moderate CYP3A4 inducer, accelerates the hepatic metabolism of Praziquantel, lowering its exposure.","Preferir alternativa terapêutica; se inevitável, monitorizar de perto a resposta à parasitose.","Prefer an alternative; if unavoidable, closely monitor the parasitological response.",Vigiar a resposta parasitológica e os sintomas da infeção.,Monitor the parasitological response and symptoms of the infection.,Falência do tratamento exige alternativa terapêutica.,Treatment failure requires a therapeutic alternative.,"DailyMed/FDA (NIH/NLM) — rótulo aprovado Praziquantel: https://dailymed.nlm.nih.gov/dailymed/drugInfo.cfm?setid=34ce1cdd-648e-4f1e-8512-bf3d4cc22eb9 ; rótulo aprovado Efavirenz: https://dailymed.nlm.nih.gov/dailymed/drugInfo.cfm?setid=92603fa5-7a2c-4bfb-9a70-aadb4fba952c — com referência adicional: Prontuário Terapêutico do INFARMED (11.ª ed., 2012)","DailyMed/FDA (NIH/NLM) — approved Praziquantel label: https://dailymed.nlm.nih.gov/dailymed/drugInfo.cfm?setid=34ce1cdd-648e-4f1e-8512-bf3d4cc22eb9 ; approved Efavirenz label: https://dailymed.nlm.nih.gov/dailymed/drugInfo.cfm?setid=92603fa5-7a2c-4bfb-9a70-aadb4fba952c — with additional reference: Prontuário Terapêutico do INFARMED, INFARMED (11th ed., 2012)",publicado,2026-08-04
efavirenz_warfarina,efavirenz,warfarina,moderate,"A associação de Efavirenz com Varfarina pode aumentar ou diminuir o efeito anticoagulante, com risco de hemorragia ou trombose.","Combining Efavirenz with Warfarin may increase or decrease the anticoagulant effect, with a risk of bleeding or thrombosis.","O Efavirenz, indutor enzimático, altera o metabolismo da Varfarina; o efeito líquido é variável entre doentes.","As an enzyme inducer, Efavirenz alters Warfarin metabolism; the net effect is variable between patients.",Monitorizar o INR e ajustar a dose de Varfarina durante a co-administração.,Monitor the INR and adjust the Warfarin dose during co-administration.,INR frequente na introdução e nas alterações de dose.,Frequent INR at start and dose changes.,INR elevado ou sinais de hemorragia/trombose exigem ajuste do anticoagulante.,A high INR or signs of bleeding/thrombosis require anticoagulant adjustment.,"DailyMed/FDA (NIH/NLM) — rótulo aprovado Efavirenz: https://dailymed.nlm.nih.gov/dailymed/drugInfo.cfm?setid=92603fa5-7a2c-4bfb-9a70-aadb4fba952c ; rótulo aprovado Warfarina: https://dailymed.nlm.nih.gov/dailymed/drugInfo.cfm?setid=541c9a70-adaf-4ef3-94ba-ad4e70dfa057 — com referência adicional: Prontuário Terapêutico do INFARMED (11.ª ed., 2012)","DailyMed/FDA (NIH/NLM) — approved Efavirenz label: https://dailymed.nlm.nih.gov/dailymed/drugInfo.cfm?setid=92603fa5-7a2c-4bfb-9a70-aadb4fba952c ; approved Warfarin label: https://dailymed.nlm.nih.gov/dailymed/drugInfo.cfm?setid=541c9a70-adaf-4ef3-94ba-ad4e70dfa057 — with additional reference: Prontuário Terapêutico do INFARMED, INFARMED (11th ed., 2012)",publicado,2026-08-04
emulsao_lipidica_warfarina,emulsao_lipidica,warfarina,moderate,Varfarina + emulsão lipídica: a vitamina K dos lípidos pode reduzir o INR.,Warfarin + lipid emulsion: the vitamin K content of lipids may reduce INR.,"As emulsões lipídicas contêm vitamina K, que antagoniza o efeito da varfarina.","Lipid emulsions contain vitamin K, which antagonises the warfarin effect.",Monitorizar o INR durante a nutrição parentérica com lípidos.,Monitor INR during parenteral nutrition with lipids.,INR periódico.,Periodic INR.,Sinais de trombose ou INR sub-terapêutico.,Signs of thrombosis or sub-therapeutic INR.,"DailyMed (FDA) — rótulo aprovado Varfarina: https://dailymed.nlm.nih.gov/dailymed/drugInfo.cfm?setid=541c9a70-adaf-4ef3-94ba-ad4e70dfa057 ; rótulo aprovado Emulsão lipídica: https://dailymed.nlm.nih.gov/dailymed/drugInfo.cfm?setid=61e025f1-a38e-4af2-9e18-13ea12977cf5 — referência adicional: Prontuário Terapêutico do INFARMED (11.ª ed., 2012)","DailyMed (FDA) — approved Warfarin label: https://dailymed.nlm.nih.gov/dailymed/drugInfo.cfm?setid=541c9a70-adaf-4ef3-94ba-ad4e70dfa057 ; approved Lipid emulsion label: https://dailymed.nlm.nih.gov/dailymed/drugInfo.cfm?setid=61e025f1-a38e-4af2-9e18-13ea12977cf5 — additional reference: Prontuário Terapêutico do INFARMED (11th ed., 2012)",publicado,
enalapril_espironolactona,enalapril,espironolactona,critical,"Hipercalemia grave. A associação de um IECA (Enalapril) com um diurético poupador de potássio (Espironolactona) aumenta significativamente o risco de hipercalemia, sobretudo em doentes com compromisso renal, diabetes ou suplementos de potássio.","Severe hyperkalaemia. Combining an ACE inhibitor (Enalapril) with a potassium-sparing diuretic (Spironolactone) significantly increases the risk of hyperkalaemia, especially in patients with renal impairment, diabetes or potassium supplements.","O Enalapril reduz a aldosterona (menor excreção de K+), efeito potenciado pela Espironolactona, que bloqueia diretamente o recetor da aldosterona — o K+ sérico sobe por duas vias.","Enalapril lowers aldosterone (less K+ excretion), an effect amplified by Spironolactone, which directly blocks the aldosterone receptor — serum K+ rises through two pathways.",Monitorizar K+ sérico uma semana após o início. Considerar reduzir a dose ou alternativas terapêuticas. Informar o doente sobre os sintomas de hipercalemia.,Check serum K+ one week after starting. Consider dose reduction or therapeutic alternatives. Educate the patient on hyperkalaemia symptoms.,"K+ sérico e creatinina na 1.ª semana, depois a cada 4–6 semanas nos primeiros 3 meses.","Serum K+ and creatinine in week 1, then every 4–6 weeks for the first 3 months.","Fraqueza muscular, parestesias, arritmias, ondas T altas no ECG.","Muscle weakness, paraesthesia, arrhythmias, tall T waves on ECG.",DailyMed/FDA (NIH/NLM) — rótulo aprovado Enalapril: https://dailymed.nlm.nih.gov/dailymed/drugInfo.cfm?setid=b31372f7-cda3-4ead-a481-4cde62e843fd ; rótulo aprovado Espironolactona: https://dailymed.nlm.nih.gov/dailymed/drugInfo.cfm?setid=73564b3d-8ede-4008-b75c-1277153b5bb6,DailyMed/FDA (NIH/NLM) — approved Enalapril label: https://dailymed.nlm.nih.gov/dailymed/drugInfo.cfm?setid=b31372f7-cda3-4ead-a481-4cde62e843fd ; approved Spironolactone label: https://dailymed.nlm.nih.gov/dailymed/drugInfo.cfm?setid=73564b3d-8ede-4008-b75c-1277153b5bb6,publicado,2026-04-02
enalapril_hidroclorotiazida,enalapril,hidroclorotiazida,moderate,"Potencialização do efeito hipotensor. A associação pode causar hipotensão sintomática nas primeiras semanas, sobretudo com depleção de volume prévia.","Enhanced hypotensive effect. The combination may cause symptomatic hypotension in the first weeks, especially with prior volume depletion.",A tiazida reduz o volume circulante e o IECA reduz a resistência periférica — o efeito sinérgico baixa a PA de forma mais acentuada.,The thiazide lowers circulating volume and the ACE inhibitor lowers peripheral resistance — the synergistic effect lowers BP more sharply.,Iniciar com doses baixas. Monitorizar PA e função renal nas primeiras 2 semanas.,Start at low doses. Monitor BP and renal function in the first 2 weeks.,"PA na 1.ª semana; creatinina e eletrólitos (K+, Na+) às 2 semanas.","BP in week 1; creatinine and electrolytes (K+, Na+) at 2 weeks.","Tonturas, síncope, cãibras, sede intensa — possíveis sinais de hipotensão ou hiponatremia.","Dizziness, syncope, cramps, intense thirst — possible signs of hypotension or hyponatraemia.",DailyMed/FDA (NIH/NLM) — rótulo aprovado Enalapril: https://dailymed.nlm.nih.gov/dailymed/drugInfo.cfm?setid=b31372f7-cda3-4ead-a481-4cde62e843fd ; rótulo aprovado Hidroclorotiazida: https://dailymed.nlm.nih.gov/dailymed/drugInfo.cfm?setid=0789baef-3424-43ab-a3fb-4908172da565,DailyMed/FDA (NIH/NLM) — approved Enalapril label: https://dailymed.nlm.nih.gov/dailymed/drugInfo.cfm?setid=b31372f7-cda3-4ead-a481-4cde62e843fd ; approved Hydrochlorothiazide label: https://dailymed.nlm.nih.gov/dailymed/drugInfo.cfm?setid=0789baef-3424-43ab-a3fb-4908172da565,publicado,2026-04-02
enalapril_ibuprofeno,enalapril,ibuprofeno,moderate,"Redução do efeito anti-hipertensor e risco de lesão renal. Os AINE atenuam a ação do IECA e aumentam o risco de insuficiência renal, sobretudo em doentes idosos ou desidratados.","Reduced antihypertensive effect and risk of renal injury. NSAIDs blunt the ACE inhibitor and increase the risk of renal impairment, especially in elderly or dehydrated patients.","Os AINE inibem as prostaglandinas renais e retêm sódio/água, opondo-se ao mecanismo do IECA.","NSAIDs inhibit renal prostaglandins and retain sodium/water, opposing the ACE inhibitor mechanism.","Preferir Paracetamol como analgésico. Se o AINE for necessário, usar a menor dose durante o menor tempo, com monitorização da função renal.","Prefer Paracetamol as analgesic. If an NSAID is needed, use the lowest dose for the shortest time, with renal function monitoring.",PA e creatinina a partir das 2 semanas de uso regular do AINE.,BP and creatinine after 2 weeks of regular NSAID use.,"Edema, diminuição do débito urinário, elevação da PA.","Oedema, reduced urine output, rising BP.",DailyMed/FDA (NIH/NLM) — rótulo aprovado Enalapril: https://dailymed.nlm.nih.gov/dailymed/drugInfo.cfm?setid=b31372f7-cda3-4ead-a481-4cde62e843fd ; rótulo aprovado Ibuprofeno: https://dailymed.nlm.nih.gov/dailymed/drugInfo.cfm?setid=14515409-736f-4119-b6a0-cb19ee2e948e,DailyMed/FDA (NIH/NLM) — approved Enalapril label: https://dailymed.nlm.nih.gov/dailymed/drugInfo.cfm?setid=b31372f7-cda3-4ead-a481-4cde62e843fd ; approved Ibuprofen label: https://dailymed.nlm.nih.gov/dailymed/drugInfo.cfm?setid=14515409-736f-4119-b6a0-cb19ee2e948e,publicado,2026-03-15
enalapril_litio,enalapril,litio,moderate,"A associação de Lítio com Enalapril aumenta as concentrações séricas de Lítio, com risco de toxicidade.","Combining Lithium with Enalapril increases serum Lithium concentrations, with a risk of toxicity.","Os inibidores da enzima de conversão da angiotensina, como o Enalapril, reduzem a clearance renal de Lítio, elevando os seus níveis.","Angiotensin-converting enzyme inhibitors such as Enalapril reduce the renal clearance of Lithium, raising its levels.",Monitorizar os níveis de Lítio e a função renal se a associação for necessária.,Monitor Lithium levels and renal function if the combination is needed.,Vigiar sinais de toxicidade do Lítio após início do Enalapril.,Watch for signs of Lithium toxicity after starting Enalapril.,Sinais de toxicidade do Lítio após início do Enalapril exigem doseamento e avaliação.,Signs of Lithium toxicity after starting Enalapril require level testing and evaluation.,"DailyMed/FDA (NIH/NLM) — rótulo aprovado Lítio: https://dailymed.nlm.nih.gov/dailymed/drugInfo.cfm?setid=0e6b0a2d-b79c-44d8-b785-5267df9e8f72 ; rótulo aprovado Enalapril: https://dailymed.nlm.nih.gov/dailymed/drugInfo.cfm?setid=b31372f7-cda3-4ead-a481-4cde62e843fd — com referência adicional: Prontuário Terapêutico do INFARMED (11.ª ed., 2012)","DailyMed/FDA (NIH/NLM) — approved Lithium label: https://dailymed.nlm.nih.gov/dailymed/drugInfo.cfm?setid=0e6b0a2d-b79c-44d8-b785-5267df9e8f72 ; approved Enalapril label: https://dailymed.nlm.nih.gov/dailymed/drugInfo.cfm?setid=b31372f7-cda3-4ead-a481-4cde62e843fd — with additional reference: Prontuário Terapêutico do INFARMED, INFARMED (11th ed., 2012)",publicado,2026-08-04
epoetina_alfa_warfarina,epoetina_alfa,warfarina,moderate,A epoetina alfa pode alterar a resposta à varfarina; vigiar o INR quando se ajusta a dose de eritropoietina.,Epoetin alfa may alter the response to warfarin; monitor INR when the erythropoietin dose is adjusted.,A melhoria da eritropoiese e a variação do hematócrito podem alterar a farmacodinâmica da varfarina.,Improved erythropoiesis and haematocrit changes may alter warfarin pharmacodynamics.,Monitorizar o INR com maior frequência ao iniciar ou ajustar a epoetina.,Monitor INR more frequently when starting or adjusting epoetin.,Vigiar INR e sinais de hemorragia ou trombose.,Monitor INR and signs of bleeding or thrombosis.,"INR instável, eventos trombóticos (trombose de acesso vascular).","Unstable INR, thrombotic events (vascular access thrombosis).","DailyMed (FDA) — rótulo aprovado Epoetina alfa: https://dailymed.nlm.nih.gov/dailymed/drugInfo.cfm?setid=1f2d0b28-9cc5-4523-80b8-637fdaf3f7a5 ; rótulo aprovado Varfarina: https://dailymed.nlm.nih.gov/dailymed/drugInfo.cfm?setid=541c9a70-adaf-4ef3-94ba-ad4e70dfa057 — referência adicional: Prontuário Terapêutico do INFARMED (11.ª ed., 2012)","DailyMed (FDA) — approved Epoetin alfa label: https://dailymed.nlm.nih.gov/dailymed/drugInfo.cfm?setid=1f2d0b28-9cc5-4523-80b8-637fdaf3f7a5 ; approved Warfarin label: https://dailymed.nlm.nih.gov/dailymed/drugInfo.cfm?setid=541c9a70-adaf-4ef3-94ba-ad4e70dfa057 — additional reference: Prontuário Terapêutico do INFARMED (11th ed., 2012)",publicado,
eritromicina_fexofenadina,eritromicina,fexofenadina,moderate,Fexofenadina + eritromicina: aumento da exposição à fexofenadina (transporte OATP/P-gp).,Fexofenadine + erythromycin: increased fexofenadine exposure (OATP/P-gp transport).,"A eritromicina interfere com o transporte intestinal (P-gp/OATP), elevando os níveis de fexofenadina.","Erythromycin interferes with intestinal transport (P-gp/OATP), raising fexofenadine levels.",Vigiar efeitos adversos; sem relevância clínica significativa para a maioria.,Watch for adverse effects; not clinically significant for most.,Efeitos adversos do anti-histamínico.,Antihistamine adverse effects.,"Náuseas, tonturas, sonolência.","Nausea, dizziness, drowsiness.","DailyMed (FDA) — rótulo aprovado Fexofenadina: https://dailymed.nlm.nih.gov/dailymed/drugInfo.cfm?setid=dd0da52b-fc82-4ec9-854c-0d7c52e926fb ; rótulo aprovado Eritromicina: https://dailymed.nlm.nih.gov/dailymed/drugInfo.cfm?setid=0c05e1f7-a3d4-8e69-e063-6394a90aecc3 — referência adicional: Prontuário Terapêutico do INFARMED (11.ª ed., 2012)","DailyMed (FDA) — approved Fexofenadine label: https://dailymed.nlm.nih.gov/dailymed/drugInfo.cfm?setid=dd0da52b-fc82-4ec9-854c-0d7c52e926fb ; approved Erythromycin label: https://dailymed.nlm.nih.gov/dailymed/drugInfo.cfm?setid=0c05e1f7-a3d4-8e69-e063-6394a90aecc3 — additional reference: Prontuário Terapêutico do INFARMED (11th ed., 2012)",publicado,
eritromicina_loratadina,eritromicina,loratadina,moderate,Loratadina + eritromicina: possível aumento das concentrações de loratadina.,Loratadine + erythromycin: possible increased loratadine concentrations.,A eritromicina (inibidor do CYP3A4) reduz o metabolismo da loratadina.,Erythromycin (CYP3A4 inhibitor) reduces loratadine metabolism.,Vigiar sedação e efeitos adversos; a maioria tolera sem ajuste de dose.,Watch for sedation and adverse effects; most tolerate without dose adjustment.,Sintomas de excesso de anti-histamínico.,Symptoms of antihistamine excess.,"Sonolência, cefaleias, palpitações.","Drowsiness, headache, palpitations.","DailyMed (FDA) — rótulo aprovado Loratadina: https://dailymed.nlm.nih.gov/dailymed/drugInfo.cfm?setid=569a35be-d653-181c-e063-6294a90a6eb9 ; rótulo aprovado Eritromicina: https://dailymed.nlm.nih.gov/dailymed/drugInfo.cfm?setid=0c05e1f7-a3d4-8e69-e063-6394a90aecc3 — referência adicional: Prontuário Terapêutico do INFARMED (11.ª ed., 2012)","DailyMed (FDA) — approved Loratadine label: https://dailymed.nlm.nih.gov/dailymed/drugInfo.cfm?setid=569a35be-d653-181c-e063-6294a90a6eb9 ; approved Erythromycin label: https://dailymed.nlm.nih.gov/dailymed/drugInfo.cfm?setid=0c05e1f7-a3d4-8e69-e063-6394a90aecc3 — additional reference: Prontuário Terapêutico do INFARMED (11th ed., 2012)",publicado,
eritromicina_warfarina,eritromicina,warfarina,moderate,"A Eritromicina pode potenciar o efeito anticoagulante da Varfarina, com aumento do INR e do risco hemorrágico.","Erythromycin may potentiate the anticoagulant effect of Warfarin, raising the INR and the bleeding risk.","A Eritromicina inibe a CYP3A4 e a CYP1A2, reduzindo o metabolismo da Varfarina (sobretudo do isómero ativo); o aumento dos níveis do anticoagulante eleva o INR.","Erythromycin inhibits CYP3A4 and CYP1A2, reducing Warfarin metabolism (mainly the active isomer); higher anticoagulant levels raise the INR.",Vigiar o INR e ajustar a dose de varfarina durante e após a antibioterapia; informar o doente do risco hemorrágico.,Monitor the INR and adjust the warfarin dose during and after antibiotic therapy; inform the patient of the bleeding risk.,"Monitorizar o INR com maior frequência e sinais de hemorragia (hematomas, gengivorragia, melenas).","Monitor the INR more frequently and watch for bleeding signs (bruising, gum bleeding, melena).","Hemorragia, INR muito elevado ou sinais de sangramento exigem suspensão/ajuste e avaliação médica urgente.","Bleeding, a very high INR or signs of hemorrhage require discontinuation/adjustment and urgent medical evaluation.","DailyMed/FDA (NIH/NLM) — rótulo aprovado Eritromicina: https://dailymed.nlm.nih.gov/dailymed/drugInfo.cfm?setid=49b3ca93-43cc-439c-8f5d-e3ea2e87ad2f ; rótulo aprovado Varfarina: https://dailymed.nlm.nih.gov/dailymed/drugInfo.cfm?setid=541c9a70-adaf-4ef3-94ba-ad4e70dfa057 — com referência adicional: Prontuário Terapêutico do INFARMED (11.ª ed., 2012)","DailyMed/FDA (NIH/NLM) — approved Erythromycin label: https://dailymed.nlm.nih.gov/dailymed/drugInfo.cfm?setid=49b3ca93-43cc-439c-8f5d-e3ea2e87ad2f ; approved Warfarin label: https://dailymed.nlm.nih.gov/dailymed/drugInfo.cfm?setid=541c9a70-adaf-4ef3-94ba-ad4e70dfa057 — with additional reference: Prontuário Terapêutico do INFARMED, INFARMED (11th ed., 2012)",publicado,2026-08-04
espironolactona_hidroclorotiazida,espironolactona,hidroclorotiazida,none,Sem interação clinicamente relevante. A associação é por vezes usada de forma intencional pelo efeito diurético sinérgico com menor hipocaliemia.,No clinically relevant interaction. The combination is sometimes used intentionally for synergistic diuresis with less hypokalaemia.,,,,,,,,,DailyMed/FDA (NIH/NLM) — rótulo aprovado Espironolactona: https://dailymed.nlm.nih.gov/dailymed/drugInfo.cfm?setid=73564b3d-8ede-4008-b75c-1277153b5bb6 ; rótulo aprovado Hidroclorotiazida: https://dailymed.nlm.nih.gov/dailymed/drugInfo.cfm?setid=0789baef-3424-43ab-a3fb-4908172da565,DailyMed/FDA (NIH/NLM) — approved Spironolactone label: https://dailymed.nlm.nih.gov/dailymed/drugInfo.cfm?setid=73564b3d-8ede-4008-b75c-1277153b5bb6 ; approved Hydrochlorothiazide label: https://dailymed.nlm.nih.gov/dailymed/drugInfo.cfm?setid=0789baef-3424-43ab-a3fb-4908172da565,publicado,2026-02-10
espironolactona_losartano,espironolactona,losartano,moderate,Risco acrescido de hipercalemia. Tanto o Losartano (ARA II) como a Espironolactona elevam o K+ sérico; a associação exige vigilância.,Increased risk of hyperkalaemia. Both Losartan (ARB) and Spironolactone raise serum K+; the combination requires monitoring.,O ARA II bloqueia o recetor da angiotensina II (reduz aldosterona) e a Espironolactona bloqueia o recetor da aldosterona — retenção de K+ por duas vias.,The ARB blocks the angiotensin II receptor (lower aldosterone) and Spironolactone blocks the aldosterone receptor — K+ retention via two pathways.,Iniciar com doses baixas e monitorizar K+ e creatinina ao fim de 1 semana.,Start at low doses and check K+ and creatinine after 1 week.,K+ sérico e função renal na 1.ª semana e mensalmente.,Serum K+ and renal function at week 1 and monthly.,"Fraqueza, palpitações, ritmo irregular — possíveis sinais de hipercalemia.","Weakness, palpitations, irregular rhythm — possible signs of hyperkalaemia.",DailyMed/FDA (NIH/NLM) — rótulo aprovado Losartano: https://dailymed.nlm.nih.gov/dailymed/drugInfo.cfm?setid=df4f55f0-fb11-4f6f-a7ed-127b50f955fc ; rótulo aprovado Espironolactona: https://dailymed.nlm.nih.gov/dailymed/drugInfo.cfm?setid=73564b3d-8ede-4008-b75c-1277153b5bb6,DailyMed/FDA (NIH/NLM) — approved Losartan label: https://dailymed.nlm.nih.gov/dailymed/drugInfo.cfm?setid=df4f55f0-fb11-4f6f-a7ed-127b50f955fc ; approved Spironolactone label: https://dailymed.nlm.nih.gov/dailymed/drugInfo.cfm?setid=73564b3d-8ede-4008-b75c-1277153b5bb6,publicado,2026-03-15
espironolactona_ramipril,espironolactona,ramipril,moderate,IECA com poupador de potássio aumenta o risco de hipercaliemia.,ACE inhibitor plus potassium-sparing diuretic raises hyperkalaemia risk.,O ramipril reduz a aldosterona e a espironolactona retém potássio; o efeito é aditivo.,Ramipril lowers aldosterone and spironolactone retains potassium; the effect is additive.,Monitorizar potássio e função renal; evitar na insuficiência renal.,Monitor potassium and renal function; avoid in renal impairment.,"Potássio, creatinina.","Potassium, creatinine.","Hipercaliemia (fraqueza, arritmia).","Hyperkalaemia (weakness, arrhythmia).","DailyMed (FDA) — rótulo aprovado Ramipril: https://dailymed.nlm.nih.gov/dailymed/drugInfo.cfm?setid=3806abdc-6aec-4252-bd79-e2c115b849aa ; rótulo aprovado Espironolactona: https://dailymed.nlm.nih.gov/dailymed/drugInfo.cfm?setid=57d1c333-c229-54aa-e063-6394a90a84ce — referência adicional: Prontuário Terapêutico do INFARMED (11.ª ed., 2012)","DailyMed (FDA) — approved Ramipril label: https://dailymed.nlm.nih.gov/dailymed/drugInfo.cfm?setid=3806abdc-6aec-4252-bd79-e2c115b849aa ; approved Spironolactone label: https://dailymed.nlm.nih.gov/dailymed/drugInfo.cfm?setid=57d1c333-c229-54aa-e063-6394a90a84ce — additional reference: Prontuário Terapêutico do INFARMED (11th ed., 2012)",publicado,
espironolactona_valsartana,espironolactona,valsartana,moderate,ARA II com poupador de potássio aumenta o risco de hipercaliemia.,ARB with a potassium-sparing diuretic raises hyperkalaemia risk.,Ambos poupam potássio; o risco aumenta com função renal diminuída.,Both spare potassium; risk rises with reduced renal function.,Monitorizar potássio; evitar na insuficiência renal avançada.,Monitor potassium; avoid in advanced renal failure.,"Potássio, ritmo cardíaco.","Potassium, heart rhythm.",Hipercaliemia ou arritmia.,Hyperkalaemia or arrhythmia.,"DailyMed (FDA) — rótulo aprovado Valsartana: https://dailymed.nlm.nih.gov/dailymed/drugInfo.cfm?setid=1a8af3d9-4053-4233-82a7-e8c7bc9e302f ; rótulo aprovado Espironolactona: https://dailymed.nlm.nih.gov/dailymed/drugInfo.cfm?setid=57d1c333-c229-54aa-e063-6394a90a84ce — referência adicional: Prontuário Terapêutico do INFARMED (11.ª ed., 2012)","DailyMed (FDA) — approved Valsartan label: https://dailymed.nlm.nih.gov/dailymed/drugInfo.cfm?setid=1a8af3d9-4053-4233-82a7-e8c7bc9e302f ; approved Spironolactone label: https://dailymed.nlm.nih.gov/dailymed/drugInfo.cfm?setid=57d1c333-c229-54aa-e063-6394a90a84ce — additional reference: Prontuário Terapêutico do INFARMED (11th ed., 2012)",publicado,
estreptomicina_furosemida,estreptomicina,furosemida,moderate,A associação de Estreptomicina (aminoglicósido) com diuréticos de ansa (Furosemida) aumenta o risco de ototoxicidade e nefrotoxicidade.,Combining Streptomycin (an aminoglycoside) with loop diuretics (Furosemide) raises the risk of ototoxicity and nephrotoxicity.,Toxicidade aditiva no ouvido interno e no rim.,Additive toxicity to the inner ear and kidney.,"Evitar se possível; se inevitável, reduzir as doses e vigiar função renal e audição.","Avoid if possible; if unavoidable, reduce doses and monitor renal function and hearing.","Audição (acufenos, hipoacusia) e função renal (creatinina).","Hearing (tinnitus, hearing loss) and renal function (creatinine).","Acufenos, hipoacusia, tonturas; aumento da creatinina.","Tinnitus, hearing loss, dizziness; rising creatinine.",DailyMed/FDA (NIH/NLM) — rótulo aprovado Estreptomicina: https://dailymed.nlm.nih.gov/dailymed/drugInfo.cfm?setid=abd1f64e-4283-4370-aae8-3666316aa36e ; rótulo aprovado Furosemida: https://dailymed.nlm.nih.gov/dailymed/drugInfo.cfm?setid=7cdcd001-ab4b-4210-a455-2e17a7bc4972,DailyMed/FDA (NIH/NLM) — approved Streptomycin label: https://dailymed.nlm.nih.gov/dailymed/drugInfo.cfm?setid=abd1f64e-4283-4370-aae8-3666316aa36e ; approved Furosemide label: https://dailymed.nlm.nih.gov/dailymed/drugInfo.cfm?setid=7cdcd001-ab4b-4210-a455-2e17a7bc4972,publicado,2026-08-03
estreptomicina_ibuprofeno,estreptomicina,ibuprofeno,moderate,"Os AINE (Ibuprofeno) com aminoglicósidos (Estreptomicina) aumentam o risco de lesão renal, sobretudo em idosos ou desidratação.","NSAIDs (Ibuprofen) with aminoglycosides (Streptomycin) raise the risk of renal injury, especially in the elderly or dehydrated.",Redução do fluxo sanguíneo renal pelos AINE e toxicidade tubular do aminoglicósido.,Reduced renal blood flow from NSAIDs and aminoglycoside tubular toxicity.,Evitar AINE durante o tratamento; garantir hidratação.,Avoid NSAIDs during treatment; ensure hydration.,"Função renal (creatinina, diurese).","Renal function (creatinine, urine output).","Oligúria, edema, elevação da creatinina.","Oliguria, oedema, rising creatinine.",DailyMed/FDA (NIH/NLM) — rótulo aprovado Estreptomicina: https://dailymed.nlm.nih.gov/dailymed/drugInfo.cfm?setid=abd1f64e-4283-4370-aae8-3666316aa36e ; rótulo aprovado Ibuprofeno: https://dailymed.nlm.nih.gov/dailymed/drugInfo.cfm?setid=14515409-736f-4119-b6a0-cb19ee2e948e,DailyMed/FDA (NIH/NLM) — approved Streptomycin label: https://dailymed.nlm.nih.gov/dailymed/drugInfo.cfm?setid=abd1f64e-4283-4370-aae8-3666316aa36e ; approved Ibuprofen label: https://dailymed.nlm.nih.gov/dailymed/drugInfo.cfm?setid=14515409-736f-4119-b6a0-cb19ee2e948e,publicado,2026-08-03
fenitoina_fenobarbital,fenitoina,fenobarbital,moderate,"A associação de Fenitoína com Fenobarbital pode aumentar ou diminuir as concentrações de Fenitoína, exigindo monitorização.","Combining Phenytoin with Phenobarbital may increase or decrease Phenytoin concentrations, requiring monitoring.","O Fenobarbital, indutor enzimático, e a Fenitoína competem e induzem vias metabólicas partilhadas; o efeito líquido é variável (aumento ou redução dos níveis de Fenitoína).","Phenobarbital, an enzyme inducer, and Phenytoin compete and induce shared metabolic pathways; the net effect is variable (increase or decrease in Phenytoin levels).","Monitorizar os níveis séricos de Fenitoína e, se possível, de Fenobarbital na introdução e em ajustes de dose.","Monitor serum Phenytoin and, if possible, Phenobarbital levels at start and dose adjustments.",Monitorizar os níveis séricos de Fenitoína e os sinais clínicos de toxicidade.,Monitor serum Phenytoin levels and clinical signs of toxicity.,Toxicidade ou perda de controlo das crises exigem reavaliação da dose.,Toxicity or loss of seizure control require dose reassessment.,"DailyMed/FDA (NIH/NLM) — rótulo aprovado Fenitoína: https://dailymed.nlm.nih.gov/dailymed/drugInfo.cfm?setid=ef4e97a7-cd18-47a9-a016-2eca5481a87e ; rótulo aprovado Fenobarbital: https://dailymed.nlm.nih.gov/dailymed/drugInfo.cfm?setid=fa09b4f2-edb0-4594-a2d2-b16f7b9686b4 — com referência adicional: Prontuário Terapêutico do INFARMED (11.ª ed., 2012)","DailyMed/FDA (NIH/NLM) — approved Phenytoin label: https://dailymed.nlm.nih.gov/dailymed/drugInfo.cfm?setid=ef4e97a7-cd18-47a9-a016-2eca5481a87e ; approved Phenobarbital label: https://dailymed.nlm.nih.gov/dailymed/drugInfo.cfm?setid=fa09b4f2-edb0-4594-a2d2-b16f7b9686b4 — with additional reference: Prontuário Terapêutico do INFARMED, INFARMED (11th ed., 2012)",publicado,2026-08-04
fenitoina_isoniazida,fenitoina,isoniazida,moderate,"A associação de Fenitoína com Isoniazida aumenta os níveis séricos de Fenitoína, com risco de toxicidade, sobretudo nos acetiladores lentos.","Combining Phenytoin with Isoniazid raises Phenytoin serum levels, with a risk of toxicity, especially in slow acetylators.","A Isoniazida inibe o metabolismo da Fenitoína, elevando as suas concentrações; o risco é maior nos doentes que acetilam lentamente a Isoniazida.","Isoniazid inhibits Phenytoin metabolism, raising its concentrations; the risk is higher in patients who slowly acetylate Isoniazid.",Monitorizar os níveis e os sinais de toxicidade da Fenitoína; considerar reduzir a dose de Fenitoína quando se institui Isoniazida.,Monitor Phenytoin levels and signs of toxicity; consider reducing the Phenytoin dose when Isoniazid is started.,"Nistagmo, ataxia, diplopia ou sedação após início da Isoniazida exigem doseamento e ajuste.","Nystagmus, ataxia, diplopia or sedation after starting Isoniazid require level testing and adjustment.","Nistagmo, ataxia, diplopia ou sedação exigem doseamento e ajuste da dose.","Nystagmus, ataxia, diplopia or sedation require level testing and dose adjustment.","DailyMed/FDA (NIH/NLM) — rótulo aprovado Fenitoína: https://dailymed.nlm.nih.gov/dailymed/drugInfo.cfm?setid=ef4e97a7-cd18-47a9-a016-2eca5481a87e ; rótulo aprovado Isoniazida: https://dailymed.nlm.nih.gov/dailymed/drugInfo.cfm?setid=93252cc8-c8d4-401b-bde5-ca8a3b57651e — com referência adicional: Prontuário Terapêutico do INFARMED (11.ª ed., 2012)","DailyMed/FDA (NIH/NLM) — approved Phenytoin label: https://dailymed.nlm.nih.gov/dailymed/drugInfo.cfm?setid=ef4e97a7-cd18-47a9-a016-2eca5481a87e ; approved Isoniazid label: https://dailymed.nlm.nih.gov/dailymed/drugInfo.cfm?setid=93252cc8-c8d4-401b-bde5-ca8a3b57651e — with additional reference: Prontuário Terapêutico do INFARMED, INFARMED (11th ed., 2012)",publicado,2026-08-04
fenitoina_omeprazol,fenitoina,omeprazol,moderate,A associação de Fenitoína com Omeprazol pode aumentar as concentrações de Fenitoína e provocar toxicidade.,Combining Phenytoin with Omeprazole may increase Phenytoin concentrations and cause toxicity.,"O Omeprazol é um inibidor do CYP2C19, via envolvida no metabolismo da Fenitoína, podendo elevar os seus níveis.","Omeprazole is a CYP2C19 inhibitor, a pathway involved in Phenytoin metabolism, and may raise its levels.","Monitorizar os sinais de toxicidade da Fenitoína e os níveis séricos, ajustando a dose se necessário.","Monitor signs of Phenytoin toxicity and serum levels, adjusting the dose if needed.","Vigiar nistagmo, ataxia e sedação após início do Omeprazol.","Watch for nystagmus, ataxia and sedation after starting Omeprazole.","Nistagmo, ataxia ou sedação após início do Omeprazol exigem doseamento e ajuste.","Nystagmus, ataxia or sedation after starting Omeprazole require level testing and adjustment.","DailyMed/FDA (NIH/NLM) — rótulo aprovado Fenitoína: https://dailymed.nlm.nih.gov/dailymed/drugInfo.cfm?setid=ef4e97a7-cd18-47a9-a016-2eca5481a87e ; rótulo aprovado Omeprazol: https://dailymed.nlm.nih.gov/dailymed/drugInfo.cfm?setid=37291cab-e350-d8e3-e063-6294a90a9cb1 — com referência adicional: Prontuário Terapêutico do INFARMED (11.ª ed., 2012)","DailyMed/FDA (NIH/NLM) — approved Phenytoin label: https://dailymed.nlm.nih.gov/dailymed/drugInfo.cfm?setid=ef4e97a7-cd18-47a9-a016-2eca5481a87e ; approved Omeprazole label: https://dailymed.nlm.nih.gov/dailymed/drugInfo.cfm?setid=37291cab-e350-d8e3-e063-6294a90a9cb1 — with additional reference: Prontuário Terapêutico do INFARMED, INFARMED (11th ed., 2012)",publicado,2026-08-04
fenitoina_valproato,fenitoina,valproato,moderate,"A associação de Fenitoína com Valproato pode aumentar ou diminuir a fração livre de Fenitoína, com risco de toxicidade ou de perda de eficácia.","Combining Phenytoin with Valproate may increase or decrease the free fraction of Phenytoin, with a risk of toxicity or loss of efficacy.","O Valproato desloca a Fenitoína das proteínas plasmáticas e inibe o seu metabolismo; o efeito sobre a fração livre é variável. A Fenitoína pode, por sua vez, reduzir os níveis de Valproato.",Valproate displaces Phenytoin from plasma proteins and inhibits its metabolism; the effect on the free fraction is variable. Phenytoin may in turn lower Valproate levels.,Monitorizar os níveis de Fenitoína (idealmente a fração livre) e os sinais clínicos de toxicidade.,Monitor Phenytoin levels (ideally the free fraction) and clinical signs of toxicity.,"Nistagmo, ataxia, sedação ou agravamento do controlo das crises impõem reavaliação.","Nystagmus, ataxia, sedation or worsening seizure control require reassessment.",Sinais de toxicidade da Fenitoína ou agravamento das crises impõem avaliação dos níveis.,Signs of Phenytoin toxicity or worsening seizures require level assessment.,"DailyMed/FDA (NIH/NLM) — rótulo aprovado Fenitoína: https://dailymed.nlm.nih.gov/dailymed/drugInfo.cfm?setid=ef4e97a7-cd18-47a9-a016-2eca5481a87e ; rótulo aprovado Valproato: https://dailymed.nlm.nih.gov/dailymed/drugInfo.cfm?setid=a33f7657-ad0f-43e9-ba48-024746e6d08e — com referência adicional: Prontuário Terapêutico do INFARMED (11.ª ed., 2012)","DailyMed/FDA (NIH/NLM) — approved Phenytoin label: https://dailymed.nlm.nih.gov/dailymed/drugInfo.cfm?setid=ef4e97a7-cd18-47a9-a016-2eca5481a87e ; approved Valproic acid label: https://dailymed.nlm.nih.gov/dailymed/drugInfo.cfm?setid=a33f7657-ad0f-43e9-ba48-024746e6d08e — with additional reference: Prontuário Terapêutico do INFARMED, INFARMED (11th ed., 2012)",publicado,2026-08-04
fenitoina_warfarina,fenitoina,warfarina,moderate,"A associação de Fenitoína com Varfarina reduz o efeito anticoagulante da Varfarina, com risco de eventos trombóticos.","Combining Phenytoin with Warfarin reduces the anticoagulant effect of Warfarin, posing a risk of thrombotic events.","A Fenitoína, indutora enzimática, acelera o metabolismo da Varfarina, diminuindo as suas concentrações e o seu efeito anticoagulante.","As an enzyme inducer, Phenytoin accelerates Warfarin metabolism, lowering its concentrations and its anticoagulant effect.",Monitorizar o INR e ajustar a dose de Varfarina durante a co-administração.,Monitor the INR and adjust the Warfarin dose during co-administration.,INR frequente na introdução e em alterações de dose; sinais de tromboembolismo.,Frequent INR at start and dose changes; signs of thromboembolism.,INR sub-otimizado ou eventos trombóticos exigem ajuste da dose de Varfarina.,A suboptimal INR or thrombotic events require Warfarin dose adjustment.,"DailyMed/FDA (NIH/NLM) — rótulo aprovado Fenitoína: https://dailymed.nlm.nih.gov/dailymed/drugInfo.cfm?setid=ef4e97a7-cd18-47a9-a016-2eca5481a87e ; rótulo aprovado Warfarina: https://dailymed.nlm.nih.gov/dailymed/drugInfo.cfm?setid=541c9a70-adaf-4ef3-94ba-ad4e70dfa057 — com referência adicional: Prontuário Terapêutico do INFARMED (11.ª ed., 2012)","DailyMed/FDA (NIH/NLM) — approved Phenytoin label: https://dailymed.nlm.nih.gov/dailymed/drugInfo.cfm?setid=ef4e97a7-cd18-47a9-a016-2eca5481a87e ; approved Warfarin label: https://dailymed.nlm.nih.gov/dailymed/drugInfo.cfm?setid=541c9a70-adaf-4ef3-94ba-ad4e70dfa057 — with additional reference: Prontuário Terapêutico do INFARMED, INFARMED (11th ed., 2012)",publicado,2026-08-04
fenobarbital_valproato,fenobarbital,valproato,moderate,"A associação de Fenobarbital com Valproato aumenta as concentrações de Fenobarbital, com risco de sedação e toxicidade.","Combining Phenobarbital with Valproate increases Phenobarbital concentrations, with a risk of sedation and toxicity.","O Valproato inibe o metabolismo do Fenobarbital, elevando os seus níveis séricos e potenciando o seu efeito depressivo.","Valproate inhibits Phenobarbital metabolism, raising its serum levels and potentiating its depressant effect.","Monitorizar os sinais de sedação e, se disponível, os níveis de Fenobarbital; considerar reduzir a dose.","Monitor signs of sedation and, if available, Phenobarbital levels; consider reducing the dose.","Monitorizar a sedação e, se disponível, os níveis de Fenobarbital.","Monitor sedation and, if available, Phenobarbital levels.",Sedação excessiva ou depressão respiratória exigem suspensão e avaliação.,Excessive sedation or respiratory depression require discontinuation and evaluation.,"DailyMed/FDA (NIH/NLM) — rótulo aprovado Fenobarbital: https://dailymed.nlm.nih.gov/dailymed/drugInfo.cfm?setid=fa09b4f2-edb0-4594-a2d2-b16f7b9686b4 ; rótulo aprovado Valproato: https://dailymed.nlm.nih.gov/dailymed/drugInfo.cfm?setid=a33f7657-ad0f-43e9-ba48-024746e6d08e — com referência adicional: Prontuário Terapêutico do INFARMED (11.ª ed., 2012)","DailyMed/FDA (NIH/NLM) — approved Phenobarbital label: https://dailymed.nlm.nih.gov/dailymed/drugInfo.cfm?setid=fa09b4f2-edb0-4594-a2d2-b16f7b9686b4 ; approved Valproic acid label: https://dailymed.nlm.nih.gov/dailymed/drugInfo.cfm?setid=a33f7657-ad0f-43e9-ba48-024746e6d08e — with additional reference: Prontuário Terapêutico do INFARMED, INFARMED (11th ed., 2012)",publicado,2026-08-04
fenobarbital_warfarina,fenobarbital,warfarina,moderate,"A associação de Fenobarbital com Varfarina reduz o efeito anticoagulante da Varfarina, com risco de eventos trombóticos.","Combining Phenobarbital with Warfarin reduces the anticoagulant effect of Warfarin, posing a risk of thrombotic events.","O Fenobarbital, indutor enzimático, acelera o metabolismo da Varfarina, diminuindo o seu efeito anticoagulante.","As an enzyme inducer, Phenobarbital accelerates Warfarin metabolism, reducing its anticoagulant effect.",Monitorizar o INR e ajustar a dose de Varfarina durante a co-administração.,Monitor the INR and adjust the Warfarin dose during co-administration.,INR frequente na introdução e em alterações de dose.,Frequent INR at start and dose changes.,INR sub-otimizado ou eventos trombóticos exigem ajuste do anticoagulante.,A suboptimal INR or thrombotic events require anticoagulant adjustment.,"DailyMed/FDA (NIH/NLM) — rótulo aprovado Fenobarbital: https://dailymed.nlm.nih.gov/dailymed/drugInfo.cfm?setid=fa09b4f2-edb0-4594-a2d2-b16f7b9686b4 ; rótulo aprovado Warfarina: https://dailymed.nlm.nih.gov/dailymed/drugInfo.cfm?setid=541c9a70-adaf-4ef3-94ba-ad4e70dfa057 — com referência adicional: Prontuário Terapêutico do INFARMED (11.ª ed., 2012)","DailyMed/FDA (NIH/NLM) — approved Phenobarbital label: https://dailymed.nlm.nih.gov/dailymed/drugInfo.cfm?setid=fa09b4f2-edb0-4594-a2d2-b16f7b9686b4 ; approved Warfarin label: https://dailymed.nlm.nih.gov/dailymed/drugInfo.cfm?setid=541c9a70-adaf-4ef3-94ba-ad4e70dfa057 — with additional reference: Prontuário Terapêutico do INFARMED, INFARMED (11th ed., 2012)",publicado,2026-08-04
fentanilo_itraconazol,fentanilo,itraconazol,moderate,"O itraconazol (inibidor do CYP3A4) aumenta as concentrações de fentanilo, com risco de sedação e depressão respiratória.","Itraconazole (CYP3A4 inhibitor) increases fentanyl concentrations, with risk of sedation and respiratory depression.",O fentanilo é metabolizado principalmente pela CYP3A4; o itraconazol inibe esta enzima e reduz o clearance do opioide.,Fentanyl is mainly metabolised by CYP3A4; itraconazole inhibits this enzyme and reduces opioid clearance.,Reduzir a dose de fentanilo e vigiar de perto; evitar a associação se possível.,Reduce the fentanyl dose and monitor closely; avoid the combination if possible.,"Sedação, frequência respiratória, sinais de toxicidade opioide.","Sedation, respiratory rate and signs of opioid toxicity.",Depressão respiratória exige suspensão temporária e suporte com naloxona.,Respiratory depression requires temporary withdrawal and support with naloxone.,"DailyMed/FDA (NIH/NLM) — rótulo aprovado Fentanilo: https://dailymed.nlm.nih.gov/dailymed/drugInfo.cfm?setid=e15a7e9b-8025-49dd-9a6d-bafcccf1959f ; rótulo aprovado Itraconazol: https://dailymed.nlm.nih.gov/dailymed/drugInfo.cfm?setid=a4d555fa-787c-40fb-bb7d-b0d4f7318fd0 — com referência adicional: Prontuário Terapêutico do INFARMED (11.ª ed., 2012)","DailyMed/FDA (NIH/NLM) — approved Fentanyl label: https://dailymed.nlm.nih.gov/dailymed/drugInfo.cfm?setid=e15a7e9b-8025-49dd-9a6d-bafcccf1959f ; approved Itraconazole label: https://dailymed.nlm.nih.gov/dailymed/drugInfo.cfm?setid=a4d555fa-787c-40fb-bb7d-b0d4f7318fd0 — with additional reference: Prontuário Terapêutico do INFARMED (11th ed., 2012)",publicado,
fentanilo_sertralina,fentanilo,sertralina,moderate,O fentanilo com sertralina aumenta o risco de síndrome serotoninérgica.,Fentanyl with sertraline increases the risk of serotonin syndrome.,Ambos aumentam a serotonina no SNC; o fentanilo também reduz o limiar convulsivo que a sertralina pode influenciar.,Both raise CNS serotonin; fentanyl also lowers the seizure threshold that sertraline may influence.,Vigiar sinais de serotoninergismo nas primeiras semanas de associação.,Monitor for signs of serotonin excess during the first weeks of combination.,"Tremores, hiperreflexia, mioclonias, agitação, hipertermia.","Tremor, hyperreflexia, myoclonus, agitation, hyperthermia.",Síndrome serotoninérgica grave exige a suspensão imediata de ambos.,Severe serotonin syndrome requires immediate withdrawal of both drugs.,"DailyMed/FDA (NIH/NLM) — rótulo aprovado Fentanilo: https://dailymed.nlm.nih.gov/dailymed/drugInfo.cfm?setid=e15a7e9b-8025-49dd-9a6d-bafcccf1959f ; rótulo aprovado Sertralina: https://dailymed.nlm.nih.gov/dailymed/drugInfo.cfm?setid=91e24d17-ff0a-449c-9472-b9df74c98456 — com referência adicional: Prontuário Terapêutico do INFARMED (11.ª ed., 2012)","DailyMed/FDA (NIH/NLM) — approved Fentanyl label: https://dailymed.nlm.nih.gov/dailymed/drugInfo.cfm?setid=e15a7e9b-8025-49dd-9a6d-bafcccf1959f ; approved Sertraline label: https://dailymed.nlm.nih.gov/dailymed/drugInfo.cfm?setid=91e24d17-ff0a-449c-9472-b9df74c98456 — with additional reference: Prontuário Terapêutico do INFARMED (11th ed., 2012)",publicado,
ferro_omeprazol,ferro,omeprazol,moderate,"O omeprazol pode reduzir a absorção do ferro oral, sobretudo do ferro não-heme.","Omeprazole may reduce the absorption of oral iron, particularly non-heme iron.","A supressão ácida gástrica pelo IBP diminui a redução do Fe3+ a Fe2+, essencial para a absorção duodenal do ferro.","Gastric acid suppression by the PPI impairs the reduction of Fe3+ to Fe2+, essential for duodenal iron absorption.","Considerar monitorização da resposta ao ferro (hemoglobina, ferritina); separar horários de toma.","Consider monitoring the response to iron (haemoglobin, ferritin); separate administration times.",Vigiar a resposta terapêutica da anemia ferropénica.,Monitor the therapeutic response of iron-deficiency anaemia.,Persistência de anemia ferropénica apesar do tratamento.,Persistent iron-deficiency anaemia despite treatment.,"DailyMed (FDA) — rótulo aprovado Ferro: https://dailymed.nlm.nih.gov/dailymed/drugInfo.cfm?setid=73d1f079-d8eb-44f4-b33d-05fb25b80c8f ; rótulo aprovado Omeprazol: https://dailymed.nlm.nih.gov/dailymed/drugInfo.cfm?setid=6ea9a6f3-b756-4cdf-b3db-f666a2c17d66 — referência adicional: Prontuário Terapêutico do INFARMED (11.ª ed., 2012)","DailyMed (FDA) — approved Iron label: https://dailymed.nlm.nih.gov/dailymed/drugInfo.cfm?setid=73d1f079-d8eb-44f4-b33d-05fb25b80c8f ; approved Omeprazole label: https://dailymed.nlm.nih.gov/dailymed/drugInfo.cfm?setid=6ea9a6f3-b756-4cdf-b3db-f666a2c17d66 — additional reference: Prontuário Terapêutico do INFARMED (11th ed., 2012)",publicado,
ferro_zinco,ferro,zinco,moderate,Ferro + zinco: competem pela absorção intestinal.,Iron + zinc: they compete for intestinal absorption.,"O ferro e o zinco partilham mecanismos de transporte intestinal, reduzindo a absorção de ambos quando tomados juntos.","Iron and zinc share intestinal transport mechanisms, reducing absorption of both when taken together.",Separar as tomas por pelo menos 2 horas.,Separate dosing by at least 2 hours.,Resposta à suplementação.,Response to supplementation.,Persistência da deficiência apesar da suplementação.,Persistent deficiency despite supplementation.,"DailyMed (FDA) — rótulo aprovado Ferro: https://dailymed.nlm.nih.gov/dailymed/drugInfo.cfm?setid=4e88a847-397b-4ddb-83d7-42c9b963a0b7 ; rótulo aprovado Zinco (sulfato de zinco): https://dailymed.nlm.nih.gov/dailymed/drugInfo.cfm?setid=2bd646d2-2a2a-4376-8da0-c7f08b0511ac — referência adicional: Prontuário Terapêutico do INFARMED (11.ª ed., 2012)","DailyMed (FDA) — approved Iron label: https://dailymed.nlm.nih.gov/dailymed/drugInfo.cfm?setid=4e88a847-397b-4ddb-83d7-42c9b963a0b7 ; approved Zinc (zinc sulfate) label: https://dailymed.nlm.nih.gov/dailymed/drugInfo.cfm?setid=2bd646d2-2a2a-4376-8da0-c7f08b0511ac — additional reference: Prontuário Terapêutico do INFARMED (11th ed., 2012)",publicado,
fitomenadiona_warfarina,fitomenadiona,warfarina,moderate,"A fitomenadiona (vitamina K1) antagoniza o efeito anticoagulante da varfarina, reduzindo o INR.","Phytomenadione (vitamin K1) antagonises the anticoagulant effect of warfarin, lowering the INR.","A vitamina K repõe o substrato dos fatores II, VII, IX e X, revertendo o bloqueio da varfarina.","Vitamin K replenishes the substrate for factors II, VII, IX and X, reversing warfarin's block.","Usar a vitamina K1 conforme indicação (reversão, correção de INR supraterapêutico); reavaliar o INR 24 h após.","Use vitamin K1 as indicated (reversal, correction of supratherapeutic INR); reassess INR 24 h after.",Monitorizar o INR e sinais de trombose após a reversão.,Monitor INR and signs of thrombosis after reversal.,INR subterapêutico ou eventos trombóticos após reversão excessiva.,Subtherapeutic INR or thrombotic events after excessive reversal.,"DailyMed (FDA) — rótulo aprovado Fitomenadiona: https://dailymed.nlm.nih.gov/dailymed/drugInfo.cfm?setid=0c7ef968-2c76-4220-a9ec-3179d243c422 ; rótulo aprovado Varfarina: https://dailymed.nlm.nih.gov/dailymed/drugInfo.cfm?setid=541c9a70-adaf-4ef3-94ba-ad4e70dfa057 — referência adicional: Prontuário Terapêutico do INFARMED (11.ª ed., 2012)","DailyMed (FDA) — approved Phytomenadione label: https://dailymed.nlm.nih.gov/dailymed/drugInfo.cfm?setid=0c7ef968-2c76-4220-a9ec-3179d243c422 ; approved Warfarin label: https://dailymed.nlm.nih.gov/dailymed/drugInfo.cfm?setid=541c9a70-adaf-4ef3-94ba-ad4e70dfa057 — additional reference: Prontuário Terapêutico do INFARMED (11th ed., 2012)",publicado,
fluconazol_glibenclamida,fluconazol,glibenclamida,moderate,"O Fluconazol potencia o efeito da Glibenclamida, com risco de hipoglicemia grave.","Fluconazole potentiates the effect of Glyburide (Glibenclamide), with a risk of severe hypoglycaemia.","Inibição do CYP2C9 pelo fluconazol, reduzindo o metabolismo da glibenclamida e aumentando as suas concentrações.","CYP2C9 inhibition by fluconazole reduces glibenclamide metabolism, increasing its concentrations.",Monitorizar a glicemia de forma mais frequente; pode ser necessário reduzir a dose da sulfonilureia.,Monitor blood glucose more frequently; a sulfonylurea dose reduction may be needed.,"Glicemia capilar, sintomas de hipoglicemia (tremor, sudorese, confusão).","Capillary glucose, hypoglycaemia symptoms (tremor, sweating, confusion).","Hipoglicemia grave (perda de consciência, convulsões).","Severe hypoglycaemia (loss of consciousness, seizures).","DailyMed/FDA (NIH/NLM) — rótulo aprovado Fluconazol: https://dailymed.nlm.nih.gov/dailymed/drugInfo.cfm?setid=7961c029-746c-48c3-888b-8f8344102873 ; rótulo aprovado Glibenclamida: https://dailymed.nlm.nih.gov/dailymed/drugInfo.cfm?setid=524eec41-37ee-419a-b7a1-d23e888ae6ab — com referência adicional: Prontuário Terapêutico do INFARMED (11.ª ed., 2012)","DailyMed/FDA (NIH/NLM) — approved Fluconazole label: https://dailymed.nlm.nih.gov/dailymed/drugInfo.cfm?setid=7961c029-746c-48c3-888b-8f8344102873 ; approved Glyburide (Glibenclamide) label: https://dailymed.nlm.nih.gov/dailymed/drugInfo.cfm?setid=524eec41-37ee-419a-b7a1-d23e888ae6ab — with additional reference: Prontuário Terapêutico do INFARMED, INFARMED (11th ed., 2012)",publicado,2026-08-04
fluconazol_mefloquina,fluconazol,mefloquina,moderate,Associação de Fluconazol e Mefloquina com risco de prolongamento do intervalo QT e arritmias.,Fluconazole plus Mefloquine carries a risk of QT prolongation and arrhythmias.,Efeito aditivo sobre a repolarização cardíaca (ambos prolongam o QT).,Additive effect on cardiac repolarization (both prolong the QT).,Usar com precaução; monitorizar ECG (QT) e eletrólitos; considerar alternativa antimalárica.,Use with caution; monitor ECG (QT) and electrolytes; consider an alternative antimalarial.,"ECG (intervalo QT), eletrólitos (K+, Mg2+).","ECG (QT interval), electrolytes (K+, Mg2+).","Síncope, palpitações, torsades de pointes.","Syncope, palpitations, torsades de pointes.",DailyMed/FDA (NIH/NLM) — rótulo aprovado Fluconazol: https://dailymed.nlm.nih.gov/dailymed/drugInfo.cfm?setid=7961c029-746c-48c3-888b-8f8344102873 ; rótulo aprovado Mefloquina: https://dailymed.nlm.nih.gov/dailymed/drugInfo.cfm?setid=09716a24-d7da-42b2-af29-c03a1b6670bd,DailyMed/FDA (NIH/NLM) — approved Fluconazole label: https://dailymed.nlm.nih.gov/dailymed/drugInfo.cfm?setid=7961c029-746c-48c3-888b-8f8344102873 ; approved Mefloquine label: https://dailymed.nlm.nih.gov/dailymed/drugInfo.cfm?setid=09716a24-d7da-42b2-af29-c03a1b6670bd,publicado,2026-08-04
fluconazol_prednisolona,fluconazol,prednisolona,moderate,"O Fluconazol pode aumentar os níveis de Prednisolona (inibição do metabolismo), com risco de efeitos corticosteróides aumentados.","Fluconazole may raise prednisolone levels (metabolic inhibition), with a risk of enhanced corticosteroid effects.","Inibição do CYP3A4 pelo fluconazol, reduzindo o metabolismo da prednisolona.",CYP3A4 inhibition by fluconazole reduces prednisolone metabolism.,"Vigiar efeitos de corticoterapia (hiperglicemia, retenção hídrica); ajustar a dose do corticoide se sintomas de sobredosagem.","Watch for corticosteroid effects (hyperglycaemia, fluid retention); adjust the steroid dose if overdosage symptoms occur.","Glicemia, pressão arterial, sinais de Cushing iatrogénico.","Blood glucose, blood pressure, signs of iatrogenic Cushing.","Edema, hiperglicemia, fácies cushingoide.","Oedema, hyperglycaemia, Cushingoid facies.","DailyMed/FDA (NIH/NLM) — rótulo aprovado Fluconazol: https://dailymed.nlm.nih.gov/dailymed/drugInfo.cfm?setid=7961c029-746c-48c3-888b-8f8344102873 ; rótulo aprovado Prednisolona: https://dailymed.nlm.nih.gov/dailymed/drugInfo.cfm?setid=52e6e21d-94b8-41a0-8d13-371c0e66bcee — com referência adicional: Prontuário Terapêutico do INFARMED (11.ª ed., 2012)","DailyMed/FDA (NIH/NLM) — approved Fluconazole label: https://dailymed.nlm.nih.gov/dailymed/drugInfo.cfm?setid=7961c029-746c-48c3-888b-8f8344102873 ; approved Prednisolone label: https://dailymed.nlm.nih.gov/dailymed/drugInfo.cfm?setid=52e6e21d-94b8-41a0-8d13-371c0e66bcee — with additional reference: Prontuário Terapêutico do INFARMED, INFARMED (11th ed., 2012)",publicado,2026-08-04
fluconazol_quinina,fluconazol,quinina,moderate,Associação de Fluconazol e Quinina com risco de prolongamento do intervalo QT e arritmias ventriculares.,Fluconazole plus Quinine carries a risk of QT prolongation and ventricular arrhythmias.,Efeito aditivo sobre a repolarização cardíaca; o fluconazol também pode aumentar os níveis de quinina.,Additive effect on cardiac repolarization; fluconazole may also raise quinine levels.,Usar com precaução; monitorizar ECG (QT) e eletrólitos; preferir esquema antimalárico alternativo quando possível.,Use with caution; monitor ECG (QT) and electrolytes; prefer an alternative antimalarial regimen when possible.,"ECG (intervalo QT), eletrólitos (K+, Mg2+), sinais de arritmia.","ECG (QT interval), electrolytes (K+, Mg2+), signs of arrhythmia.","Síncope, palpitações, torsades de pointes.","Syncope, palpitations, torsades de pointes.",DailyMed/FDA (NIH/NLM) — rótulo aprovado Fluconazol: https://dailymed.nlm.nih.gov/dailymed/drugInfo.cfm?setid=7961c029-746c-48c3-888b-8f8344102873 ; rótulo aprovado Quinina: https://dailymed.nlm.nih.gov/dailymed/drugInfo.cfm?setid=1f32f05c-a215-40be-b951-e41a7b54a8a0,DailyMed/FDA (NIH/NLM) — approved Fluconazole label: https://dailymed.nlm.nih.gov/dailymed/drugInfo.cfm?setid=7961c029-746c-48c3-888b-8f8344102873 ; approved Quinine label: https://dailymed.nlm.nih.gov/dailymed/drugInfo.cfm?setid=1f32f05c-a215-40be-b951-e41a7b54a8a0,publicado,2026-08-04
fluconazol_rifampicina,fluconazol,rifampicina,moderate,"A Rifampicina reduz as concentrações de Fluconazol, com risco de falência terapêutica antifúngica.","Rifampin reduces Fluconazole levels, risking antifungal treatment failure.","Indução enzimática da rifampicina, acelerando o metabolismo do fluconazol.",Enzymatic induction by rifampin accelerates fluconazole metabolism.,Monitorizar a resposta clínica; pode ser necessário aumentar a dose de fluconazol ou usar antifúngico alternativo.,Monitor clinical response; a fluconazole dose increase or an alternative antifungal may be needed.,"Resposta clínica, provas de função hepática.","Clinical response, liver function tests.",Persistência/agravamento da infeção fúngica.,Persistent or worsening fungal infection.,"DailyMed/FDA (NIH/NLM) — rótulo aprovado Fluconazol: https://dailymed.nlm.nih.gov/dailymed/drugInfo.cfm?setid=7961c029-746c-48c3-888b-8f8344102873 ; rótulo aprovado Rifampicina: https://dailymed.nlm.nih.gov/dailymed/drugInfo.cfm?setid=b389b1a3-672f-47e3-916c-4a9c044b211b — com referência adicional: Prontuário Terapêutico do INFARMED (11.ª ed., 2012)","DailyMed/FDA (NIH/NLM) — approved Fluconazole label: https://dailymed.nlm.nih.gov/dailymed/drugInfo.cfm?setid=7961c029-746c-48c3-888b-8f8344102873 ; approved Rifampin label: https://dailymed.nlm.nih.gov/dailymed/drugInfo.cfm?setid=b389b1a3-672f-47e3-916c-4a9c044b211b — with additional reference: Prontuário Terapêutico do INFARMED, INFARMED (11th ed., 2012)",publicado,2026-08-04
fluconazol_warfarina,fluconazol,warfarina,moderate,"O Fluconazol potencia o efeito anticoagulante da Varfarina, com aumento significativo do INR e risco hemorrágico.","Fluconazole potentiates the anticoagulant effect of Warfarin, markedly raising the INR and the bleeding risk.","Inibição do CYP2C9 pelo fluconazol, reduzindo o metabolismo da varfarina (isómero S ativo) e aumentando o INR.","CYP2C9 inhibition by fluconazole reduces the metabolism of the active S-warfarin isomer, raising the INR.",Monitorizar o INR com frequência (início e suspensão do fluconazol); reduzir a dose de varfarina conforme necessário.,Monitor the INR frequently (on starting and stopping fluconazole); reduce the warfarin dose as needed.,"INR, sinais de hemorragia (gengivas, equimoses, melenas).","INR, signs of bleeding (gums, bruising, melena).","Hemorragia inexplicada, hematúria, melena.","Unexplained bleeding, haematuria, melena.","DailyMed/FDA (NIH/NLM) — rótulo aprovado Fluconazol: https://dailymed.nlm.nih.gov/dailymed/drugInfo.cfm?setid=7961c029-746c-48c3-888b-8f8344102873 ; rótulo aprovado Varfarina: https://dailymed.nlm.nih.gov/dailymed/drugInfo.cfm?setid=541c9a70-adaf-4ef3-94ba-ad4e70dfa057 — com referência adicional: Prontuário Terapêutico do INFARMED (11.ª ed., 2012)","DailyMed/FDA (NIH/NLM) — approved Fluconazole label: https://dailymed.nlm.nih.gov/dailymed/drugInfo.cfm?setid=7961c029-746c-48c3-888b-8f8344102873 ; approved Warfarin label: https://dailymed.nlm.nih.gov/dailymed/drugInfo.cfm?setid=541c9a70-adaf-4ef3-94ba-ad4e70dfa057 — with additional reference: Prontuário Terapêutico do INFARMED, INFARMED (11th ed., 2012)",publicado,2026-08-04
fluoxetina_isoniazida,fluoxetina,isoniazida,moderate,Risco semelhante ao de outros ISRS: a Isoniazida com Fluoxetina pode precipitar síndrome serotoninérgia.,Similar risk to other SSRIs: Isoniazid with Fluoxetine may precipitate serotonin syndrome.,"Efeito MAO fraco da isoniazida e inibição da recaptação da serotonina, com meia-vida longa da fluoxetina.","Weak MAO effect of isoniazid and serotonin reuptake inhibition, with long fluoxetine half-life.",Vigiar sinais serotoninérgicos; informar o doente.,Watch for serotonergic signs; counsel the patient.,Sinais de síndrome serotoninérgica.,Signs of serotonin syndrome.,"Agitação, confusão, tremor, hipertermia.","Agitation, confusion, tremor, hyperthermia.",DailyMed/FDA (NIH/NLM) — rótulo aprovado Isoniazida: https://dailymed.nlm.nih.gov/dailymed/drugInfo.cfm?setid=93252cc8-c8d4-401b-bde5-ca8a3b57651e ; rótulo aprovado Fluoxetina: https://dailymed.nlm.nih.gov/dailymed/drugInfo.cfm?setid=09fb3100-1e06-4cdc-8016-7e4f5d097490,DailyMed/FDA (NIH/NLM) — approved Isoniazid label: https://dailymed.nlm.nih.gov/dailymed/drugInfo.cfm?setid=93252cc8-c8d4-401b-bde5-ca8a3b57651e ; approved Fluoxetine label: https://dailymed.nlm.nih.gov/dailymed/drugInfo.cfm?setid=09fb3100-1e06-4cdc-8016-7e4f5d097490,publicado,2026-08-03
fluoxetina_linezolida,fluoxetina,linezolida,critical,Risco elevado de síndrome serotoninérgica: a Linezolida é um inibidor da MAO e com a Fluoxetina acumula serotonina — pode ser perigosa.,High risk of serotonin syndrome: Linezolid is an MAO inhibitor and with Fluoxetine serotonin accumulates — it can be dangerous.,"Inibição da MAO (linezolida) e inibição da recaptação da serotonina (fluoxetina), com meia-vida longa da fluoxetina.","MAO inhibition (linezolid) and serotonin reuptake inhibition (fluoxetine), with long fluoxetine half-life.",Evitar a associação; aguardar pelo menos 2 semanas após parar um deles.,Avoid the combination; wait at least 2 weeks after stopping one of them.,Vigilância de sinais serotoninérgicos.,Watch for serotonergic signs.,"Confusão, agitação, hipertermia, tremor, rigidez, instabilidade autonómica.","Confusion, agitation, hyperthermia, tremor, rigidity, autonomic instability.",DailyMed/FDA (NIH/NLM) — rótulo aprovado Linezolida: https://dailymed.nlm.nih.gov/dailymed/drugInfo.cfm?setid=374af2a7-d994-40bd-a86a-cd9038d0b72c ; rótulo aprovado Fluoxetina: https://dailymed.nlm.nih.gov/dailymed/drugInfo.cfm?setid=09fb3100-1e06-4cdc-8016-7e4f5d097490,DailyMed/FDA (NIH/NLM) — approved Linezolid label: https://dailymed.nlm.nih.gov/dailymed/drugInfo.cfm?setid=374af2a7-d994-40bd-a86a-cd9038d0b72c ; approved Fluoxetine label: https://dailymed.nlm.nih.gov/dailymed/drugInfo.cfm?setid=09fb3100-1e06-4cdc-8016-7e4f5d097490,publicado,2026-08-03
fluoxetina_litio,fluoxetina,litio,moderate,A associação de Lítio com Fluoxetina aumenta o risco de síndrome serotoninérgica e pode elevar os níveis de Lítio.,Combining Lithium with Fluoxetine increases the risk of serotonin syndrome and may raise Lithium levels.,"O Lítio e a Fluoxetina aumentam a disponibilidade serotoninérgica; os ISRS podem ainda reduzir a excreção de Lítio, elevando os seus níveis.","Lithium and Fluoxetine increase serotonergic activity; SSRIs may also reduce Lithium excretion, raising its levels.","Usar a associação com prudência, em doses baixas, e monitorizar os níveis de Lítio.","Use the combination cautiously, at low doses, and monitor Lithium levels.","Vigiar agitação, tremor, hipertermia, hiperreflexia, mioclonias ou diarreia (síndrome serotoninérgica).","Watch for agitation, tremor, hyperthermia, hyperreflexia, myoclonus or diarrhoea (serotonin syndrome).","Febre, agitação, hiperreflexia ou mioclonias (síndrome serotoninérgica) exigem suspensão e avaliação urgente.","Fever, agitation, hyperreflexia or myoclonus (serotonin syndrome) require discontinuation and urgent evaluation.","DailyMed/FDA (NIH/NLM) — rótulo aprovado Lítio: https://dailymed.nlm.nih.gov/dailymed/drugInfo.cfm?setid=0e6b0a2d-b79c-44d8-b785-5267df9e8f72 ; rótulo aprovado Fluoxetina: https://dailymed.nlm.nih.gov/dailymed/drugInfo.cfm?setid=09fb3100-1e06-4cdc-8016-7e4f5d097490 — com referência adicional: Prontuário Terapêutico do INFARMED (11.ª ed., 2012)","DailyMed/FDA (NIH/NLM) — approved Lithium label: https://dailymed.nlm.nih.gov/dailymed/drugInfo.cfm?setid=0e6b0a2d-b79c-44d8-b785-5267df9e8f72 ; approved Fluoxetine label: https://dailymed.nlm.nih.gov/dailymed/drugInfo.cfm?setid=09fb3100-1e06-4cdc-8016-7e4f5d097490 — with additional reference: Prontuário Terapêutico do INFARMED, INFARMED (11th ed., 2012)",publicado,2026-08-04
fluoxetina_pseudoefedrina,fluoxetina,pseudoefedrina,minor,Descongestionante + ISRS: possível aumento do efeito pressor.,Decongestant + SSRI: possible increased pressor effect.,Efeito simpaticomimético aditivo em doentes a ISRS (risco de hipertensão/taquicardia).,Additive sympathomimetic effect in patients on SSRIs (risk of hypertension/tachycardia).,Vigiar tensão arterial e frequência cardíaca.,Monitor blood pressure and heart rate.,Tensão arterial.,Blood pressure.,"Hipertensão, palpitações.","Hypertension, palpitations.","DailyMed (FDA) — rótulo aprovado Pseudoefedrina: https://dailymed.nlm.nih.gov/dailymed/drugInfo.cfm?setid=78faa497-6743-b85b-e053-2a91aa0ae822 ; rótulo aprovado Fluoxetina: https://dailymed.nlm.nih.gov/dailymed/drugInfo.cfm?setid=09fb3100-1e06-4cdc-8016-7e4f5d097490 — referência adicional: Prontuário Terapêutico do INFARMED (11.ª ed., 2012)","DailyMed (FDA) — approved Pseudoephedrine label: https://dailymed.nlm.nih.gov/dailymed/drugInfo.cfm?setid=78faa497-6743-b85b-e053-2a91aa0ae822 ; approved Fluoxetine label: https://dailymed.nlm.nih.gov/dailymed/drugInfo.cfm?setid=09fb3100-1e06-4cdc-8016-7e4f5d097490 — additional reference: Prontuário Terapêutico do INFARMED (11th ed., 2012)",publicado,
fluoxetina_sertralina,fluoxetina,sertralina,critical,Risco elevado de síndrome serotoninérgica: a associação de dois ISRS (Sertralina + Fluoxetina) acumula serotonina e pode ser perigosa.,High risk of serotonin syndrome: combining two SSRIs (Sertraline + Fluoxetine) accumulates serotonin and can be dangerous.,Ambos inibem a recaptação de serotonina; a Fluoxetina tem ainda metabolitos de longa duração que potenciam o efeito do segundo ISRS.,Both inhibit serotonin reuptake; Fluoxetine has long-acting metabolites that potentiate the second SSRI.,"Evitar a associação. Quando a transição é necessária, respeitar um período de washout e usar doses baixas isoladas.","Avoid the combination. When switching is necessary, respect a washout period and use single low doses.",Vigilância de sinais de serotonina nas primeiras semanas; aconselhar a não duplicar doses.,Monitor serotonin signs in the first weeks; advise against dose doubling.,"Agitação, hipertermia, taquicardia, tremor, clónus, diarreia, confusão.","Agitation, hyperthermia, tachycardia, tremor, clonus, diarrhoea, confusion.",DailyMed/FDA (NIH/NLM) — rótulo aprovado Sertralina: https://dailymed.nlm.nih.gov/dailymed/drugInfo.cfm?setid=91e24d17-ff0a-449c-9472-b9df74c98456 ; rótulo aprovado Fluoxetina: https://dailymed.nlm.nih.gov/dailymed/drugInfo.cfm?setid=09fb3100-1e06-4cdc-8016-7e4f5d097490,DailyMed/FDA (NIH/NLM) — approved Sertraline label: https://dailymed.nlm.nih.gov/dailymed/drugInfo.cfm?setid=91e24d17-ff0a-449c-9472-b9df74c98456 ; approved Fluoxetine label: https://dailymed.nlm.nih.gov/dailymed/drugInfo.cfm?setid=09fb3100-1e06-4cdc-8016-7e4f5d097490,publicado,2026-08-02
fluoxetina_tramadol,fluoxetina,tramadol,moderate,"Risco de síndrome serotoninérgica. A Fluoxetina inibe o CYP2D6, aumentando os níveis de Tramadol.","Risk of serotonin syndrome. Fluoxetine inhibits CYP2D6, raising Tramadol levels.","Acumulação de serotonina: efeito do ISRS somado ao do Tramadol, mais inibição do seu metabolismo.","Serotonin accumulation: the SSRI effect added to Tramadol's, plus inhibition of its metabolism.",Usar uma alternativa analgésica ou vigiar sinais; evitar combinar dois fármacos serotonérgicos sem necessidade.,Use an alternative analgesic or monitor signs; avoid combining two serotonergic drugs unless needed.,Sinais de serotonina nos primeiros dias.,Serotonin signs in the first days.,"Agitação, hipertermia, diarreia, tremores, clónus, confusão.","Agitation, hyperthermia, diarrhoea, tremor, clonus, confusion.",DailyMed/FDA (NIH/NLM) — rótulo aprovado Fluoxetina: https://dailymed.nlm.nih.gov/dailymed/drugInfo.cfm?setid=09fb3100-1e06-4cdc-8016-7e4f5d097490 ; rótulo aprovado Tramadol: https://dailymed.nlm.nih.gov/dailymed/drugInfo.cfm?setid=552955e6-2bb3-8755-e063-6394a90ab21c,DailyMed/FDA (NIH/NLM) — approved Fluoxetine label: https://dailymed.nlm.nih.gov/dailymed/drugInfo.cfm?setid=09fb3100-1e06-4cdc-8016-7e4f5d097490 ; approved Tramadol label: https://dailymed.nlm.nih.gov/dailymed/drugInfo.cfm?setid=552955e6-2bb3-8755-e063-6394a90ab21c,publicado,2026-03-15
formoterol_sotalol,formoterol,sotalol,moderate,O sotalol antagoniza o efeito do formoterol e pode provocar broncospasmo em doentes predispostos.,Sotalol antagonises the effect of formoterol and may cause bronchospasm in predisposed patients.,Antagonismo β2 recetor entre o formoterol (LABA) e o sotalol (β-bloqueador não seletivo).,β2-receptor antagonism between formoterol (LABA) and sotalol (non-selective beta-blocker).,Não usar β-bloqueadores não seletivos em doentes com doença respiratória obstrutiva.,Do not use non-selective beta-blockers in patients with obstructive airways disease.,Vigiar a função respiratória e a resposta ao broncodilatador.,Monitor respiratory function and bronchodilator response.,"Broncospasmo, agravamento da obstrução das vias aéreas.","Bronchospasm, worsening of airway obstruction.","DailyMed (FDA) — rótulo aprovado Formoterol: https://dailymed.nlm.nih.gov/dailymed/drugInfo.cfm?setid=35538d89-a984-4335-acdf-85a893f51eee ; rótulo aprovado Sotalol: https://dailymed.nlm.nih.gov/dailymed/drugInfo.cfm?setid=9a36d95c-6e93-4e57-befe-b5274f359244 — referência adicional: Prontuário Terapêutico do INFARMED (11.ª ed., 2012)","DailyMed (FDA) — approved Formoterol label: https://dailymed.nlm.nih.gov/dailymed/drugInfo.cfm?setid=35538d89-a984-4335-acdf-85a893f51eee ; approved Sotalol label: https://dailymed.nlm.nih.gov/dailymed/drugInfo.cfm?setid=9a36d95c-6e93-4e57-befe-b5274f359244 — additional reference: Prontuário Terapêutico do INFARMED (11th ed., 2012)",publicado,
furosemida_gentamicina,furosemida,gentamicina,moderate,"A associação de Gentamicina com Furosemida aumenta o risco de ototoxicidade e, em menor grau, de nefrotoxicidade, por efeito aditivo sobre o ouvido interno e a função renal.","Combining Gentamicin with Furosemide increases the risk of ototoxicity and, to a lesser degree, nephrotoxicity, through an additive effect on the inner ear and the kidneys.","A Furosemida (diurético de ansa) e a Gentamicina (aminoglicosídeo) são ambas ototóxicas e nefrotóxicas; a co-administração resulta em toxicidade aditiva sobre a cóclea/vestíbulo e sobre o túbulo renal, sobretudo em doentes com insuficiência renal ou depleção volémica.","Both Furosemide (loop diuretic) and Gentamicin (aminoglycoside) are ototoxic and nephrotoxic; together they exert additive toxicity on the cochlea/vestibule and the renal tubule, particularly in patients with renal impairment or volume depletion.","Evitar a associação sempre que possível; se inevitável, usar a menor duração possível e ajustar as doses à função renal. Considerar alternativa a um dos fármacos.","Avoid the combination whenever possible; if unavoidable, use the shortest course and adjust doses to renal function. Consider an alternative to either drug.","Monitorizar a função renal (creatinina/clearance), o débito urinário, os eletrólitos e sinais de ototoxicidade (zumbidos, vertigens, hipoacusia). Vigiar níveis séricos do aminoglicosídeo em terapêutica prolongada.","Monitor renal function (creatinine/clearance), urine output, electrolytes and signs of ototoxicity (tinnitus, vertigo, hearing loss). Check aminoglycoside serum levels during prolonged therapy.","Zumbidos, vertigens, perda auditiva, oligúria ou elevação rápida da creatinina impõem a suspensão e avaliação imediata.","Tinnitus, vertigo, hearing loss, oliguria or a rapid rise in creatinine require prompt discontinuation and evaluation.","DailyMed/FDA (NIH/NLM) — rótulo aprovado Gentamicina: https://dailymed.nlm.nih.gov/dailymed/drugInfo.cfm?setid=441b6232-bb60-40ad-85ec-7c41ba43fd5f ; rótulo aprovado Furosemida: https://dailymed.nlm.nih.gov/dailymed/drugInfo.cfm?setid=7cdcd001-ab4b-4210-a455-2e17a7bc4972 — com referência adicional: Prontuário Terapêutico do INFARMED (11.ª ed., 2012)","DailyMed/FDA (NIH/NLM) — approved Gentamicin label: https://dailymed.nlm.nih.gov/dailymed/drugInfo.cfm?setid=441b6232-bb60-40ad-85ec-7c41ba43fd5f ; approved Furosemide label: https://dailymed.nlm.nih.gov/dailymed/drugInfo.cfm?setid=7cdcd001-ab4b-4210-a455-2e17a7bc4972 — with additional reference: Prontuário Terapêutico do INFARMED, INFARMED (11th ed., 2012)",publicado,2026-08-04
furosemida_prednisolona,furosemida,prednisolona,moderate,Corticosteroide + diurético de ansa: risco de hipocaliemia aditiva.,Corticosteroid + loop diuretic: additive hypokalaemia risk.,Ambos aumentam a perda renal de potássio.,Both increase renal potassium loss.,Monitorizar o potássio sérico; considerar suplementação se necessário.,Monitor serum potassium; consider supplementation if needed.,Potássio sérico e sintomas de hipocaliemia.,Serum potassium and hypokalaemia symptoms.,"Fraqueza, cãibras, arritmias.","Weakness, cramps, arrhythmias.","DailyMed (FDA) — rótulo aprovado Prednisolona: https://dailymed.nlm.nih.gov/dailymed/drugInfo.cfm?setid=52e6e21d-94b8-41a0-8d13-371c0e66bcee ; rótulo aprovado Furosemida: https://dailymed.nlm.nih.gov/dailymed/drugInfo.cfm?setid=6d9caaab-d874-4cf1-b9fe-408452a18998 — referência adicional: Prontuário Terapêutico do INFARMED (11.ª ed., 2012)","DailyMed (FDA) — approved Prednisolone label: https://dailymed.nlm.nih.gov/dailymed/drugInfo.cfm?setid=52e6e21d-94b8-41a0-8d13-371c0e66bcee ; approved Furosemide label: https://dailymed.nlm.nih.gov/dailymed/drugInfo.cfm?setid=6d9caaab-d874-4cf1-b9fe-408452a18998 — additional reference: Prontuário Terapêutico do INFARMED (11th ed., 2012)",publicado,
furosemida_ramipril,furosemida,ramipril,moderate,A primeira dose de IECA em doente com diurético ativo pode causar hipotensão.,First-dose ACE-i in a patient on an active diuretic may cause hypotension.,A depleção volémica pelo diurético acentua a queda pressórica após a primeira dose do IECA.,Volume depletion by the diuretic amplifies first-dose ACE-i hypotension.,Ajustar o diurético antes de iniciar o IECA e vigiar a tensão arterial.,Adjust the diuretic before starting the ACE-i and check blood pressure.,"Pressão arterial, sintomas de pré-síncope.","Blood pressure, presyncope symptoms.",Hipotensão sintomática ou síncope na 1.ª toma.,Symptomatic hypotension or syncope on first dose.,"DailyMed (FDA) — rótulo aprovado Ramipril: https://dailymed.nlm.nih.gov/dailymed/drugInfo.cfm?setid=3806abdc-6aec-4252-bd79-e2c115b849aa ; rótulo aprovado Furosemida: https://dailymed.nlm.nih.gov/dailymed/drugInfo.cfm?setid=6d9caaab-d874-4cf1-b9fe-408452a18998 — referência adicional: Prontuário Terapêutico do INFARMED (11.ª ed., 2012)","DailyMed (FDA) — approved Ramipril label: https://dailymed.nlm.nih.gov/dailymed/drugInfo.cfm?setid=3806abdc-6aec-4252-bd79-e2c115b849aa ; approved Furosemide label: https://dailymed.nlm.nih.gov/dailymed/drugInfo.cfm?setid=6d9caaab-d874-4cf1-b9fe-408452a18998 — additional reference: Prontuário Terapêutico do INFARMED (11th ed., 2012)",publicado,
furosemida_sotalol,furosemida,sotalol,critical,A hipocaliemia induzida pela furosemida aumenta o risco de torsades de pointes com sotalol.,Loop-diuretic hypokalaemia raises the risk of torsades de pointes with sotalol.,A depleção de potássio e magnésio pela furosemida predispõe a arritmias ventriculares no QT do sotalol.,Potassium/magnesium depletion by furosemide predisposes to ventricular arrhythmias on sotalol.,Corrigir a hipocalemia antes da associação e monitorizar eletrólitos.,Correct the hypokalaemia before combining and monitor electrolytes.,"Potássio, magnésio, ECG (QT).","Potassium, magnesium, ECG (QT).",Síncope ou arritmia ventricular (torsades).,Syncope or ventricular tachycardia (torsades).,"DailyMed (FDA) — rótulo aprovado Sotalol: https://dailymed.nlm.nih.gov/dailymed/drugInfo.cfm?setid=9a36d95c-6e93-4e57-befe-b5274f359244 ; rótulo aprovado Furosemida: https://dailymed.nlm.nih.gov/dailymed/drugInfo.cfm?setid=6d9caaab-d874-4cf1-b9fe-408452a18998 — referência adicional: Prontuário Terapêutico do INFARMED (11.ª ed., 2012)","DailyMed (FDA) — approved Sotalol label: https://dailymed.nlm.nih.gov/dailymed/drugInfo.cfm?setid=9a36d95c-6e93-4e57-befe-b5274f359244 ; approved Furosemide label: https://dailymed.nlm.nih.gov/dailymed/drugInfo.cfm?setid=6d9caaab-d874-4cf1-b9fe-408452a18998 — additional reference: Prontuário Terapêutico do INFARMED (11th ed., 2012)",publicado,
furosemida_sulfato_magnesio,furosemida,sulfato_magnesio,moderate,Furosemida + magnésio: a furosemida aumenta a perda renal de magnésio.,Furosemide + magnesium: furosemide increases renal magnesium loss.,"Os diuréticos de ansa aumentam a excreção urinária de magnésio; a suplementação corrige o défice, mas exige monitorização.",Loop diuretics increase urinary magnesium excretion; supplementation corrects the deficit but requires monitoring.,Monitorizar magnésio sérico durante a suplementação em doentes a diuréticos.,Monitor serum magnesium during supplementation in patients on diuretics.,Magnésio sérico e função renal.,Serum magnesium and renal function.,"Fraqueza, cãibras, arritmias.","Weakness, cramps, arrhythmias.","DailyMed (FDA) — rótulo aprovado Furosemida: https://dailymed.nlm.nih.gov/dailymed/drugInfo.cfm?setid=6d9caaab-d874-4cf1-b9fe-408452a18998 ; rótulo aprovado Sulfato de magnésio: https://dailymed.nlm.nih.gov/dailymed/drugInfo.cfm?setid=a5a9f565-639c-4b22-b9e5-718bac7cfcf3 — referência adicional: Prontuário Terapêutico do INFARMED (11.ª ed., 2012)","DailyMed (FDA) — approved Furosemide label: https://dailymed.nlm.nih.gov/dailymed/drugInfo.cfm?setid=6d9caaab-d874-4cf1-b9fe-408452a18998 ; approved Magnesium sulfate label: https://dailymed.nlm.nih.gov/dailymed/drugInfo.cfm?setid=a5a9f565-639c-4b22-b9e5-718bac7cfcf3 — additional reference: Prontuário Terapêutico do INFARMED (11th ed., 2012)",publicado,
furosemida_tobramicina,furosemida,tobramicina,moderate,"A associação de Tobramicina com Furosemida aumenta o risco de ototoxicidade e nefrotoxicidade, por efeito aditivo sobre o ouvido interno e o rim.",Combining Tobramycin with Furosemide increases the risk of ototoxicity and nephrotoxicity through an additive effect on the inner ear and the kidney.,"A Tobramicina (aminoglicosídeo) e a Furosemida (diurético de ansa) partilham toxicidade coclear/vestibular e renal; a administração conjunta soma os efeitos, com risco acrescido em doentes com função renal comprometida.","Tobramycin (aminoglycoside) and Furosemide (loop diuretic) share cochlear/vestibular and renal toxicity; combined use sums these effects, with greater risk when renal function is impaired.","Evitar a associação; se inevitável, reduzir a duração, otimizar hidratação e ajustar doses à função renal.","Avoid the combination; if unavoidable, shorten the course, optimize hydration and adjust doses to renal function.","Monitorizar função renal, diurese, eletrólitos e sinais de ototoxicidade; doseamentos séricos da tobramicina se indicado.","Monitor renal function, diuresis, electrolytes and ototoxicity signs; tobramycin serum levels when indicated.","Zumbidos, vertigens, hipoacusia ou piora renal impõem suspensão e reavaliação imediata.","Tinnitus, vertigo, hearing loss or worsening renal function require prompt discontinuation and reassessment.","DailyMed/FDA (NIH/NLM) — rótulo aprovado Tobramicina: https://dailymed.nlm.nih.gov/dailymed/drugInfo.cfm?setid=c4751a4f-c9c1-60c5-e053-2995a90aeba9 ; rótulo aprovado Furosemida: https://dailymed.nlm.nih.gov/dailymed/drugInfo.cfm?setid=7cdcd001-ab4b-4210-a455-2e17a7bc4972 — com referência adicional: Prontuário Terapêutico do INFARMED (11.ª ed., 2012)","DailyMed/FDA (NIH/NLM) — approved Tobramycin label: https://dailymed.nlm.nih.gov/dailymed/drugInfo.cfm?setid=c4751a4f-c9c1-60c5-e053-2995a90aeba9 ; approved Furosemide label: https://dailymed.nlm.nih.gov/dailymed/drugInfo.cfm?setid=7cdcd001-ab4b-4210-a455-2e17a7bc4972 — with additional reference: Prontuário Terapêutico do INFARMED, INFARMED (11th ed., 2012)",publicado,2026-08-04
gentamicina_sulfato_magnesio,gentamicina,sulfato_magnesio,moderate,Aminoglicosídeo + magnésio: risco de bloqueio neuromuscular e nefrotoxicidade aditiva.,Aminoglycoside + magnesium: risk of neuromuscular blockade and additive nephrotoxicity.,O sulfato de magnésio pode potenciar o bloqueio neuromuscular dos aminoglicosídeos; ambos podem afetar a função renal.,Magnesium sulfate may potentiate aminoglycoside neuromuscular blockade; both may affect renal function.,Monitorizar função renal e sinais de fraqueza muscular durante a administração conjunta.,Monitor renal function and signs of muscle weakness during co-administration.,"Função renal, magnésio, sinais neurológicos.","Renal function, magnesium, neurological signs.","Fraqueza, depressão respiratória, aumento da creatinina.","Weakness, respiratory depression, rising creatinine.","DailyMed (FDA) — rótulo aprovado Gentamicina: https://dailymed.nlm.nih.gov/dailymed/drugInfo.cfm?setid=977180b3-a222-4282-d485-4a3217674305 ; rótulo aprovado Sulfato de magnésio: https://dailymed.nlm.nih.gov/dailymed/drugInfo.cfm?setid=a5a9f565-639c-4b22-b9e5-718bac7cfcf3 — referência adicional: Prontuário Terapêutico do INFARMED (11.ª ed., 2012)","DailyMed (FDA) — approved Gentamicin label: https://dailymed.nlm.nih.gov/dailymed/drugInfo.cfm?setid=977180b3-a222-4282-d485-4a3217674305 ; approved Magnesium sulfate label: https://dailymed.nlm.nih.gov/dailymed/drugInfo.cfm?setid=a5a9f565-639c-4b22-b9e5-718bac7cfcf3 — additional reference: Prontuário Terapêutico do INFARMED (11th ed., 2012)",publicado,
gentamicina_vancomicina,gentamicina,vancomicina,moderate,"A associação de Gentamicina com Vancomicina aumenta significativamente o risco de nefrotoxicidade e ototoxicidade, com efeito aditivo sobre o rim e o VIII par craniano.","Combining Gentamicin with Vancomycin significantly increases the risk of nephrotoxicity and ototoxicity, with an additive effect on the kidney and the eighth cranial nerve.","A Vancomicina e os aminoglicosídeos são nefro- e ototóxicos; a co-administração potencia a lesão tubular renal e auditiva, risco bem documentado sobretudo em doentes críticos ou com função renal comprometida.","Vancomycin and aminoglycosides are nephrotoxic and ototoxic; co-administration potentiates renal tubular and auditory injury, a well-documented risk particularly in critically ill patients or those with renal impairment.","Evitar quando possível; se a associação for clinicamente necessária, minimizar a duração, garantir hidratação e ajustar doses à função renal.","Avoid when possible; if clinically necessary, minimize duration, ensure hydration and adjust doses to renal function.","Monitorizar estreitamente a função renal, os níveis séricos de vancomicina e da gentamicina, o débito urinário e sinais de ototoxicidade.","Closely monitor renal function, vancomycin and gentamicin serum levels, urine output and signs of ototoxicity.","Elevação da creatinina, oligúria, zumbidos, vertigens ou hipoacusia exigem reavaliação imediata da terapêutica.","Rising creatinine, oliguria, tinnitus, vertigo or hearing loss require immediate reassessment of therapy.","DailyMed/FDA (NIH/NLM) — rótulo aprovado Gentamicina: https://dailymed.nlm.nih.gov/dailymed/drugInfo.cfm?setid=441b6232-bb60-40ad-85ec-7c41ba43fd5f ; rótulo aprovado Vancomicina: https://dailymed.nlm.nih.gov/dailymed/drugInfo.cfm?setid=b01aaa02-8f1d-4b57-96a5-337503428af1 — com referência adicional: Prontuário Terapêutico do INFARMED (11.ª ed., 2012)","DailyMed/FDA (NIH/NLM) — approved Gentamicin label: https://dailymed.nlm.nih.gov/dailymed/drugInfo.cfm?setid=441b6232-bb60-40ad-85ec-7c41ba43fd5f ; approved Vancomycin label: https://dailymed.nlm.nih.gov/dailymed/drugInfo.cfm?setid=b01aaa02-8f1d-4b57-96a5-337503428af1 — with additional reference: Prontuário Terapêutico do INFARMED, INFARMED (11th ed., 2012)",publicado,2026-08-04
glibenclamida_metformina,glibenclamida,metformina,minor,Hipoglicemia. A associação de dois antidiabéticos orais exige ajuste e vigilância; não é contraindicada.,Hypoglycaemia. Combining two oral antidiabetics requires dose adjustment and surveillance; not contraindicated.,Efeito hipoglicemiante aditivo: a sulfonilureia estimula a insulina e a metformina reduz a produção hepática de glicose.,Additive glucose-lowering effect: the sulfonylurea stimulates insulin and metformin reduces hepatic glucose output.,Iniciar a sulfonilureia em dose baixa e ajustar conforme as glicemias.,Start the sulfonylurea at a low dose and titrate on glucose readings.,Glicemia capilar e sinais de hipoglicemia.,Capillary glucose and hypoglycaemia signs.,"Tremor, sudação, confusão, palidez — sinais de hipoglicemia.","Tremor, sweating, confusion, pallor — signs of hypoglycaemia.",DailyMed/FDA (NIH/NLM) — rótulo aprovado Glibenclamida: https://dailymed.nlm.nih.gov/dailymed/drugInfo.cfm?setid=524eec41-37ee-419a-b7a1-d23e888ae6ab ; rótulo aprovado Metformina: https://dailymed.nlm.nih.gov/dailymed/drugInfo.cfm?setid=13b1e35f-d047-8ddc-e063-6394a90a24dd,DailyMed/FDA (NIH/NLM) — approved Glibenclamide label: https://dailymed.nlm.nih.gov/dailymed/drugInfo.cfm?setid=524eec41-37ee-419a-b7a1-d23e888ae6ab ; approved Metformin label: https://dailymed.nlm.nih.gov/dailymed/drugInfo.cfm?setid=13b1e35f-d047-8ddc-e063-6394a90a24dd,publicado,2026-02-10
glibenclamida_voriconazol,glibenclamida,voriconazol,moderate,"O Voriconazol potencia o efeito da Glibenclamida, com risco de hipoglicemia.","Voriconazole potentiates the effect of Glyburide (Glibenclamide), with a risk of hypoglycaemia.","Inibição do CYP2C9 pelo voriconazol, reduzindo o metabolismo da glibenclamida.",CYP2C9 inhibition by voriconazole reduces glibenclamide metabolism.,Monitorizar a glicemia; pode ser necessário reduzir a dose da sulfonilureia.,Monitor blood glucose; a sulfonylurea dose reduction may be needed.,"Glicemia capilar, sintomas de hipoglicemia.","Capillary glucose, hypoglycaemia symptoms.",Hipoglicemia grave.,Severe hypoglycaemia.,"DailyMed/FDA (NIH/NLM) — rótulo aprovado Voriconazol: https://dailymed.nlm.nih.gov/dailymed/drugInfo.cfm?setid=f6a1a792-141b-42e8-8bd1-884e4408eb8a ; rótulo aprovado Glibenclamida: https://dailymed.nlm.nih.gov/dailymed/drugInfo.cfm?setid=524eec41-37ee-419a-b7a1-d23e888ae6ab — com referência adicional: Prontuário Terapêutico do INFARMED (11.ª ed., 2012)","DailyMed/FDA (NIH/NLM) — approved Voriconazole label: https://dailymed.nlm.nih.gov/dailymed/drugInfo.cfm?setid=f6a1a792-141b-42e8-8bd1-884e4408eb8a ; approved Glyburide (Glibenclamide) label: https://dailymed.nlm.nih.gov/dailymed/drugInfo.cfm?setid=524eec41-37ee-419a-b7a1-d23e888ae6ab — with additional reference: Prontuário Terapêutico do INFARMED, INFARMED (11th ed., 2012)",publicado,2026-08-04
haloperidol_litio,haloperidol,litio,moderate,A associação de Haloperidol com Lítio aumenta o risco de neurotoxicidade e de sintomas extrapiramidais graves.,Combining Haloperidol with Lithium increases the risk of neurotoxicity and severe extrapyramidal symptoms.,"A co-administração de antipsicóticos e Lítio pode produzir encefalopatia, confusão e síndrome extrapiramidal, sobretudo com doses elevadas.","Co-administration of antipsychotics and Lithium can produce encephalopathy, confusion and extrapyramidal syndrome, especially at high doses.",Usar doses prudentes de ambos e monitorizar o aparecimento de sinais neurológicos.,Use cautious doses of both and monitor for the onset of neurological signs.,"Confusão, rigidez, tremor ou sinais de síndrome neuroléptico maligno exigem suspensão e avaliação urgente.","Confusion, rigidity, tremor or signs of neuroleptic malignant syndrome require discontinuation and urgent evaluation.","Confusão, rigidez, tremor ou febre exigem suspensão e avaliação urgente.","Confusion, rigidity, tremor or fever require discontinuation and urgent evaluation.","DailyMed/FDA (NIH/NLM) — rótulo aprovado Haloperidol: https://dailymed.nlm.nih.gov/dailymed/drugInfo.cfm?setid=e2eed126-cb82-42b1-9b48-9cbeb6873b50 ; rótulo aprovado Lítio: https://dailymed.nlm.nih.gov/dailymed/drugInfo.cfm?setid=0e6b0a2d-b79c-44d8-b785-5267df9e8f72 — com referência adicional: Prontuário Terapêutico do INFARMED (11.ª ed., 2012)","DailyMed/FDA (NIH/NLM) — approved Haloperidol label: https://dailymed.nlm.nih.gov/dailymed/drugInfo.cfm?setid=e2eed126-cb82-42b1-9b48-9cbeb6873b50 ; approved Lithium label: https://dailymed.nlm.nih.gov/dailymed/drugInfo.cfm?setid=0e6b0a2d-b79c-44d8-b785-5267df9e8f72 — with additional reference: Prontuário Terapêutico do INFARMED, INFARMED (11th ed., 2012)",publicado,2026-08-04
hidroclorotiazida_litio,hidroclorotiazida,litio,moderate,"A associação de Lítio com Hidroclorotiazida aumenta as concentrações séricas de Lítio, com risco de toxicidade.","Combining Lithium with Hydrochlorothiazide increases serum Lithium concentrations, with a risk of toxicity.","Os diuréticos tiazídicos reduzem a excreção renal de Lítio (aumento de reabsorção tubular), elevando os seus níveis séricos.","Thiazide diuretics reduce the renal excretion of Lithium (increased tubular reabsorption), raising its serum levels.","Evitar a associação sempre que possível; se necessária, monitorizar de perto os níveis de Lítio e a função renal.","Avoid the combination whenever possible; if needed, closely monitor Lithium levels and renal function.",Doseamentos frequentes de Lítio e de eletrólitos/creatinina.,Frequent Lithium levels and electrolyte/creatinine checks.,"Sinais de intoxicação por Lítio (confusão, tremor, vómitos, convulsões) exigem suspensão e avaliação urgente.","Signs of Lithium toxicity (confusion, tremor, vomiting, seizures) require discontinuation and urgent evaluation.","DailyMed/FDA (NIH/NLM) — rótulo aprovado Lítio: https://dailymed.nlm.nih.gov/dailymed/drugInfo.cfm?setid=0e6b0a2d-b79c-44d8-b785-5267df9e8f72 ; rótulo aprovado Hidroclorotiazida: https://dailymed.nlm.nih.gov/dailymed/drugInfo.cfm?setid=0789baef-3424-43ab-a3fb-4908172da565 — com referência adicional: Prontuário Terapêutico do INFARMED (11.ª ed., 2012)","DailyMed/FDA (NIH/NLM) — approved Lithium label: https://dailymed.nlm.nih.gov/dailymed/drugInfo.cfm?setid=0e6b0a2d-b79c-44d8-b785-5267df9e8f72 ; approved Hydrochlorothiazide label: https://dailymed.nlm.nih.gov/dailymed/drugInfo.cfm?setid=0789baef-3424-43ab-a3fb-4908172da565 — with additional reference: Prontuário Terapêutico do INFARMED, INFARMED (11th ed., 2012)",publicado,2026-08-04
hidroclorotiazida_prednisolona,hidroclorotiazida,prednisolona,moderate,Corticosteroide + tiazida: hipocaliemia e hiperglicemia aditivas.,Corticosteroid + thiazide: additive hypokalaemia and hyperglycaemia.,Ambos favorecem a perda de potássio e a elevação da glicemia.,Both promote potassium loss and raised blood glucose.,Monitorizar potássio e glicemia; ajustar terapêutica se necessário.,Monitor potassium and blood glucose; adjust therapy if needed.,"Potássio, glicemia e tensão arterial.","Potassium, blood glucose and blood pressure.","Fraqueza, cãibras, poliúria, descompensação glicémica.","Weakness, cramps, polyuria, glycaemic decompensation.","DailyMed (FDA) — rótulo aprovado Prednisolona: https://dailymed.nlm.nih.gov/dailymed/drugInfo.cfm?setid=52e6e21d-94b8-41a0-8d13-371c0e66bcee ; rótulo aprovado Hidroclorotiazida: https://dailymed.nlm.nih.gov/dailymed/drugInfo.cfm?setid=0789baef-3424-43ab-a3fb-4908172da565 — referência adicional: Prontuário Terapêutico do INFARMED (11.ª ed., 2012)","DailyMed (FDA) — approved Prednisolone label: https://dailymed.nlm.nih.gov/dailymed/drugInfo.cfm?setid=52e6e21d-94b8-41a0-8d13-371c0e66bcee ; approved Hydrochlorothiazide label: https://dailymed.nlm.nih.gov/dailymed/drugInfo.cfm?setid=0789baef-3424-43ab-a3fb-4908172da565 — additional reference: Prontuário Terapêutico do INFARMED (11th ed., 2012)",publicado,
hidroclorotiazida_sotalol,hidroclorotiazida,sotalol,critical,A hipocalemia induzida pela hidroclorotiazida aumenta o risco de torsades com sotalol.,Thiazide-induced hypokalaemia raises the risk of torsades with sotalol.,O diurético tiazídico depleta potássio e amplia o prolongamento do QT do sotalol.,The thiazide depletes potassium and amplifies sotalol's QT prolongation.,Monitorizar potássio e ECG; corrigir hipocalemia antes.,Monitor potassium and ECG; correct the hypokalaemia first.,"Potássio, magnésio, ECG (QT).","Potassium, magnesium, ECG (QT).",Arritmia ventricular ou síncope.,Ventricular arrhythmia or syncope.,"DailyMed (FDA) — rótulo aprovado Sotalol: https://dailymed.nlm.nih.gov/dailymed/drugInfo.cfm?setid=9a36d95c-6e93-4e57-befe-b5274f359244 ; rótulo aprovado Hidroclorotiazida: https://dailymed.nlm.nih.gov/dailymed/drugInfo.cfm?setid=0789baef-3424-43ab-a3fb-4908172da565 — referência adicional: Prontuário Terapêutico do INFARMED (11.ª ed., 2012)","DailyMed (FDA) — approved Sotalol label: https://dailymed.nlm.nih.gov/dailymed/drugInfo.cfm?setid=9a36d95c-6e93-4e57-befe-b5274f359244 ; approved Hydrochlorothiazide label: https://dailymed.nlm.nih.gov/dailymed/drugInfo.cfm?setid=0789baef-3424-43ab-a3fb-4908172da565 — additional reference: Prontuário Terapêutico do INFARMED (11th ed., 2012)",publicado,
hidroxicloroquina_metformina,hidroxicloroquina,metformina,moderate,Efeito hipoglicemiante aditivo — risco acrescido de hipoglicemia em doentes diabéticos.,Additive hypoglycaemic effect — higher risk of hypoglycaemia in diabetic patients.,"A Hidroxicloroquina melhora a sensibilidade à insulina, potenciando o efeito da Metformina.","Hydroxychloroquine improves insulin sensitivity, enhancing the Metformin effect.",Monitorizar a glicemia e ajustar a dose do antidiabético se necessário.,Monitor glycaemia and adjust the antidiabetic dose if needed.,"Glicemia capilar, HbA1c e sintomas de hipoglicemia.","Capillary glucose, HbA1c and hypoglycaemia symptoms.","Sudorese, tremor, confusão, desmaios.","Sweating, tremor, confusion, fainting.",DailyMed/FDA (NIH/NLM) — rótulo aprovado Hidroxicloroquina: https://dailymed.nlm.nih.gov/dailymed/drugInfo.cfm?setid=34496b43-05a2-45fb-a769-52b12e099341 ; rótulo aprovado Metformina: https://dailymed.nlm.nih.gov/dailymed/drugInfo.cfm?setid=13b1e35f-d047-8ddc-e063-6394a90a24dd,DailyMed/FDA (NIH/NLM) — approved Hydroxychloroquine label: https://dailymed.nlm.nih.gov/dailymed/drugInfo.cfm?setid=34496b43-05a2-45fb-a769-52b12e099341 ; approved Metformin label: https://dailymed.nlm.nih.gov/dailymed/drugInfo.cfm?setid=13b1e35f-d047-8ddc-e063-6394a90a24dd,publicado,2026-08-03
hidroxicloroquina_warfarina,hidroxicloroquina,warfarina,moderate,A Hidroxicloroquina pode aumentar o efeito da Warfarina — risco hemorrágico.,Hydroxychloroquine may increase the effect of Warfarin — bleeding risk.,Possível inibição do metabolismo da Warfarina (CYP2C9).,Possible inhibition of Warfarin metabolism (CYP2C9).,Monitorizar o INR ao iniciar/parar e ajustar a dose.,Monitor the INR on starting/stopping and adjust the dose.,INR e sinais de hemorragia.,INR and signs of bleeding.,"Hemorragia, equimoses, fezes escuras.","Bleeding, bruising, dark stools.",DailyMed/FDA (NIH/NLM) — rótulo aprovado Hidroxicloroquina: https://dailymed.nlm.nih.gov/dailymed/drugInfo.cfm?setid=34496b43-05a2-45fb-a769-52b12e099341 ; rótulo aprovado Warfarina: https://dailymed.nlm.nih.gov/dailymed/drugInfo.cfm?setid=541c9a70-adaf-4ef3-94ba-ad4e70dfa057,DailyMed/FDA (NIH/NLM) — approved Hydroxychloroquine label: https://dailymed.nlm.nih.gov/dailymed/drugInfo.cfm?setid=34496b43-05a2-45fb-a769-52b12e099341 ; approved Warfarin label: https://dailymed.nlm.nih.gov/dailymed/drugInfo.cfm?setid=541c9a70-adaf-4ef3-94ba-ad4e70dfa057,publicado,2026-08-03
ibuprofeno_levofloxacina,ibuprofeno,levofloxacina,moderate,"A associação de Levofloxacina com Ibuprofeno (AINE) aumenta o risco de convulsões, pela redução do limiar convulsivo.",Combining Levofloxacin with Ibuprofen (NSAID) increases the risk of seizures by lowering the seizure threshold.,"Os AINEs e as quinolonas podem reduzir o limiar convulsivo (interferência central, nomeadamente com o GABA); a co-administração soma o efeito e aumenta o risco de convulsões, sobretudo em doentes com epilepsia ou predisposição.","NSAIDs and quinolones may lower the seizure threshold (central interference, notably with GABA); combined use adds these effects and increases the seizure risk, especially in patients with epilepsy or predisposition.","Preferir um antibiótico alternativo em doentes com epilepsia/história convulsiva; se a associação for necessária, vigiar muito de perto.","Prefer an alternative antibiotic in patients with epilepsy/a history of seizures; if the combination is necessary, monitor very closely.","Vigiar sintomas neurológicos (tonturas, tremores, alterações do comportamento) e sinais prodrómicos de convulsão.","Watch for neurological symptoms (dizziness, tremor, behavioral changes) and prodromal seizure signs.",Qualquer convulsão ou suspeita exige a suspensão e avaliação neurológica urgente.,Any seizure or suspicion thereof requires discontinuation and urgent neurological evaluation.,"DailyMed/FDA (NIH/NLM) — rótulo aprovado Levofloxacina: https://dailymed.nlm.nih.gov/dailymed/drugInfo.cfm?setid=5c6c117c-9d91-48f4-9aaa-ee70b99218c2 ; rótulo aprovado Ibuprofeno: https://dailymed.nlm.nih.gov/dailymed/drugInfo.cfm?setid=14515409-736f-4119-b6a0-cb19ee2e948e — com referência adicional: Prontuário Terapêutico do INFARMED (11.ª ed., 2012)","DailyMed/FDA (NIH/NLM) — approved Levofloxacin label: https://dailymed.nlm.nih.gov/dailymed/drugInfo.cfm?setid=5c6c117c-9d91-48f4-9aaa-ee70b99218c2 ; approved Ibuprofen label: https://dailymed.nlm.nih.gov/dailymed/drugInfo.cfm?setid=14515409-736f-4119-b6a0-cb19ee2e948e — with additional reference: Prontuário Terapêutico do INFARMED, INFARMED (11th ed., 2012)",publicado,2026-08-04
ibuprofeno_litio,ibuprofeno,litio,moderate,"A associação de Lítio com Ibuprofeno aumenta as concentrações séricas de Lítio, com risco de toxicidade.","Combining Lithium with Ibuprofen increases serum Lithium concentrations, with a risk of toxicity.","Os anti-inflamatórios não esteroides, como o Ibuprofeno, reduzem a excreção renal de Lítio, elevando os seus níveis.","Non-steroidal anti-inflammatory drugs such as Ibuprofen reduce the renal excretion of Lithium, raising its levels.","Evitar AINEs em doentes medicados com Lítio; se inevitável, usar a menor dose e vigiar os níveis de Lítio.","Avoid NSAIDs in patients taking Lithium; if unavoidable, use the lowest dose and monitor Lithium levels.",Doseamentos de Lítio após introdução ou ajuste do AINE.,Lithium levels after starting or adjusting the NSAID.,"Confusão, tremor grosseiro, ataxia, vómitos, diarreia ou convulsões sugerem intoxicação por Lítio e exigem avaliação urgente.","Confusion, coarse tremor, ataxia, vomiting, diarrhoea or seizures suggest Lithium toxicity and require urgent evaluation.","DailyMed/FDA (NIH/NLM) — rótulo aprovado Lítio: https://dailymed.nlm.nih.gov/dailymed/drugInfo.cfm?setid=0e6b0a2d-b79c-44d8-b785-5267df9e8f72 ; rótulo aprovado Ibuprofeno: https://dailymed.nlm.nih.gov/dailymed/drugInfo.cfm?setid=14515409-736f-4119-b6a0-cb19ee2e948e — com referência adicional: Prontuário Terapêutico do INFARMED (11.ª ed., 2012)","DailyMed/FDA (NIH/NLM) — approved Lithium label: https://dailymed.nlm.nih.gov/dailymed/drugInfo.cfm?setid=0e6b0a2d-b79c-44d8-b785-5267df9e8f72 ; approved Ibuprofen label: https://dailymed.nlm.nih.gov/dailymed/drugInfo.cfm?setid=14515409-736f-4119-b6a0-cb19ee2e948e — with additional reference: Prontuário Terapêutico do INFARMED, INFARMED (11th ed., 2012)",publicado,2026-08-04
ibuprofeno_metotrexato,ibuprofeno,metotrexato,moderate,AINE + metotrexato: redução da depuração renal e aumento da toxicidade do MTX.,NSAID + methotrexate: reduced renal clearance and increased MTX toxicity.,"Os AINE inibem a excreção renal do metotrexato, elevando as suas concentrações séricas.","NSAIDs inhibit renal excretion of methotrexate, raising serum concentrations.","Evitar AINE em doentes em metotrexato; se necessário, preferir paracetamol e monitorizar.","Avoid NSAIDs in patients on methotrexate; if needed, prefer paracetamol and monitor.",Hemograma e função renal; sinais clínicos de toxicidade do MTX.,Full blood count and renal function; clinical signs of MTX toxicity.,"Úlceras orais, mielossupressão, hepatotoxicidade.","Oral ulcers, marrow suppression, hepatotoxicity.","DailyMed (FDA) — rótulo aprovado Metotrexato: https://dailymed.nlm.nih.gov/dailymed/drugInfo.cfm?setid=757d6cef-6696-7a1c-8074-01258aaa8bdd ; rótulo aprovado Ibuprofeno: https://dailymed.nlm.nih.gov/dailymed/drugInfo.cfm?setid=291602fa-8ebe-4200-bba7-9798c90f8a50 — referência adicional: Prontuário Terapêutico do INFARMED (11.ª ed., 2012)","DailyMed (FDA) — approved Methotrexate label: https://dailymed.nlm.nih.gov/dailymed/drugInfo.cfm?setid=757d6cef-6696-7a1c-8074-01258aaa8bdd ; approved Ibuprofen label: https://dailymed.nlm.nih.gov/dailymed/drugInfo.cfm?setid=291602fa-8ebe-4200-bba7-9798c90f8a50 — additional reference: Prontuário Terapêutico do INFARMED (11th ed., 2012)",publicado,
ibuprofeno_naproxeno,ibuprofeno,naproxeno,moderate,Dois AINE em simultâneo: sem benefício adicional e com maior risco GI/renal.,Two NSAIDs together: no added benefit and increased GI/renal risk.,"Efeitos aditivos na mucosa gástrica, na função renal e na agregação plaquetária.","Additive effects on gastric mucosa, renal function and platelet aggregation.",Não combinar AINE; usar um único AINE à menor dose eficaz.,Do not combine NSAIDs; use a single NSAID at the lowest effective dose.,Função renal e sinais de intolerância gastrointestinal em doentes de risco.,Renal function and GI intolerance signs in at-risk patients.,"Dispepsia, dor epigástrica, oligúria, edema.","Dyspepsia, epigastric pain, oliguria, oedema.","DailyMed (FDA) — rótulo aprovado Naproxeno: https://dailymed.nlm.nih.gov/dailymed/drugInfo.cfm?setid=24d44eb6-921e-4150-a6b2-81f42ced32ab ; rótulo aprovado Ibuprofeno: https://dailymed.nlm.nih.gov/dailymed/drugInfo.cfm?setid=291602fa-8ebe-4200-bba7-9798c90f8a50 — referência adicional: Prontuário Terapêutico do INFARMED (11.ª ed., 2012)","DailyMed (FDA) — approved Naproxen label: https://dailymed.nlm.nih.gov/dailymed/drugInfo.cfm?setid=24d44eb6-921e-4150-a6b2-81f42ced32ab ; approved Ibuprofen label: https://dailymed.nlm.nih.gov/dailymed/drugInfo.cfm?setid=291602fa-8ebe-4200-bba7-9798c90f8a50 — additional reference: Prontuário Terapêutico do INFARMED (11th ed., 2012)",publicado,
ibuprofeno_paracetamol,ibuprofeno,paracetamol,moderate,Risco acrescido de lesão renal e sintomas gastrointestinais com uso prolongado ou em doses elevadas dos dois analgésicos. Em doses habituais e de curto prazo é geralmente bem tolerada.,Increased risk of renal injury and gastrointestinal symptoms with prolonged use or high doses of both analgesics. At usual short-term doses it is generally well tolerated.,Efeitos aditivos: o Ibuprofeno inibe a síntese renal de prostaglandinas; em uso crónico soma-se a carga sobre a função renal. A associação em doses terapêuticas não potencia a hepatotoxicidade do Paracetamol.,Additive effects: Ibuprofen inhibits renal prostaglandin synthesis and chronic use adds renal load. At therapeutic doses the combination does not potentiate paracetamol hepatotoxicity.,"Usar as menores doses eficazes pelo menor tempo necessário. Dar preferência a um único analgésico. Em doentes com doença renal, hipertensão ou idade avançada, reforçar a vigilância.","Use the lowest effective doses for the shortest time. Prefer a single analgesic. In patients with renal disease, hypertension or older age, reinforce monitoring.",Função renal e sinais de toxicidade em doentes de risco ou em uso prolongado. Evitar a combinação em crianças sem dose ajustada por peso.,Renal function and signs of toxicity in at-risk patients or prolonged use. Avoid the combination in children without weight-adjusted dosing.,"Dor lombar de novo, edema, redução do débito urinário, elevação da tensão arterial.","New flank pain, oedema, reduced urine output, rising blood pressure.",DailyMed/FDA (NIH/NLM) — rótulo aprovado Paracetamol: https://dailymed.nlm.nih.gov/dailymed/drugInfo.cfm?setid=4c737cd6-fe56-4cef-887c-cd6cf83b254c ; rótulo aprovado Ibuprofeno: https://dailymed.nlm.nih.gov/dailymed/drugInfo.cfm?setid=14515409-736f-4119-b6a0-cb19ee2e948e,DailyMed/FDA (NIH/NLM) — approved Paracetamol label: https://dailymed.nlm.nih.gov/dailymed/drugInfo.cfm?setid=4c737cd6-fe56-4cef-887c-cd6cf83b254c ; approved Ibuprofen label: https://dailymed.nlm.nih.gov/dailymed/drugInfo.cfm?setid=14515409-736f-4119-b6a0-cb19ee2e948e,publicado,2026-08-02
ibuprofeno_prednisolona,ibuprofeno,prednisolona,moderate,Risco hemorrágico gastrointestinal acrescido pela associação de corticoide com AINE.,Increased gastrointestinal bleeding risk with corticosteroid plus NSAID.,Efeitos lesivos na mucosa gástrica somados (redução de prostaglandinas protetoras).,Additive gastric mucosal injury (reduced protective prostaglandins).,Considerar proteção gástrica (IBP) se a associação for inevitável; usar as menores doses eficazes.,Consider gastric protection (PPI) if the combination is unavoidable; use the lowest effective doses.,Vigiar sintomas dispépticos e sangue oculto nas fezes.,Watch for dyspepsia and occult blood in stool.,"Dor abdominal intensa, melenas, hematemeses.","Severe abdominal pain, melaena, haematemesis.",DailyMed/FDA (NIH/NLM) — rótulo aprovado Ibuprofeno: https://dailymed.nlm.nih.gov/dailymed/drugInfo.cfm?setid=14515409-736f-4119-b6a0-cb19ee2e948e ; rótulo aprovado Prednisolona: https://dailymed.nlm.nih.gov/dailymed/drugInfo.cfm?setid=52e6e21d-94b8-41a0-8d13-371c0e66bcee,DailyMed/FDA (NIH/NLM) — approved Ibuprofen label: https://dailymed.nlm.nih.gov/dailymed/drugInfo.cfm?setid=14515409-736f-4119-b6a0-cb19ee2e948e ; approved Prednisolone label: https://dailymed.nlm.nih.gov/dailymed/drugInfo.cfm?setid=52e6e21d-94b8-41a0-8d13-371c0e66bcee,publicado,2026-03-15
ibuprofeno_rivaroxabano,ibuprofeno,rivaroxabano,moderate,O ibuprofeno aumenta o risco hemorrágico com rivaroxabano.,Ibuprofen increases the bleeding risk with rivaroxaban.,Efeito antiagregante e gastroirritativo do ibuprofeno adiciona-se ao efeito do rivaroxabano.,Ibuprofen's antiplatelet and gastro-irritative effect adds to rivaroxaban.,Evitar AINE de forma prolongada; usar a menor dose e a menor duração.,Avoid long-term NSAIDs; use the lowest dose for the shortest duration.,Vigiar sinais de hemorragia gastrointestinal.,Monitor for GI bleeding signs.,"Melenas, hematemeses, dor abdominal com anemia.","Melaena, haematemesis, abdominal pain with anaemia.","DailyMed (FDA) — rótulo aprovado Rivaroxabano: https://dailymed.nlm.nih.gov/dailymed/drugInfo.cfm?setid=481b7802-5093-43e7-bbd9-1532197eb6e6 ; rótulo aprovado Ibuprofeno: https://dailymed.nlm.nih.gov/dailymed/drugInfo.cfm?setid=291602fa-8ebe-4200-bba7-9798c90f8a50 — referência adicional: Prontuário Terapêutico do INFARMED (11.ª ed., 2012)","DailyMed (FDA) — approved Rivaroxaban label: https://dailymed.nlm.nih.gov/dailymed/drugInfo.cfm?setid=481b7802-5093-43e7-bbd9-1532197eb6e6 ; approved Ibuprofen label: https://dailymed.nlm.nih.gov/dailymed/drugInfo.cfm?setid=291602fa-8ebe-4200-bba7-9798c90f8a50 — additional reference: Prontuário Terapêutico do INFARMED (11th ed., 2012)",publicado,
ibuprofeno_warfarina,ibuprofeno,warfarina,critical,Risco hemorrágico grave. Os AINE (Ibuprofeno) aumentam o risco de hemorragia gastrointestinal e potenciam o efeito anticoagulante da Warfarina.,Severe bleeding risk. NSAIDs (Ibuprofen) increase gastrointestinal bleeding and potentiate the anticoagulant effect of Warfarin.,Lesão da mucosa gástrica + inibição plaquetária + deslocação da Warfarina da albumina.,Gastric mucosal injury + platelet inhibition + displacement of Warfarin from albumin.,"Evitar a associação. Usar Paracetamol; se um AINE for indispensável, avaliar proteção gástrica e INR apertado.","Avoid the combination. Use Paracetamol; if an NSAID is essential, consider gastric protection and strict INR.",INR e vigilância de sinais hemorrágicos; hemograma se suspeita de perda oculta.,INR and bleeding surveillance; FBC if occult loss is suspected.,"Hematemeses, melenas, sangue nas fezes, hematomas extensos.","Haematemesis, melaena, blood in stool, extensive bruising.",DailyMed/FDA (NIH/NLM) — rótulo aprovado Warfarina: https://dailymed.nlm.nih.gov/dailymed/drugInfo.cfm?setid=541c9a70-adaf-4ef3-94ba-ad4e70dfa057 ; rótulo aprovado Ibuprofeno: https://dailymed.nlm.nih.gov/dailymed/drugInfo.cfm?setid=14515409-736f-4119-b6a0-cb19ee2e948e,DailyMed/FDA (NIH/NLM) — approved Warfarin label: https://dailymed.nlm.nih.gov/dailymed/drugInfo.cfm?setid=541c9a70-adaf-4ef3-94ba-ad4e70dfa057 ; approved Ibuprofen label: https://dailymed.nlm.nih.gov/dailymed/drugInfo.cfm?setid=14515409-736f-4119-b6a0-cb19ee2e948e,publicado,2026-04-02
isoniazida_paracetamol,isoniazida,paracetamol,moderate,"A Isoniazida (indutora do CYP2E1) aumenta a formação do metabólito tóxico do Paracetamol — maior risco de hepatotoxicidade, sobretudo em doses altas ou com álcool.","Isoniazid (a CYP2E1 inducer) increases formation of the toxic paracetamol metabolite — higher risk of hepatotoxicity, especially at high doses or with alcohol.",Indução do CYP2E1 com produção aumentada de NAPQI (metabólito hepatotóxico).,CYP2E1 induction with increased NAPQI (hepatotoxic) metabolite production.,Limitar a dose de paracetamol (2 a 3 g por dia) e evitar álcool durante o tratamento.,Limit paracetamol dose (2-3 g/day) and avoid alcohol during treatment.,Função hepática (ALT/AST) em doentes de risco; sinais de hepatite.,Liver function (ALT/AST) in at-risk patients; signs of hepatitis.,"Icterícia, náuseas, dor no hipocôndrio direito.","Jaundice, nausea, right upper quadrant pain.",DailyMed/FDA (NIH/NLM) — rótulo aprovado Isoniazida: https://dailymed.nlm.nih.gov/dailymed/drugInfo.cfm?setid=93252cc8-c8d4-401b-bde5-ca8a3b57651e ; rótulo aprovado Paracetamol: https://dailymed.nlm.nih.gov/dailymed/drugInfo.cfm?setid=bf001b70-6164-1ec9-e053-2a95a90a1274,DailyMed/FDA (NIH/NLM) — approved Isoniazid label: https://dailymed.nlm.nih.gov/dailymed/drugInfo.cfm?setid=93252cc8-c8d4-401b-bde5-ca8a3b57651e ; approved Paracetamol label: https://dailymed.nlm.nih.gov/dailymed/drugInfo.cfm?setid=bf001b70-6164-1ec9-e053-2a95a90a1274,publicado,2026-08-03
isoniazida_sertralina,isoniazida,sertralina,moderate,A Isoniazida tem um efeito inibidor fraco da monoaminoxidase; com ISRS (Sertralina) pode aumentar o risco de síndrome serotoninérgica.,Isoniazid has a weak monoamine oxidase-inhibiting effect; with SSRIs (Sertraline) it may raise the risk of serotonin syndrome.,Inibição fraca da MAO pela isoniazida e inibição da recaptação da serotonina.,Weak MAO inhibition by isoniazid and serotonin reuptake inhibition.,Vigiar sinais serotoninérgicos; usar com precaução.,Watch for serotonergic signs; use with caution.,Sinais de síndrome serotoninérgica.,Signs of serotonin syndrome.,"Agitação, tremor, hipertermia, rigidez, diarreia.","Agitation, tremor, hyperthermia, rigidity, diarrhoea.",DailyMed/FDA (NIH/NLM) — rótulo aprovado Isoniazida: https://dailymed.nlm.nih.gov/dailymed/drugInfo.cfm?setid=93252cc8-c8d4-401b-bde5-ca8a3b57651e ; rótulo aprovado Sertralina: https://dailymed.nlm.nih.gov/dailymed/drugInfo.cfm?setid=61835f25-bfe4-49ac-9dbf-3d6387866e78,DailyMed/FDA (NIH/NLM) — approved Isoniazid label: https://dailymed.nlm.nih.gov/dailymed/drugInfo.cfm?setid=93252cc8-c8d4-401b-bde5-ca8a3b57651e ; approved Sertraline label: https://dailymed.nlm.nih.gov/dailymed/drugInfo.cfm?setid=61835f25-bfe4-49ac-9dbf-3d6387866e78,publicado,2026-08-03
isoniazida_tramadol,isoniazida,tramadol,moderate,A Isoniazida com Tramadol aumenta o risco serotoninérgico e pode baixar o limiar convulsivo.,Isoniazid with Tramadol raises serotonergic risk and may lower the seizure threshold.,Efeito MAO fraco da isoniazida e efeitos serotoninérgicos e convulsivos do tramadol.,Weak MAO effect of isoniazid and serotonergic and seizure effects of tramadol.,"Evitar se possivel; se usados, vigiar sinais de serotonina e convulsoes.","Avoid if possible; if used, watch for serotonin signs and seizures.",Sinais serotoninergicos e neurologicos.,Serotonergic and neurological signs.,"Confusao, tremor, convulsoes, hipertermia.","Confusion, tremor, seizures, hyperthermia.",DailyMed/FDA (NIH/NLM) — rótulo aprovado Isoniazida: https://dailymed.nlm.nih.gov/dailymed/drugInfo.cfm?setid=93252cc8-c8d4-401b-bde5-ca8a3b57651e ; rótulo aprovado Tramadol: https://dailymed.nlm.nih.gov/dailymed/drugInfo.cfm?setid=552955e6-2bb3-8755-e063-6394a90ab21c,DailyMed/FDA (NIH/NLM) — approved Isoniazid label: https://dailymed.nlm.nih.gov/dailymed/drugInfo.cfm?setid=93252cc8-c8d4-401b-bde5-ca8a3b57651e ; approved Tramadol label: https://dailymed.nlm.nih.gov/dailymed/drugInfo.cfm?setid=552955e6-2bb3-8755-e063-6394a90ab21c,publicado,2026-08-03
isoniazida_warfarina,isoniazida,warfarina,moderate,A Isoniazida pode potenciar o efeito da Warfarina — aumento do INR e risco hemorrágico.,Isoniazid may enhance the effect of Warfarin — raised INR and bleeding risk.,"Inibição do CYP2C9, principal via de metabolização da Warfarina.","CYP2C9 inhibition, the main Warfarin metabolic pathway.",Monitorizar o INR ao iniciar/parar a isoniazida e ajustar a dose.,Monitor the INR when starting/stopping isoniazid and adjust the dose.,"INR, sinais de hemorragia.","INR, signs of bleeding.","Hemorragias, equimoses, fezes escuras.","Bleeding, bruising, dark stools.",DailyMed/FDA (NIH/NLM) — rótulo aprovado Isoniazida: https://dailymed.nlm.nih.gov/dailymed/drugInfo.cfm?setid=93252cc8-c8d4-401b-bde5-ca8a3b57651e ; rótulo aprovado Warfarina: https://dailymed.nlm.nih.gov/dailymed/drugInfo.cfm?setid=541c9a70-adaf-4ef3-94ba-ad4e70dfa057,DailyMed/FDA (NIH/NLM) — approved Isoniazid label: https://dailymed.nlm.nih.gov/dailymed/drugInfo.cfm?setid=93252cc8-c8d4-401b-bde5-ca8a3b57651e ; approved Warfarin label: https://dailymed.nlm.nih.gov/dailymed/drugInfo.cfm?setid=541c9a70-adaf-4ef3-94ba-ad4e70dfa057,publicado,2026-08-03
itraconazol_omeprazol,itraconazol,omeprazol,moderate,"O Omeprazol reduz a absorção do Itraconazol por aumentar o pH gástrico, comprometendo a eficácia.","Omeprazole reduces Itraconazole absorption by raising gastric pH, compromising efficacy.",A absorção pH-dependente: a supressão ácida reduz a dissolução do itraconazol no estômago.,pH-dependent absorption: acid suppression reduces itraconazole dissolution in the stomach.,"Separar as tomas, evolit omeprazol por um antiácido de ação curta fora da janela de absorção, ou usar outra classe.","Separate dosing, switch omeprazole to a short-acting antacid outside the dosing window, or use another class.",Resposta clínica ao antifúngico.,Clinical response to the antifungal.,Persistência da infeção fúngica.,Persistent fungal infection.,"DailyMed/FDA (NIH/NLM) — rótulo aprovado Itraconazol: https://dailymed.nlm.nih.gov/dailymed/drugInfo.cfm?setid=a4d555fa-787c-40fb-bb7d-b0d4f7318fd0 ; rótulo aprovado Omeprazol: https://dailymed.nlm.nih.gov/dailymed/drugInfo.cfm?setid=37291cab-e350-d8e3-e063-6294a90a9cb1 — com referência adicional: Prontuário Terapêutico do INFARMED (11.ª ed., 2012)","DailyMed/FDA (NIH/NLM) — approved Itraconazole label: https://dailymed.nlm.nih.gov/dailymed/drugInfo.cfm?setid=a4d555fa-787c-40fb-bb7d-b0d4f7318fd0 ; approved Omeprazole label: https://dailymed.nlm.nih.gov/dailymed/drugInfo.cfm?setid=37291cab-e350-d8e3-e063-6294a90a9cb1 — with additional reference: Prontuário Terapêutico do INFARMED, INFARMED (11th ed., 2012)",publicado,2026-08-04
itraconazol_rifampicina,itraconazol,rifampicina,moderate,"A Rifampicina (indutor do CYP450) reduz acentuadamente as concentrações de Itraconazol, com risco de falência terapêutica antifúngica.","Rifampin (a CYP450 inducer) markedly reduces Itraconazole levels, risking antifungal treatment failure.","Indução enzimática (CYP3A4/glicoproteína-P) pela rifampicina, acelerando a eliminação do itraconazol e reduzindo a sua eficácia.","Enzymatic induction (CYP3A4/P-glycoprotein) by rifampin accelerates itraconazole elimination, reducing efficacy.","Evitar a associação. Se ambos forem necessários, usar antifúngico alternativo e monitorizar a resposta clínica e micológica.","Avoid the combination. If both are needed, use an alternative antifungal and monitor clinical and mycological response.",Resposta clínica ao antifúngico; provas de função hepática.,Clinical response to the antifungal; liver function tests.,Persistência/agravamento da infeção fúngica.,Persistent or worsening fungal infection.,"DailyMed/FDA (NIH/NLM) — rótulo aprovado Itraconazol: https://dailymed.nlm.nih.gov/dailymed/drugInfo.cfm?setid=a4d555fa-787c-40fb-bb7d-b0d4f7318fd0 ; rótulo aprovado Rifampicina: https://dailymed.nlm.nih.gov/dailymed/drugInfo.cfm?setid=b389b1a3-672f-47e3-916c-4a9c044b211b — com referência adicional: Prontuário Terapêutico do INFARMED (11.ª ed., 2012)","DailyMed/FDA (NIH/NLM) — approved Itraconazole label: https://dailymed.nlm.nih.gov/dailymed/drugInfo.cfm?setid=a4d555fa-787c-40fb-bb7d-b0d4f7318fd0 ; approved Rifampin label: https://dailymed.nlm.nih.gov/dailymed/drugInfo.cfm?setid=b389b1a3-672f-47e3-916c-4a9c044b211b — with additional reference: Prontuário Terapêutico do INFARMED, INFARMED (11th ed., 2012)",publicado,2026-08-04
itraconazol_sildenafil,itraconazol,sildenafil,moderate,"O Itraconazol aumenta as concentrações de Sildenafil, com risco de hipotensão e efeitos adversos.","Itraconazole raises Sildenafil concentrations, with a risk of hypotension and adverse effects.","Inibição do CYP3A4, principal via de metabolismo do sildenafil, aumentando a sua exposição.",CYP3A4 inhibition — the main sildenafil metabolic pathway — increases its exposure.,Limitar a dose de sildenafil (máx. 25 mg) durante o tratamento com itraconazol.,Limit the sildenafil dose (max 25 mg) during itraconazole therapy.,"Pressão arterial, cefaleia, rubor, palpitações.","Blood pressure, headache, flushing, palpitations.","Hipotensão, síncope, priapismo.","Hypotension, syncope, priapism.",DailyMed/FDA (NIH/NLM) — rótulo aprovado Itraconazol: https://dailymed.nlm.nih.gov/dailymed/drugInfo.cfm?setid=a4d555fa-787c-40fb-bb7d-b0d4f7318fd0 ; rótulo aprovado Sildenafil: https://dailymed.nlm.nih.gov/dailymed/drugInfo.cfm?setid=00ee09dd-2de0-4dc4-85f6-b51ed6eabd5b,DailyMed/FDA (NIH/NLM) — approved Itraconazole label: https://dailymed.nlm.nih.gov/dailymed/drugInfo.cfm?setid=a4d555fa-787c-40fb-bb7d-b0d4f7318fd0 ; approved Sildenafil label: https://dailymed.nlm.nih.gov/dailymed/drugInfo.cfm?setid=00ee09dd-2de0-4dc4-85f6-b51ed6eabd5b,publicado,2026-08-04
itraconazol_warfarina,itraconazol,warfarina,moderate,"O Itraconazol potencia o efeito anticoagulante da Varfarina, com aumento do risco hemorrágico.","Itraconazole potentiates the anticoagulant effect of Warfarin, increasing the bleeding risk.","Inibição do metabolismo (CYP2C9/CYP3A4) da varfarina pelo itraconazol, aumentando o INR.","Metabolic inhibition (CYP2C9/CYP3A4) of warfarin by itraconazole, raising the INR.",Monitorizar o INR com frequência após iniciar/suspender o itraconazol; ajustar a dose de varfarina.,Monitor the INR frequently after starting/stopping itraconazole; adjust the warfarin dose.,"INR, sinais de hemorragia (gengivas, equimoses, melenas).","INR, signs of bleeding (gums, bruising, melena).","Hemorragia inexplicada, hematúria, melena.","Unexplained bleeding, haematuria, melena.","DailyMed/FDA (NIH/NLM) — rótulo aprovado Itraconazol: https://dailymed.nlm.nih.gov/dailymed/drugInfo.cfm?setid=a4d555fa-787c-40fb-bb7d-b0d4f7318fd0 ; rótulo aprovado Varfarina: https://dailymed.nlm.nih.gov/dailymed/drugInfo.cfm?setid=541c9a70-adaf-4ef3-94ba-ad4e70dfa057 — com referência adicional: Prontuário Terapêutico do INFARMED (11.ª ed., 2012)","DailyMed/FDA (NIH/NLM) — approved Itraconazole label: https://dailymed.nlm.nih.gov/dailymed/drugInfo.cfm?setid=a4d555fa-787c-40fb-bb7d-b0d4f7318fd0 ; approved Warfarin label: https://dailymed.nlm.nih.gov/dailymed/drugInfo.cfm?setid=541c9a70-adaf-4ef3-94ba-ad4e70dfa057 — with additional reference: Prontuário Terapêutico do INFARMED, INFARMED (11th ed., 2012)",publicado,2026-08-04
lamotrigina_valproato,lamotrigina,valproato,moderate,"A associação de Valproato com Lamotrigina aumenta as concentrações de Lamotrigina, com risco aumentado de reação cutânea grave, incluindo síndrome de Stevens-Johnson.","Combining Valproate with Lamotrigine increases Lamotrigine concentrations, with an increased risk of serious skin reactions, including Stevens-Johnson syndrome.","O Valproato inibe a glucuronidação da Lamotrigina, dobrando a sua semivida e elevando as suas concentrações; o risco de rash grave é maior nos primeiros meses.","Valproate inhibits the glucuronidation of Lamotrigine, doubling its half-life and raising its concentrations; the risk of severe rash is highest in the first months.",Reduzir a dose de Lamotrigina (aproximadamente metade) quando coadministrada com Valproato e aumentar a dose de forma muito gradual.,Reduce the Lamotrigine dose (approximately half) when given with Valproate and increase it very gradually.,"Vigiar o aparecimento de erupção cutânea, febre, linfadenopatia ou sintomas gripais nas primeiras 8 semanas.","Watch for rash, fever, lymphadenopathy or flu-like symptoms in the first 8 weeks.",Qualquer erupção cutânea ou sintomas compatíveis com reação grave exigem suspensão imediata da Lamotrigina e avaliação médica.,Any rash or symptoms suggestive of a serious reaction require immediate discontinuation of Lamotrigine and medical evaluation.,"DailyMed/FDA (NIH/NLM) — rótulo aprovado Valproato: https://dailymed.nlm.nih.gov/dailymed/drugInfo.cfm?setid=a33f7657-ad0f-43e9-ba48-024746e6d08e ; rótulo aprovado Lamotrigina: https://dailymed.nlm.nih.gov/dailymed/drugInfo.cfm?setid=57f04b9b-06cd-8044-e063-6394a90ae733 — com referência adicional: Prontuário Terapêutico do INFARMED (11.ª ed., 2012)","DailyMed/FDA (NIH/NLM) — approved Valproic acid label: https://dailymed.nlm.nih.gov/dailymed/drugInfo.cfm?setid=a33f7657-ad0f-43e9-ba48-024746e6d08e ; approved Lamotrigine label: https://dailymed.nlm.nih.gov/dailymed/drugInfo.cfm?setid=57f04b9b-06cd-8044-e063-6394a90ae733 — with additional reference: Prontuário Terapêutico do INFARMED, INFARMED (11th ed., 2012)",publicado,2026-08-04
leflunomida_metotrexato,leflunomida,metotrexato,moderate,Leflunomida + metotrexato: risco acrescido de hepatotoxicidade e mielossupressão.,Leflunomide + methotrexate: increased risk of hepatotoxicity and marrow suppression.,Efeitos tóxicos aditivos sobre o fígado e a medula óssea.,Additive toxic effects on the liver and bone marrow.,"A associação só em contexto especializado, com monitorização apertada de transaminases e hemograma.","Combination only in specialist settings, with tight monitoring of transaminases and full blood count.",Transaminases e hemograma mensais; função renal.,Transaminases and full blood count monthly; renal function.,"Icterícia, febre, infeções, úlceras orais.","Jaundice, fever, infections, oral ulcers.","DailyMed (FDA) — rótulo aprovado Leflunomida: https://dailymed.nlm.nih.gov/dailymed/drugInfo.cfm?setid=fc044417-cd9a-42f6-8a3d-a14e7c2f81a2 ; rótulo aprovado Metotrexato: https://dailymed.nlm.nih.gov/dailymed/drugInfo.cfm?setid=757d6cef-6696-7a1c-8074-01258aaa8bdd — referência adicional: Prontuário Terapêutico do INFARMED (11.ª ed., 2012)","DailyMed (FDA) — approved Leflunomide label: https://dailymed.nlm.nih.gov/dailymed/drugInfo.cfm?setid=fc044417-cd9a-42f6-8a3d-a14e7c2f81a2 ; approved Methotrexate label: https://dailymed.nlm.nih.gov/dailymed/drugInfo.cfm?setid=757d6cef-6696-7a1c-8074-01258aaa8bdd — additional reference: Prontuário Terapêutico do INFARMED (11th ed., 2012)",publicado,
leflunomida_warfarina,leflunomida,warfarina,moderate,Leflunomida + anticoagulante: possível aumento do efeito anticoagulante.,Leflunomida + anticoagulant: possible increased anticoagulant effect.,"A leflunomida pode inibir o metabolismo da varfarina, elevando o INR.","Leflunomide may inhibit warfarin metabolism, raising INR.",Monitorizar INR após início ou alteração de dose de leflunomida.,Monitor INR after starting or changing leflunomide dose.,INR periódico durante a associação.,Periodic INR during the combination.,"Hemorragia, equimoses espontâneas.","Bleeding, spontaneous ecchymosis.","DailyMed (FDA) — rótulo aprovado Leflunomida: https://dailymed.nlm.nih.gov/dailymed/drugInfo.cfm?setid=fc044417-cd9a-42f6-8a3d-a14e7c2f81a2 ; rótulo aprovado Varfarina: https://dailymed.nlm.nih.gov/dailymed/drugInfo.cfm?setid=541c9a70-adaf-4ef3-94ba-ad4e70dfa057 — referência adicional: Prontuário Terapêutico do INFARMED (11.ª ed., 2012)","DailyMed (FDA) — approved Leflunomide label: https://dailymed.nlm.nih.gov/dailymed/drugInfo.cfm?setid=fc044417-cd9a-42f6-8a3d-a14e7c2f81a2 ; approved Warfarin label: https://dailymed.nlm.nih.gov/dailymed/drugInfo.cfm?setid=541c9a70-adaf-4ef3-94ba-ad4e70dfa057 — additional reference: Prontuário Terapêutico do INFARMED (11th ed., 2012)",publicado,
levocetirizina_ritonavir,levocetirizina,ritonavir,moderate,Levocetirizina + ritonavir: possível aumento da exposição à levocetirizina.,Levocetirizine + ritonavir: possible increased levocetirizine exposure.,O ritonavir pode reduzir a depuração da levocetirizina.,Ritonavir may reduce levocetirizine clearance.,Vigiar sedação e efeitos adversos.,Watch for sedation and adverse effects.,Efeitos sedativos e tolerância.,Sedative effects and tolerance.,"Sonolência, fadiga, boca seca.","Drowsiness, fatigue, dry mouth.","DailyMed (FDA) — rótulo aprovado Levocetirizina: https://dailymed.nlm.nih.gov/dailymed/drugInfo.cfm?setid=1f722b84-08de-7e6a-41ac-2c9d9bb9fb43 ; rótulo aprovado Ritonavir: https://dailymed.nlm.nih.gov/dailymed/drugInfo.cfm?setid=d2f8c6ba-5e06-4b03-8ca5-b4fd7e5a8925 — referência adicional: Prontuário Terapêutico do INFARMED (11.ª ed., 2012)","DailyMed (FDA) — approved Levocetirizine label: https://dailymed.nlm.nih.gov/dailymed/drugInfo.cfm?setid=1f722b84-08de-7e6a-41ac-2c9d9bb9fb43 ; approved Ritonavir label: https://dailymed.nlm.nih.gov/dailymed/drugInfo.cfm?setid=d2f8c6ba-5e06-4b03-8ca5-b4fd7e5a8925 — additional reference: Prontuário Terapêutico do INFARMED (11th ed., 2012)",publicado,
levofloxacina_warfarina,levofloxacina,warfarina,moderate,"A Levofloxacina pode potenciar o efeito anticoagulante da Varfarina, com aumento do INR e do risco hemorrágico.","Levofloxacin may potentiate the anticoagulant effect of Warfarin, raising the INR and the bleeding risk.","As quinolonas (incluindo a levofloxacina) podem prolongar o tempo de protrombina em doentes medicados com anticoagulantes orais, por inibição metabólica e possível alteração da flora intestinal.",Quinolones (including levofloxacin) may prolong prothrombin time in patients on oral anticoagulants through metabolic inhibition and possible gut flora changes.,Monitorizar o INR e ajustar a dose de varfarina; informar o doente do risco hemorrágico.,Monitor the INR and adjust the warfarin dose; inform the patient of the bleeding risk.,Vigiar o INR e sinais de hemorragia durante e após a terapêutica.,Monitor the INR and bleeding signs during and after therapy.,Sangramento ou INR elevado exigem avaliação médica urgente.,Bleeding or an elevated INR require urgent medical evaluation.,"DailyMed/FDA (NIH/NLM) — rótulo aprovado Levofloxacina: https://dailymed.nlm.nih.gov/dailymed/drugInfo.cfm?setid=5c6c117c-9d91-48f4-9aaa-ee70b99218c2 ; rótulo aprovado Varfarina: https://dailymed.nlm.nih.gov/dailymed/drugInfo.cfm?setid=541c9a70-adaf-4ef3-94ba-ad4e70dfa057 — com referência adicional: Prontuário Terapêutico do INFARMED (11.ª ed., 2012)","DailyMed/FDA (NIH/NLM) — approved Levofloxacin label: https://dailymed.nlm.nih.gov/dailymed/drugInfo.cfm?setid=5c6c117c-9d91-48f4-9aaa-ee70b99218c2 ; approved Warfarin label: https://dailymed.nlm.nih.gov/dailymed/drugInfo.cfm?setid=541c9a70-adaf-4ef3-94ba-ad4e70dfa057 — with additional reference: Prontuário Terapêutico do INFARMED, INFARMED (11th ed., 2012)",publicado,2026-08-04
levotiroxina_metoclopramida,levotiroxina,metoclopramida,moderate,"A metoclopramida aumenta a motilidade gástrica e pode reduzir a absorção da levotiroxina, diminuindo o seu efeito.","Metoclopramide increases gastric motility and may reduce levothyroxine absorption, decreasing its effect.",A aceleração do esvaziamento gástrico encurta o tempo de contacto da levotiroxina com a mucosa absortiva.,Accelerated gastric emptying shortens levothyroxine contact time with the absorptive mucosa.,Separar as tomas e monitorizar a TSH ao iniciar ou suspender a metoclopramida.,Separate administration times and monitor TSH when starting or stopping metoclopramide.,"Monitorizar TSH e sintomas de hipotiroidismo (fadiga, ganho de peso).","Monitor TSH and hypothyroidism symptoms (fatigue, weight gain).",Hipotiroidismo descompensado.,Decompensated hypothyroidism.,"DailyMed (FDA) — rótulo aprovado Metoclopramida: https://dailymed.nlm.nih.gov/dailymed/drugInfo.cfm?setid=5d31d815-50fa-4e78-8ebd-affc2514ce78 ; rótulo aprovado Levotiroxina: https://dailymed.nlm.nih.gov/dailymed/drugInfo.cfm?setid=55f4c679-86cb-b97f-e063-6294a90ad5ef — referência adicional: Prontuário Terapêutico do INFARMED (11.ª ed., 2012)","DailyMed (FDA) — approved Metoclopramide label: https://dailymed.nlm.nih.gov/dailymed/drugInfo.cfm?setid=5d31d815-50fa-4e78-8ebd-affc2514ce78 ; approved Levothyroxine label: https://dailymed.nlm.nih.gov/dailymed/drugInfo.cfm?setid=55f4c679-86cb-b97f-e063-6294a90ad5ef — additional reference: Prontuário Terapêutico do INFARMED (11th ed., 2012)",publicado,
levotiroxina_omeprazol,levotiroxina,omeprazol,moderate,Redução da absorção da Levotiroxina com a elevação do pH gástrico.,Reduced Levothyroxine absorption with higher gastric pH.,A dissolução da Levotiroxina depende do pH ácido do estômago; o IBP reduz essa absorção.,Levothyroxine dissolution depends on gastric acid; the PPI reduces absorption.,Administrar a Levotiroxina 30–60 minutos antes do pequeno-almoço e monitorizar TSH.,Give Levothyroxine 30–60 minutes before breakfast and monitor TSH.,TSH 6–8 semanas após iniciar o IBP.,TSH 6–8 weeks after starting the PPI.,"Fadiga persistente, ganho de peso, intolerância ao frio — possíveis sinais de hipotiroidismo.","Persistent fatigue, weight gain, cold intolerance — possible signs of hypothyroidism.",DailyMed/FDA (NIH/NLM) — rótulo aprovado Levotiroxina: https://dailymed.nlm.nih.gov/dailymed/drugInfo.cfm?setid=55f4c679-86cb-b97f-e063-6294a90ad5ef ; rótulo aprovado Omeprazol: https://dailymed.nlm.nih.gov/dailymed/drugInfo.cfm?setid=37291cab-e350-d8e3-e063-6294a90a9cb1,DailyMed/FDA (NIH/NLM) — approved Levothyroxine label: https://dailymed.nlm.nih.gov/dailymed/drugInfo.cfm?setid=55f4c679-86cb-b97f-e063-6294a90ad5ef ; approved Omeprazole label: https://dailymed.nlm.nih.gov/dailymed/drugInfo.cfm?setid=37291cab-e350-d8e3-e063-6294a90a9cb1,publicado,2026-03-15
levotiroxina_orlistat,levotiroxina,orlistat,moderate,"O orlistato reduz a absorção da levotiroxina, podendo comprometer o controlo do hipotiroidismo.",Orlistat reduces levothyroxine absorption and may compromise hypothyroidism control.,Interferência com a absorção de substâncias lipossolúveis / janela de absorção da levotiroxina.,Interference with fat-soluble absorption / levothyroxine absorption window.,Separar as tomas (4 horas) e monitorizar TSH.,Separate administration times (4 hours) and monitor TSH.,Monitorizar TSH e sintomas de hipotiroidismo.,Monitor TSH and hypothyroidism symptoms.,Hipotiroidismo descompensado.,Decompensated hypothyroidism.,"DailyMed (FDA) — rótulo aprovado Orlistato: https://dailymed.nlm.nih.gov/dailymed/drugInfo.cfm?setid=a2d3bd73-f3af-4ea5-a57c-66b0004cfe4f ; rótulo aprovado Levotiroxina: https://dailymed.nlm.nih.gov/dailymed/drugInfo.cfm?setid=55f4c679-86cb-b97f-e063-6294a90ad5ef — referência adicional: Prontuário Terapêutico do INFARMED (11.ª ed., 2012)","DailyMed (FDA) — approved Orlistat label: https://dailymed.nlm.nih.gov/dailymed/drugInfo.cfm?setid=a2d3bd73-f3af-4ea5-a57c-66b0004cfe4f ; approved Levothyroxine label: https://dailymed.nlm.nih.gov/dailymed/drugInfo.cfm?setid=55f4c679-86cb-b97f-e063-6294a90ad5ef — additional reference: Prontuário Terapêutico do INFARMED (11th ed., 2012)",publicado,
levotiroxina_sucralfato,levotiroxina,sucralfato,moderate,"O sucralfato reduz a absorção da levotiroxina, comprometendo o controlo do hipotiroidismo.","Sucralfate reduces levothyroxine absorption, compromising hypothyroidism control.",Quelação/adsorção da levotiroxina pelo sucralfato no trato gastrointestinal.,Chelation/adsorption of levothyroxine by sucralfate in the gut.,Separar as tomas (4 horas) e monitorizar TSH.,Separate administration times (4 hours) and monitor TSH.,Monitorizar TSH e sintomas de hipotiroidismo.,Monitor TSH and hypothyroidism symptoms.,Hipotiroidismo descompensado.,Decompensated hypothyroidism.,"DailyMed (FDA) — rótulo aprovado Sucralfato: https://dailymed.nlm.nih.gov/dailymed/drugInfo.cfm?setid=1e781cc0-24ec-4028-8262-dcef9873ea1f ; rótulo aprovado Levotiroxina: https://dailymed.nlm.nih.gov/dailymed/drugInfo.cfm?setid=55f4c679-86cb-b97f-e063-6294a90ad5ef — referência adicional: Prontuário Terapêutico do INFARMED (11.ª ed., 2012)","DailyMed (FDA) — approved Sucralfate label: https://dailymed.nlm.nih.gov/dailymed/drugInfo.cfm?setid=1e781cc0-24ec-4028-8262-dcef9873ea1f ; approved Levothyroxine label: https://dailymed.nlm.nih.gov/dailymed/drugInfo.cfm?setid=55f4c679-86cb-b97f-e063-6294a90ad5ef — additional reference: Prontuário Terapêutico do INFARMED (11th ed., 2012)",publicado,
levotiroxina_zinco,levotiroxina,zinco,moderate,Levotiroxina + zinco: o zinco pode reduzir a absorção da levotiroxina.,Levothyroxine + zinc: zinc may reduce levothyroxine absorption.,Os suplementos de zinco podem ligar-se à levotiroxina no intestino.,Zinc supplements may bind levothyroxine in the gut.,Separar as tomas por pelo menos 4 horas.,Separate dosing by at least 4 hours.,TSH após alterações de regime.,TSH after regimen changes.,Sinais de hipotiroidismo.,Signs of hypothyroidism.,"DailyMed (FDA) — rótulo aprovado Levotiroxina: https://dailymed.nlm.nih.gov/dailymed/drugInfo.cfm?setid=c8ae9dc4-836f-4912-80d7-684fd374f40a ; rótulo aprovado Zinco (sulfato de zinco): https://dailymed.nlm.nih.gov/dailymed/drugInfo.cfm?setid=2bd646d2-2a2a-4376-8da0-c7f08b0511ac — referência adicional: Prontuário Terapêutico do INFARMED (11.ª ed., 2012)","DailyMed (FDA) — approved Levothyroxine label: https://dailymed.nlm.nih.gov/dailymed/drugInfo.cfm?setid=c8ae9dc4-836f-4912-80d7-684fd374f40a ; approved Zinc (zinc sulfate) label: https://dailymed.nlm.nih.gov/dailymed/drugInfo.cfm?setid=2bd646d2-2a2a-4376-8da0-c7f08b0511ac — additional reference: Prontuário Terapêutico do INFARMED (11th ed., 2012)",publicado,
linezolida_rifampicina,linezolida,rifampicina,moderate,A Rifampicina reduz os níveis de Linezolida — risco de perda de eficácia do tratamento da TB.,Rifampin lowers Linezolid levels — risk of losing TB treatment efficacy.,Indução de enzimas e transportadores que eliminam a Linezolida.,Induction of enzymes and transporters that eliminate Linezolid.,Considerar monitorização farmacoterapêutica ou ajustar o esquema; vigiar a resposta.,Consider therapeutic drug monitoring or regimen adjustment; watch the response.,Resposta clínica à TB.,Clinical TB response.,"Febre persistente, baciloscopia positiva.","Persistent fever, positive sputum smear.",DailyMed/FDA (NIH/NLM) — rótulo aprovado Linezolida: https://dailymed.nlm.nih.gov/dailymed/drugInfo.cfm?setid=374af2a7-d994-40bd-a86a-cd9038d0b72c ; rótulo aprovado Rifampicina: https://dailymed.nlm.nih.gov/dailymed/drugInfo.cfm?setid=b389b1a3-672f-47e3-916c-4a9c044b211b,DailyMed/FDA (NIH/NLM) — approved Linezolid label: https://dailymed.nlm.nih.gov/dailymed/drugInfo.cfm?setid=374af2a7-d994-40bd-a86a-cd9038d0b72c ; approved Rifampin label: https://dailymed.nlm.nih.gov/dailymed/drugInfo.cfm?setid=b389b1a3-672f-47e3-916c-4a9c044b211b,publicado,2026-08-03
linezolida_sertralina,linezolida,sertralina,critical,Risco elevado de síndrome serotoninérgica entre Linezolida e Sertralina (ISRS).,High risk of serotonin syndrome between Linezolid and Sertraline (an SSRI).,Inibição da MAO (linezolida) e inibição da recaptação da serotonina.,MAO inhibition (linezolid) and serotonin reuptake inhibition.,Evitar; intervalo de segurança de pelo menos 14 dias entre fármacos.,Avoid; washout of at least 14 days between drugs.,Sinais de síndrome serotoninérgica.,Signs of serotonin syndrome.,"Agitação, tremor, hipertermia, rigidez, mioclonias.","Agitation, tremor, hyperthermia, rigidity, myoclonus.",DailyMed/FDA (NIH/NLM) — rótulo aprovado Linezolida: https://dailymed.nlm.nih.gov/dailymed/drugInfo.cfm?setid=374af2a7-d994-40bd-a86a-cd9038d0b72c ; rótulo aprovado Sertralina: https://dailymed.nlm.nih.gov/dailymed/drugInfo.cfm?setid=61835f25-bfe4-49ac-9dbf-3d6387866e78,DailyMed/FDA (NIH/NLM) — approved Linezolid label: https://dailymed.nlm.nih.gov/dailymed/drugInfo.cfm?setid=374af2a7-d994-40bd-a86a-cd9038d0b72c ; approved Sertraline label: https://dailymed.nlm.nih.gov/dailymed/drugInfo.cfm?setid=61835f25-bfe4-49ac-9dbf-3d6387866e78,publicado,2026-08-03
linezolida_tramadol,linezolida,tramadol,critical,Risco elevado de síndrome serotoninérgica e de convulsões com Linezolida e Tramadol.,High risk of serotonin syndrome and seizures with Linezolid and Tramadol.,Inibição da MAO (linezolida) somada à ação serotoninérgica e ao baixo limiar convulsivo do tramadol.,MAO inhibition (linezolid) plus tramadol serotonergic action and low seizure threshold.,Evitar; escolher um analgésico alternativo (ex.: paracetamol ou um opioide não serotoninérgico).,Avoid; choose an alternative analgesic (e.g. paracetamol or a non-serotonergic opioid).,Sinais serotoninérgicos e neurológicos.,Serotonergic and neurological signs.,"Convulsões, confusão, hipertermia, mioclonias.","Seizures, confusion, hyperthermia, myoclonus.",DailyMed/FDA (NIH/NLM) — rótulo aprovado Linezolida: https://dailymed.nlm.nih.gov/dailymed/drugInfo.cfm?setid=374af2a7-d994-40bd-a86a-cd9038d0b72c ; rótulo aprovado Tramadol: https://dailymed.nlm.nih.gov/dailymed/drugInfo.cfm?setid=552955e6-2bb3-8755-e063-6394a90ab21c,DailyMed/FDA (NIH/NLM) — approved Linezolid label: https://dailymed.nlm.nih.gov/dailymed/drugInfo.cfm?setid=374af2a7-d994-40bd-a86a-cd9038d0b72c ; approved Tramadol label: https://dailymed.nlm.nih.gov/dailymed/drugInfo.cfm?setid=552955e6-2bb3-8755-e063-6394a90ab21c,publicado,2026-08-03
litio_metronidazol,litio,metronidazol,moderate,"A associação de Lítio com Metronidazol aumenta as concentrações séricas de Lítio, com risco de toxicidade.","Combining Lithium with Metronidazole increases serum Lithium concentrations, with a risk of toxicity.",O Metronidazol pode aumentar as concentrações séricas de Lítio; o mecanismo envolve a redução da sua excreção renal.,Metronidazole may increase serum Lithium concentrations; the mechanism involves reduced renal excretion.,Monitorizar os níveis de Lítio e vigiar sinais de toxicidade durante o uso de Metronidazol.,Monitor Lithium levels and watch for signs of toxicity during Metronidazole use.,"Confusão, tremor ou vómitos após início do Metronidazol exigem doseamento e reavaliação.","Confusion, tremor or vomiting after starting Metronidazole require level testing and reassessment.","Confusão, tremor ou vómitos após início do Metronidazol exigem doseamento e reavaliação.","Confusion, tremor or vomiting after starting Metronidazole require level testing and reassessment.","DailyMed/FDA (NIH/NLM) — rótulo aprovado Lítio: https://dailymed.nlm.nih.gov/dailymed/drugInfo.cfm?setid=0e6b0a2d-b79c-44d8-b785-5267df9e8f72 ; rótulo aprovado Metronidazol: https://dailymed.nlm.nih.gov/dailymed/drugInfo.cfm?setid=d5784eeb-6b99-4e8a-847b-b0d1090ed48a — com referência adicional: Prontuário Terapêutico do INFARMED (11.ª ed., 2012)","DailyMed/FDA (NIH/NLM) — approved Lithium label: https://dailymed.nlm.nih.gov/dailymed/drugInfo.cfm?setid=0e6b0a2d-b79c-44d8-b785-5267df9e8f72 ; approved Metronidazole label: https://dailymed.nlm.nih.gov/dailymed/drugInfo.cfm?setid=d5784eeb-6b99-4e8a-847b-b0d1090ed48a — with additional reference: Prontuário Terapêutico do INFARMED, INFARMED (11th ed., 2012)",publicado,2026-08-04
litio_naproxeno,litio,naproxeno,moderate,AINE + lítio: risco de aumento da litemia e toxicidade pelo lítio.,NSAID + lithium: risk of raised serum lithium and lithium toxicity.,"Os AINE reduzem a depuração renal do lítio (redução da excreção), elevando a litemia.","NSAIDs reduce renal lithium clearance (decreased excretion), raising lithium levels.",Suspender ou reduzir o AINE com monitorização da litemia; vigiar sinais de toxicidade do lítio.,Stop or reduce the NSAID with serum lithium monitoring; watch for signs of lithium toxicity.,Litemia e função renal durante a terapêutica combinada.,Serum lithium and renal function during combined therapy.,"Náuseas, confusão, tremor, sinais de neurotoxicidade; arritmias.","Nausea, confusion, tremor, signs of neurotoxicity; arrhythmias.","DailyMed (FDA) — rótulo aprovado Naproxeno: https://dailymed.nlm.nih.gov/dailymed/drugInfo.cfm?setid=24d44eb6-921e-4150-a6b2-81f42ced32ab ; rótulo aprovado Lítio: https://dailymed.nlm.nih.gov/dailymed/drugInfo.cfm?setid=582697c1-063f-366f-e063-6294a90a8d1b — referência adicional: Prontuário Terapêutico do INFARMED (11.ª ed., 2012)","DailyMed (FDA) — approved Naproxen label: https://dailymed.nlm.nih.gov/dailymed/drugInfo.cfm?setid=24d44eb6-921e-4150-a6b2-81f42ced32ab ; approved Lithium label: https://dailymed.nlm.nih.gov/dailymed/drugInfo.cfm?setid=582697c1-063f-366f-e063-6294a90a8d1b — additional reference: Prontuário Terapêutico do INFARMED (11th ed., 2012)",publicado,
metamizol_warfarina,metamizol,warfarina,moderate,"O metamizol pode potenciar o efeito dos anticoagulantes orais, aumentando o risco hemorrágico.","Metamizole may potentiate the effect of oral anticoagulants, increasing bleeding risk.",Mecanismo não totalmente esclarecido; o metamizol pode potenciar o efeito dos cumarínicos e aumentar o risco de hemorragia gastrointestinal.,Mechanism not fully established; metamizole may enhance coumarin anticoagulants and increase gastrointestinal bleeding risk.,"Monitorizar o INR e sinais de hemorragia; se possível, preferir paracetamol como analgésico.",Monitor INR and signs of bleeding; where possible prefer paracetamol as analgesic.,"INR, equimoses, hemorragias, queda do valor de hemoglobina.","INR, bruising, bleeding and fall in haemoglobin.",INR acima do alvo ou hemorragia ativa exigem ajuste do anticoagulante.,INR above target or active bleeding require anticoagulant adjustment.,"EMA — Metamizole (referência Article 31): https://www.ema.europa.eu/en/medicines/human/referrals/metamizole-containing-medicinal-products ; rótulo aprovado Varfarina: https://dailymed.nlm.nih.gov/dailymed/drugInfo.cfm?setid=541c9a70-adaf-4ef3-94ba-ad4e70dfa057 — com referência adicional: Prontuário Terapêutico do INFARMED (11.ª ed., 2012) e SmPC nacional Analgin 500 mg (HALMED)","EMA — Metamizole (Article 31 referral): https://www.ema.europa.eu/en/medicines/human/referrals/metamizole-containing-medicinal-products ; approved Warfarin label: https://dailymed.nlm.nih.gov/dailymed/drugInfo.cfm?setid=541c9a70-adaf-4ef3-94ba-ad4e70dfa057 — with additional references: Prontuário Terapêutico do INFARMED (11th ed., 2012) and national Analgin 500 mg SmPC (HALMED)",publicado,
metronidazol_warfarina,metronidazol,warfarina,moderate,"O Metronidazol inibe o metabolismo da Varfarina, potenciando o seu efeito anticoagulante, com aumento do INR e do risco hemorrágico.","Metronidazole inhibits Warfarin metabolism, potentiating its anticoagulant effect, with a raised INR and bleeding risk.","O Metronidazol inibe as enzimas hepáticas (CYP2C9/CYP3A4) que metabolizam os anticoagulantes orais, elevando as concentrações da Varfarina e prolongando o tempo de protrombina.","Metronidazole inhibits the hepatic enzymes (CYP2C9/CYP3A4) that metabolize oral anticoagulants, raising Warfarin levels and prolonging prothrombin time.",Ajustar a dose de varfarina com base no INR e reforçar a vigilância hemorrágica durante e após a associação.,Adjust the warfarin dose based on the INR and reinforce bleeding surveillance during and after the combination.,Monitorizar o INR com frequência e sinais de hemorragia.,Monitor the INR frequently and watch for bleeding signs.,"Hemorragia ativa, INR elevado ou hematomas novos exigem avaliação urgente.","Active bleeding, an elevated INR or new bruising require urgent evaluation.","DailyMed/FDA (NIH/NLM) — rótulo aprovado Metronidazol: https://dailymed.nlm.nih.gov/dailymed/drugInfo.cfm?setid=d5784eeb-6b99-4e8a-847b-b0d1090ed48a ; rótulo aprovado Varfarina: https://dailymed.nlm.nih.gov/dailymed/drugInfo.cfm?setid=541c9a70-adaf-4ef3-94ba-ad4e70dfa057 — com referência adicional: Prontuário Terapêutico do INFARMED (11.ª ed., 2012)","DailyMed/FDA (NIH/NLM) — approved Metronidazole label: https://dailymed.nlm.nih.gov/dailymed/drugInfo.cfm?setid=d5784eeb-6b99-4e8a-847b-b0d1090ed48a ; approved Warfarin label: https://dailymed.nlm.nih.gov/dailymed/drugInfo.cfm?setid=541c9a70-adaf-4ef3-94ba-ad4e70dfa057 — with additional reference: Prontuário Terapêutico do INFARMED, INFARMED (11th ed., 2012)",publicado,2026-08-04
naproxeno_prednisolona,naproxeno,prednisolona,moderate,Corticosteroide + AINE: risco gastrointestinal (úlcera/hemorragia) aditivo.,Corticosteroid + NSAID: additive gastrointestinal risk (ulcer/bleeding).,Ambos enfraquecem a proteção da mucosa gástrica e aumentam o risco de úlcera e hemorragia GI.,Both weaken gastric mucosal protection and increase the risk of GI ulcer and bleeding.,Combinar apenas se necessário; considerar gastroprotecção e a menor dose eficaz de ambos.,Combine only if necessary; consider gastroprotection and the lowest effective dose of both.,"Vigiar dispepsia, dor abdominal e sinais de hemorragia digestiva.","Watch for dyspepsia, abdominal pain and signs of GI bleeding.","Dor abdominal, melena, hematemese.","Abdominal pain, melena, haematemesis.","DailyMed (FDA) — rótulo aprovado Naproxeno: https://dailymed.nlm.nih.gov/dailymed/drugInfo.cfm?setid=24d44eb6-921e-4150-a6b2-81f42ced32ab ; rótulo aprovado Prednisolona: https://dailymed.nlm.nih.gov/dailymed/drugInfo.cfm?setid=52e6e21d-94b8-41a0-8d13-371c0e66bcee — referência adicional: Prontuário Terapêutico do INFARMED (11.ª ed., 2012)","DailyMed (FDA) — approved Naproxen label: https://dailymed.nlm.nih.gov/dailymed/drugInfo.cfm?setid=24d44eb6-921e-4150-a6b2-81f42ced32ab ; approved Prednisolone label: https://dailymed.nlm.nih.gov/dailymed/drugInfo.cfm?setid=52e6e21d-94b8-41a0-8d13-371c0e66bcee — additional reference: Prontuário Terapêutico do INFARMED (11th ed., 2012)",publicado,
naproxeno_warfarina,naproxeno,warfarina,moderate,AINE + anticoagulante: aumento do risco hemorrágico (gastrointestinal e sistémico).,NSAID + anticoagulant: increased bleeding risk (gastrointestinal and systemic).,"Os AINE inibem a COX e a agregação plaquetária e podem deslocar a Varfarina da ligação proteica, potenciando o efeito anticoagulante.","NSAIDs inhibit COX and platelet aggregation and may displace warfarin from protein binding, enhancing anticoagulation.",Usar a menor dose de AINE pelo menor tempo; considerar gastroprotecção (IBP). Vigiar sinais de hemorragia.,Use the lowest NSAID dose for the shortest time; consider gastroprotection (PPI). Watch for signs of bleeding.,INR com maior frequência durante a introdução do AINE; avaliar hemograma e sintomas digestivos.,More frequent INR monitoring when starting the NSAID; assess full blood count and GI symptoms.,"Sangue nas fezes/melena, hematemese, hemorragia cutânea ou mucosas.","Blood in stools/melena, haematemesis, skin or mucosal bleeding.","DailyMed (FDA) — rótulo aprovado Naproxeno: https://dailymed.nlm.nih.gov/dailymed/drugInfo.cfm?setid=24d44eb6-921e-4150-a6b2-81f42ced32ab ; rótulo aprovado Varfarina: https://dailymed.nlm.nih.gov/dailymed/drugInfo.cfm?setid=541c9a70-adaf-4ef3-94ba-ad4e70dfa057 — referência adicional: Prontuário Terapêutico do INFARMED (11.ª ed., 2012)","DailyMed (FDA) — approved Naproxen label: https://dailymed.nlm.nih.gov/dailymed/drugInfo.cfm?setid=24d44eb6-921e-4150-a6b2-81f42ced32ab ; approved Warfarin label: https://dailymed.nlm.nih.gov/dailymed/drugInfo.cfm?setid=541c9a70-adaf-4ef3-94ba-ad4e70dfa057 — additional reference: Prontuário Terapêutico do INFARMED (11th ed., 2012)",publicado,
nevirapina_warfarina,nevirapina,warfarina,moderate,"A associação de Nevirapina com Varfarina reduz o efeito anticoagulante da Varfarina, com risco de eventos trombóticos.","Combining Nevirapine with Warfarin reduces the anticoagulant effect of Warfarin, posing a risk of thrombotic events.","A Nevirapina, como indutora do citocromo P450, aumenta o metabolismo da Varfarina, diminuindo as suas concentrações e o seu efeito.","As a cytochrome P450 inducer, Nevirapine increases Warfarin metabolism, lowering its concentrations and its effect.","Vigiar o INR e ajustar a dose de Varfarina sempre que a Nevirapina for iniciada, suspensa ou modificada.","Monitor the INR and adjust the Warfarin dose whenever Nevirapine is started, stopped or changed.",Monitorização do INR na introdução e nas alterações de dose; sinais de tromboembolismo.,INR monitoring at start and dose changes; signs of thromboembolism.,INR elevado com hemorragia ou sinais de trombose exigem ajuste imediato do anticoagulante.,A high INR with bleeding or signs of thrombosis requires immediate anticoagulant adjustment.,"DailyMed/FDA (NIH/NLM) — rótulo aprovado Nevirapina: https://dailymed.nlm.nih.gov/dailymed/drugInfo.cfm?setid=fbd628db-4076-4fe0-8323-9cc33ae92e42 ; rótulo aprovado Warfarina: https://dailymed.nlm.nih.gov/dailymed/drugInfo.cfm?setid=541c9a70-adaf-4ef3-94ba-ad4e70dfa057 — com referência adicional: Prontuário Terapêutico do INFARMED (11.ª ed., 2012)","DailyMed/FDA (NIH/NLM) — approved Nevirapine label: https://dailymed.nlm.nih.gov/dailymed/drugInfo.cfm?setid=fbd628db-4076-4fe0-8323-9cc33ae92e42 ; approved Warfarin label: https://dailymed.nlm.nih.gov/dailymed/drugInfo.cfm?setid=541c9a70-adaf-4ef3-94ba-ad4e70dfa057 — with additional reference: Prontuário Terapêutico do INFARMED, INFARMED (11th ed., 2012)",publicado,2026-08-04
nitroglicerina_sildenafil,nitroglicerina,sildenafil,critical,Hipotensão grave potencialmente fatal. Nunca associar inibidores da fosfodiesterase-5 com nitratos.,Potentially fatal severe hypotension. Never combine PDE-5 inhibitors with nitrates.,Ambos aumentam o GMPc — vasodilatação extrema e queda acentuada da pressão arterial.,Both raise cGMP — extreme vasodilation and marked blood pressure drop.,"Contraindicação absoluta. Se o doente tomou Sildenafil, aguardar pelo menos 24 horas antes de usar um nitrato.","Absolute contraindication. If the patient took Sildenafil, wait at least 24 hours before any nitrate.",Vigilância imediata de PA; procurar cuidados de emergência se síncope ou dor torácica.,Immediate BP monitoring; seek emergency care on syncope or chest pain.,"Síncope, tonturas graves, dor torácica, taquicardia.","Syncope, severe dizziness, chest pain, tachycardia.",DailyMed/FDA (NIH/NLM) — rótulo aprovado Sildenafil: https://dailymed.nlm.nih.gov/dailymed/drugInfo.cfm?setid=00ee09dd-2de0-4dc4-85f6-b51ed6eabd5b ; rótulo aprovado Nitroglicerina: https://dailymed.nlm.nih.gov/dailymed/drugInfo.cfm?setid=3c11c1c2-8e62-4f63-8293-2f8b8d845f7e,DailyMed/FDA (NIH/NLM) — approved Sildenafil label: https://dailymed.nlm.nih.gov/dailymed/drugInfo.cfm?setid=00ee09dd-2de0-4dc4-85f6-b51ed6eabd5b ; approved Nitroglycerin label: https://dailymed.nlm.nih.gov/dailymed/drugInfo.cfm?setid=3c11c1c2-8e62-4f63-8293-2f8b8d845f7e,publicado,2026-04-02
omeprazol_rifampicina,omeprazol,rifampicina,moderate,A Rifampicina acelera o metabolismo do Omeprazol e reduz o seu efeito de supressão ácida.,Rifampin accelerates Omeprazole metabolism and reduces its acid-suppressing effect.,"Indução do CYP2C19, principal via do metabolismo do Omeprazol.","CYP2C19 induction, the main Omeprazole metabolic pathway.",Considerar aumentar a dose ou usar alternativa (ex.: IBP menos dependente do CYP2C19).,Consider a higher dose or an alternative (e.g. a PPI less dependent on CYP2C19).,"Controlo dos sintomas (dispepsia, DRGE, úlcera).","Symptom control (dyspepsia, GERD, ulcer).",Recidiva de sintomas gástricos.,Recurrent gastric symptoms.,DailyMed/FDA (NIH/NLM) — rótulo aprovado Rifampicina: https://dailymed.nlm.nih.gov/dailymed/drugInfo.cfm?setid=b389b1a3-672f-47e3-916c-4a9c044b211b ; rótulo aprovado Omeprazol: https://dailymed.nlm.nih.gov/dailymed/drugInfo.cfm?setid=37291cab-e350-d8e3-e063-6294a90a9cb1,DailyMed/FDA (NIH/NLM) — approved Rifampin label: https://dailymed.nlm.nih.gov/dailymed/drugInfo.cfm?setid=b389b1a3-672f-47e3-916c-4a9c044b211b ; approved Omeprazole label: https://dailymed.nlm.nih.gov/dailymed/drugInfo.cfm?setid=37291cab-e350-d8e3-e063-6294a90a9cb1,publicado,2026-08-03
omeprazol_voriconazol,omeprazol,voriconazol,moderate,O Omeprazol aumenta as concentrações de Voriconazol (inibição do CYP2C19) e o voriconazol aumenta os níveis de omeprazol.,Omeprazole raises Voriconazole levels (CYP2C19 inhibition) and voriconazole raises omeprazole levels.,Interação bidirecional no CYP2C19: o omeprazol inibe o metabolismo do voriconazol; o voriconazol inibe o metabolismo do omeprazol.,Bidirectional CYP2C19 interaction: omeprazole inhibits voriconazole metabolism; voriconazole inhibits omeprazole metabolism.,Monitorizar a resposta e efeitos adversos do voriconazol; considerar reduzir a dose de voriconazol se usado a longo prazo.,Monitor voriconazole response and adverse effects; consider reducing the voriconazole dose with long-term use.,"Níveis de voriconazol (se disponíveis), provas de função hepática, efeitos visuais.","Voriconazole levels (if available), liver function tests, visual effects.","Fotofobia, alterações visuais, elevação das transaminases.","Photophobia, visual disturbances, elevated transaminases.",DailyMed/FDA (NIH/NLM) — rótulo aprovado Voriconazol: https://dailymed.nlm.nih.gov/dailymed/drugInfo.cfm?setid=f6a1a792-141b-42e8-8bd1-884e4408eb8a ; rótulo aprovado Omeprazol: https://dailymed.nlm.nih.gov/dailymed/drugInfo.cfm?setid=37291cab-e350-d8e3-e063-6294a90a9cb1,DailyMed/FDA (NIH/NLM) — approved Voriconazole label: https://dailymed.nlm.nih.gov/dailymed/drugInfo.cfm?setid=f6a1a792-141b-42e8-8bd1-884e4408eb8a ; approved Omeprazole label: https://dailymed.nlm.nih.gov/dailymed/drugInfo.cfm?setid=37291cab-e350-d8e3-e063-6294a90a9cb1,publicado,2026-08-04
omeprazol_warfarina,omeprazol,warfarina,moderate,"O omeprazol pode aumentar ligeiramente o efeito da varfarina, com risco de elevação do INR.","Omeprazole may slightly increase the effect of warfarin, with a risk of INR elevation.",O omeprazol inibe o CYP2C19 e pode alterar o metabolismo da varfarina (isómero R).,Omeprazole inhibits CYP2C19 and may alter warfarin metabolism (R-isomer).,Monitorizar o INR ao iniciar ou suspender o omeprazol.,Monitor the INR when starting or stopping omeprazole.,Monitorizar INR com maior frequência.,Monitor the INR more frequently.,Hemorragia por INR supraterapêutico.,Bleeding from supratherapeutic INR.,"DailyMed (FDA) — rótulo aprovado Omeprazol: https://dailymed.nlm.nih.gov/dailymed/drugInfo.cfm?setid=6ea9a6f3-b756-4cdf-b3db-f666a2c17d66 ; rótulo aprovado Varfarina: https://dailymed.nlm.nih.gov/dailymed/drugInfo.cfm?setid=541c9a70-adaf-4ef3-94ba-ad4e70dfa057 — referência adicional: Prontuário Terapêutico do INFARMED (11.ª ed., 2012)","DailyMed (FDA) — approved Omeprazole label: https://dailymed.nlm.nih.gov/dailymed/drugInfo.cfm?setid=6ea9a6f3-b756-4cdf-b3db-f666a2c17d66 ; approved Warfarin label: https://dailymed.nlm.nih.gov/dailymed/drugInfo.cfm?setid=541c9a70-adaf-4ef3-94ba-ad4e70dfa057 — additional reference: Prontuário Terapêutico do INFARMED (11th ed., 2012)",publicado,
ondansetron_tramadol,ondansetron,tramadol,moderate,A associação de ondansetrom com tramadol aumenta o risco de síndrome serotoninérgico.,Combining ondansetron with tramadol raises the risk of serotonin syndrome.,"O tramadol é serotoninérgico e o ondansetrom, embora antagonista 5-HT3, pode contribuir para excesso serotoninérgico em doentes suscetíveis.","Tramadol is serotonergic and ondansetron, although a 5-HT3 antagonist, may contribute to serotonergic excess in susceptible patients.",Vigiar sintomas serotoninérgicos; usar com precaução em doentes polimedicados.,Monitor serotonergic symptoms; use with caution in polypharmacy patients.,"Vigiar agitação, tremor, hipertermia, mioclonias e diarreia.","Monitor agitation, tremor, hyperthermia, myoclonus and diarrhoea.","Síndrome serotoninérgico (hipertermia, rigidez, confusão).","Serotonin syndrome (hyperthermia, rigidity, confusion).","DailyMed (FDA) — rótulo aprovado Ondansetrom: https://dailymed.nlm.nih.gov/dailymed/drugInfo.cfm?setid=41366a20-0727-0446-e063-6294a90a957f ; rótulo aprovado Tramadol: https://dailymed.nlm.nih.gov/dailymed/drugInfo.cfm?setid=9f0e33bd-65f8-446a-886f-e7e16a142ce5 — referência adicional: Prontuário Terapêutico do INFARMED (11.ª ed., 2012)","DailyMed (FDA) — approved Ondansetron label: https://dailymed.nlm.nih.gov/dailymed/drugInfo.cfm?setid=41366a20-0727-0446-e063-6294a90a957f ; approved Tramadol label: https://dailymed.nlm.nih.gov/dailymed/drugInfo.cfm?setid=9f0e33bd-65f8-446a-886f-e7e16a142ce5 — additional reference: Prontuário Terapêutico do INFARMED (11th ed., 2012)",publicado,
orlistat_warfarina,orlistat,warfarina,moderate,O orlistato pode reduzir a absorção da vitamina K e alterar o INR em doentes a tomar varfarina.,Orlistat may reduce vitamin K absorption and alter the INR in patients taking warfarin.,A diminuição da absorção de vitamina K lipossolúvel interfere com a síntese dos fatores de coagulação dependentes da vitamina K.,Reduced fat-soluble vitamin K absorption interferes with synthesis of vitamin K-dependent clotting factors.,"Monitorizar o INR com maior frequência ao iniciar, ajustar ou suspender o orlistato.","Monitor the INR more frequently when starting, adjusting or stopping orlistat.",Vigiar sinais de hemorragia e o INR.,Monitor bleeding signs and INR.,Hemorragia ou eventos trombóticos por INR instável.,Bleeding or thrombotic events from unstable INR.,"DailyMed (FDA) — rótulo aprovado Orlistato: https://dailymed.nlm.nih.gov/dailymed/drugInfo.cfm?setid=a2d3bd73-f3af-4ea5-a57c-66b0004cfe4f ; rótulo aprovado Varfarina: https://dailymed.nlm.nih.gov/dailymed/drugInfo.cfm?setid=541c9a70-adaf-4ef3-94ba-ad4e70dfa057 — referência adicional: Prontuário Terapêutico do INFARMED (11.ª ed., 2012)","DailyMed (FDA) — approved Orlistat label: https://dailymed.nlm.nih.gov/dailymed/drugInfo.cfm?setid=a2d3bd73-f3af-4ea5-a57c-66b0004cfe4f ; approved Warfarin label: https://dailymed.nlm.nih.gov/dailymed/drugInfo.cfm?setid=541c9a70-adaf-4ef3-94ba-ad4e70dfa057 — additional reference: Prontuário Terapêutico do INFARMED (11th ed., 2012)",publicado,
paracetamol_warfarina,paracetamol,warfarina,moderate,"O uso regular e prolongado de Paracetamol (> ~1-2 g/dia durante dias) pode elevar o efeito anticoagulante da Warfarina (INR), sobretudo em uso contínuo.","Regular, prolonged use of paracetamol may enhance the anticoagulant effect of warfarin (INR), especially with daily use.",Mecanismo ainda incompletamente esclarecido: possível interferência no metabolismo de vitamina K e dos fatores de coagulação.,Not yet fully established: likely interference with vitamin K and clotting factor metabolism.,"Não contraindicado no uso pontual. Em uso crónico, vigiar o INR e ajustar a dose de Warfarina se necessário.","Not contraindicated as a single dose. In chronic use, monitor INR and adjust warfarin if needed.",INR regular em doentes que usam Paracetamol diariamente há mais de uma semana.,Regular INR monitoring in patients taking paracetamol daily for more than a week.,"Sangramento incomum, hematomas espontâneos, gengivorragia, melaena.","Unusual bleeding, spontaneous bruising, gum bleeding, melaena.",DailyMed/FDA (NIH/NLM) — rótulo aprovado Paracetamol: https://dailymed.nlm.nih.gov/dailymed/drugInfo.cfm?setid=4c737cd6-fe56-4cef-887c-cd6cf83b254c ; rótulo aprovado Warfarina: https://dailymed.nlm.nih.gov/dailymed/drugInfo.cfm?setid=541c9a70-adaf-4ef3-94ba-ad4e70dfa057,DailyMed/FDA (NIH/NLM) — approved Paracetamol label: https://dailymed.nlm.nih.gov/dailymed/drugInfo.cfm?setid=4c737cd6-fe56-4cef-887c-cd6cf83b254c ; approved Warfarin label: https://dailymed.nlm.nih.gov/dailymed/drugInfo.cfm?setid=541c9a70-adaf-4ef3-94ba-ad4e70dfa057,publicado,2026-08-02
piperacilina-tazobactam_warfarina,piperacilina-tazobactam,warfarina,moderate,"A Piperacilina + Tazobactam pode potenciar o efeito da Varfarina e interferir na hemostase, com risco hemorrágico.","Piperacillin + Tazobactam may potentiate Warfarin and interfere with haemostasis, with a bleeding risk.","Redução da flora produtora de vitamina K e disfunção plaquetar (a piperacilina pode prolongar o tempo de hemorragia), sobretudo em doses elevadas e na insuficiência renal.","Reduction of vitamin-K-producing flora and platelet dysfunction (piperacillin may prolong bleeding time), especially at high doses and in renal impairment.",Monitorizar o INR e os sinais de hemorragia; considerar ajuste da varfarina e precaução em doentes renais ou com doses elevadas.,Monitor the INR and bleeding signs; consider warfarin adjustment and caution in renal patients or at high doses.,"INR, função renal, contagem plaquetar, sinais de hemorragia.","INR, renal function, platelet count, signs of bleeding.","Hemorragia ativa, equimoses extensas, hemoptise/melena.","Active bleeding, extensive bruising, haemoptysis/melena.",DailyMed/FDA (NIH/NLM) — rótulo aprovado Piperacilina + Tazobactam: https://dailymed.nlm.nih.gov/dailymed/drugInfo.cfm?setid=7aebc0e6-89db-4ef0-b5ab-d6b3199bcfc4 ; rótulo aprovado Varfarina: https://dailymed.nlm.nih.gov/dailymed/drugInfo.cfm?setid=541c9a70-adaf-4ef3-94ba-ad4e70dfa057,DailyMed/FDA (NIH/NLM) — approved Piperacillin + Tazobactam label: https://dailymed.nlm.nih.gov/dailymed/drugInfo.cfm?setid=7aebc0e6-89db-4ef0-b5ab-d6b3199bcfc4 ; approved Warfarin label: https://dailymed.nlm.nih.gov/dailymed/drugInfo.cfm?setid=541c9a70-adaf-4ef3-94ba-ad4e70dfa057,publicado,2026-08-04
praziquantel_rifampicina,praziquantel,rifampicina,moderate,"A associação de Praziquantel com Rifampicina está contraindicada: a Rifampicina reduz acentuadamente as concentrações de Praziquantel, com risco de falência terapêutica.","The combination of Praziquantel with Rifampin is contraindicated: Rifampin markedly reduces Praziquantel concentrations, posing a risk of therapeutic failure.","A Rifampicina, forte indutor do CYP3A4, aumenta o metabolismo hepático do Praziquantel, diminuindo de forma significativa a sua exposição.","Rifampin, a strong CYP3A4 inducer, increases the hepatic metabolism of Praziquantel, significantly reducing its exposure.",Não coadministrar; concluir o tratamento com Rifampicina antes de iniciar o Praziquantel ou escolher tratamento alternativo da parasitose.,Do not co-administer; complete Rifampin treatment before starting Praziquantel or choose an alternative antiparasitic treatment.,Vigiar a resposta terapêutica à parasitose (por exemplo eliminação de ovos) quando a associação for inevitável.,Monitor the parasitological response (e.g. egg clearance) when the combination is unavoidable.,Persistência da parasitose apesar do tratamento sugere falência e exige estratégia alternativa.,Persisting parasitosis despite treatment suggests failure and requires an alternative strategy.,"DailyMed/FDA (NIH/NLM) — rótulo aprovado Praziquantel: https://dailymed.nlm.nih.gov/dailymed/drugInfo.cfm?setid=34ce1cdd-648e-4f1e-8512-bf3d4cc22eb9 ; rótulo aprovado Rifampicina: https://dailymed.nlm.nih.gov/dailymed/drugInfo.cfm?setid=b389b1a3-672f-47e3-916c-4a9c044b211b — com referência adicional: Prontuário Terapêutico do INFARMED (11.ª ed., 2012)","DailyMed/FDA (NIH/NLM) — approved Praziquantel label: https://dailymed.nlm.nih.gov/dailymed/drugInfo.cfm?setid=34ce1cdd-648e-4f1e-8512-bf3d4cc22eb9 ; approved Rifampin label: https://dailymed.nlm.nih.gov/dailymed/drugInfo.cfm?setid=b389b1a3-672f-47e3-916c-4a9c044b211b — with additional reference: Prontuário Terapêutico do INFARMED, INFARMED (11th ed., 2012)",publicado,2026-08-04
praziquantel_ritonavir,praziquantel,ritonavir,moderate,"A associação de Praziquantel com Ritonavir aumenta as concentrações de Praziquantel, com risco acrescido de efeitos adversos, sobretudo do sistema nervoso central.","Combining Praziquantel with Ritonavir increases Praziquantel concentrations, with an increased risk of adverse effects, especially of the central nervous system.","O Ritonavir, inibidor do CYP3A4, reduz o metabolismo do Praziquantel, aumentando a sua exposição e o risco de toxicidade (cefaleias, tonturas, convulsões).","As a CYP3A4 inhibitor, Ritonavir reduces Praziquantel metabolism, increasing its exposure and the risk of toxicity (headache, dizziness, seizures).",Monitorizar os efeitos adversos e considerar reduzir a dose de Praziquantel se a associação for necessária.,Monitor adverse effects and consider reducing the Praziquantel dose if the combination is necessary.,"Vigiar efeitos adversos do SNC (cefaleias, tonturas, sonolência, convulsões).","Watch for CNS adverse effects (headache, dizziness, drowsiness, seizures).",Convulsões ou efeitos neurológicos graves exigem suspensão e avaliação.,Seizures or severe neurological effects require discontinuation and evaluation.,"DailyMed/FDA (NIH/NLM) — rótulo aprovado Praziquantel: https://dailymed.nlm.nih.gov/dailymed/drugInfo.cfm?setid=34ce1cdd-648e-4f1e-8512-bf3d4cc22eb9 ; rótulo aprovado Ritonavir: https://dailymed.nlm.nih.gov/dailymed/drugInfo.cfm?setid=2849298e-de6e-47bb-8194-56e075b33fc3 — com referência adicional: Prontuário Terapêutico do INFARMED (11.ª ed., 2012)","DailyMed/FDA (NIH/NLM) — approved Praziquantel label: https://dailymed.nlm.nih.gov/dailymed/drugInfo.cfm?setid=34ce1cdd-648e-4f1e-8512-bf3d4cc22eb9 ; approved Ritonavir label: https://dailymed.nlm.nih.gov/dailymed/drugInfo.cfm?setid=2849298e-de6e-47bb-8194-56e075b33fc3 — with additional reference: Prontuário Terapêutico do INFARMED, INFARMED (11th ed., 2012)",publicado,2026-08-04
prednisolona_rifampicina,prednisolona,rifampicina,moderate,A Rifampicina reduz os níveis de Prednisolona — menor efeito anti-inflamatório e imunossupressor.,Rifampin lowers Prednisolone levels — reduced anti-inflammatory and immunosuppressive effect.,Indução do CYP3A4 que acelera a eliminação do corticosteroide.,CYP3A4 induction accelerating corticosteroid elimination.,Ajustar a dose com base na resposta; considerar reforço durante crises.,Adjust the dose based on response; consider reinforcement during flares.,Resposta clínica; sinais de exacerbação da doença de base.,Clinical response; signs of underlying disease flare.,"Exacerbação da doença (asma, DPOC, doença autoimune).","Disease flare (asthma, COPD, autoimmune disease).",DailyMed/FDA (NIH/NLM) — rótulo aprovado Rifampicina: https://dailymed.nlm.nih.gov/dailymed/drugInfo.cfm?setid=b389b1a3-672f-47e3-916c-4a9c044b211b ; rótulo aprovado Prednisolona: https://dailymed.nlm.nih.gov/dailymed/drugInfo.cfm?setid=52e6e21d-94b8-41a0-8d13-371c0e66bcee,DailyMed/FDA (NIH/NLM) — approved Rifampin label: https://dailymed.nlm.nih.gov/dailymed/drugInfo.cfm?setid=b389b1a3-672f-47e3-916c-4a9c044b211b ; approved Prednisolone label: https://dailymed.nlm.nih.gov/dailymed/drugInfo.cfm?setid=52e6e21d-94b8-41a0-8d13-371c0e66bcee,publicado,2026-08-03
prednisolona_voriconazol,prednisolona,voriconazol,moderate,"O Voriconazol aumenta os níveis de Prednisolona (inibição do CYP3A4), com risco de efeitos corticosteróides aumentados.","Voriconazole raises Prednisolone levels (CYP3A4 inhibition), with a risk of enhanced corticosteroid effects.","Inibição do CYP3A4 pelo voriconazol, reduzindo o metabolismo da prednisolona.",CYP3A4 inhibition by voriconazole reduces prednisolone metabolism.,Vigiar efeitos de corticoterapia; ajustar a dose do corticoide se sinais de sobredosagem.,Watch for corticosteroid effects; adjust the steroid dose if overdosage signs occur.,"Glicemia, pressão arterial, sinais de Cushing iatrogénico.","Blood glucose, blood pressure, signs of iatrogenic Cushing.","Edema, hiperglicemia, fácies cushingoide.","Oedema, hyperglycaemia, Cushingoid facies.","DailyMed/FDA (NIH/NLM) — rótulo aprovado Voriconazol: https://dailymed.nlm.nih.gov/dailymed/drugInfo.cfm?setid=f6a1a792-141b-42e8-8bd1-884e4408eb8a ; rótulo aprovado Prednisolona: https://dailymed.nlm.nih.gov/dailymed/drugInfo.cfm?setid=52e6e21d-94b8-41a0-8d13-371c0e66bcee — com referência adicional: Prontuário Terapêutico do INFARMED (11.ª ed., 2012)","DailyMed/FDA (NIH/NLM) — approved Voriconazole label: https://dailymed.nlm.nih.gov/dailymed/drugInfo.cfm?setid=f6a1a792-141b-42e8-8bd1-884e4408eb8a ; approved Prednisolone label: https://dailymed.nlm.nih.gov/dailymed/drugInfo.cfm?setid=52e6e21d-94b8-41a0-8d13-371c0e66bcee — with additional reference: Prontuário Terapêutico do INFARMED, INFARMED (11th ed., 2012)",publicado,2026-08-04
prednisolona_warfarina,prednisolona,warfarina,moderate,Corticosteroide + anticoagulante: alteração do INR e risco hemorrágico.,Corticosteroid + anticoagulant: altered INR and bleeding risk.,Os corticosteroides podem potenciar ou reduzir o efeito da varfarina (efeito variável sobre a hemostase e a mucosa GI).,Corticosteroids may potentiate or reduce warfarin effect (variable effect on haemostasis and GI mucosa).,Monitorizar INR após início/ajuste de corticosteroide; considerar gastroprotecção.,Monitor INR after starting/adjusting corticosteroids; consider gastroprotection.,INR periódico e sintomas digestivos.,Periodic INR and GI symptoms.,"Melena, hematemese, hemorragia.","Melena, haematemesis, bleeding.","DailyMed (FDA) — rótulo aprovado Prednisolona: https://dailymed.nlm.nih.gov/dailymed/drugInfo.cfm?setid=52e6e21d-94b8-41a0-8d13-371c0e66bcee ; rótulo aprovado Varfarina: https://dailymed.nlm.nih.gov/dailymed/drugInfo.cfm?setid=541c9a70-adaf-4ef3-94ba-ad4e70dfa057 — referência adicional: Prontuário Terapêutico do INFARMED (11.ª ed., 2012)","DailyMed (FDA) — approved Prednisolone label: https://dailymed.nlm.nih.gov/dailymed/drugInfo.cfm?setid=52e6e21d-94b8-41a0-8d13-371c0e66bcee ; approved Warfarin label: https://dailymed.nlm.nih.gov/dailymed/drugInfo.cfm?setid=541c9a70-adaf-4ef3-94ba-ad4e70dfa057 — additional reference: Prontuário Terapêutico do INFARMED (11th ed., 2012)",publicado,
pseudoefedrina_salbutamol,pseudoefedrina,salbutamol,moderate,Descongestionante + β2-agonista: efeitos simpáticos aditivos.,Decongestant + β2-agonist: additive sympathetic effects.,A sobreposição α/β-adrenérgica aumenta a tensão arterial e a taquicardia.,Overlapping α/β-adrenergic effects raise blood pressure and heart rate.,Usar com precaução em doentes cardiovasculares; vigiar sintomas.,Use with caution in cardiovascular patients; watch for symptoms.,Tensão arterial e ritmo cardíaco.,Blood pressure and heart rhythm.,"Hipertensão, palpitações, tremores.","Hypertension, palpitations, tremor.","DailyMed (FDA) — rótulo aprovado Pseudoefedrina: https://dailymed.nlm.nih.gov/dailymed/drugInfo.cfm?setid=78faa497-6743-b85b-e053-2a91aa0ae822 ; rótulo aprovado Salbutamol: https://dailymed.nlm.nih.gov/dailymed/drugInfo.cfm?setid=3236f82c-14e9-dfd4-e063-6294a90ac43d — referência adicional: Prontuário Terapêutico do INFARMED (11.ª ed., 2012)","DailyMed (FDA) — approved Pseudoephedrine label: https://dailymed.nlm.nih.gov/dailymed/drugInfo.cfm?setid=78faa497-6743-b85b-e053-2a91aa0ae822 ; approved Salbutamol label: https://dailymed.nlm.nih.gov/dailymed/drugInfo.cfm?setid=3236f82c-14e9-dfd4-e063-6294a90ac43d — additional reference: Prontuário Terapêutico do INFARMED (11th ed., 2012)",publicado,
pseudoefedrina_sertralina,pseudoefedrina,sertralina,minor,Descongestionante + ISRS: possível aumento do efeito pressor e serotonérgico.,Decongestant + SSRI: possible increased pressor and serotonergic effect.,A pseudoefedrina pode adicionar efeito pressor; o ISRS interfere com o metabolismo.,Pseudoephedrine may add a pressor effect; the SSRI interferes with metabolism.,Vigiar tensão arterial e sintomas serotonérgicos.,Monitor blood pressure and serotonergic symptoms.,Tensão arterial em doentes de risco.,Blood pressure in at-risk patients.,"Hipertensão, agitação, tremores.","Hypertension, agitation, tremor.","DailyMed (FDA) — rótulo aprovado Pseudoefedrina: https://dailymed.nlm.nih.gov/dailymed/drugInfo.cfm?setid=78faa497-6743-b85b-e053-2a91aa0ae822 ; rótulo aprovado Sertralina: https://dailymed.nlm.nih.gov/dailymed/drugInfo.cfm?setid=91e24d17-ff0a-449c-9472-b9df74c98456 — referência adicional: Prontuário Terapêutico do INFARMED (11.ª ed., 2012)","DailyMed (FDA) — approved Pseudoephedrine label: https://dailymed.nlm.nih.gov/dailymed/drugInfo.cfm?setid=78faa497-6743-b85b-e053-2a91aa0ae822 ; approved Sertraline label: https://dailymed.nlm.nih.gov/dailymed/drugInfo.cfm?setid=91e24d17-ff0a-449c-9472-b9df74c98456 — additional reference: Prontuário Terapêutico do INFARMED (11th ed., 2012)",publicado,
pseudoefedrina_teofilina,pseudoefedrina,teofilina,moderate,Descongestionante + teofilina: estimulação aditiva e hipocaliemia.,Decongestant + theophylline: additive stimulation and hypokalaemia.,"Efeitos estimulantes aditivos (taquicardia, tremores) e possível perda de potássio.","Additive stimulant effects (tachycardia, tremor) and possible potassium loss.",Vigiar sintomas cardiovasculares; monitorizar potássio em doentes de risco.,Watch for cardiovascular symptoms; monitor potassium in at-risk patients.,Potássio e sintomas adrenérgicos.,Potassium and adrenergic symptoms.,"Palpitações, tremores, insónia.","Palpitations, tremor, insomnia.","DailyMed (FDA) — rótulo aprovado Pseudoefedrina: https://dailymed.nlm.nih.gov/dailymed/drugInfo.cfm?setid=78faa497-6743-b85b-e053-2a91aa0ae822 ; rótulo aprovado Teofilina: https://dailymed.nlm.nih.gov/dailymed/drugInfo.cfm?setid=5e64036a-ee3e-42e7-9e59-881f88a4e298 — referência adicional: Prontuário Terapêutico do INFARMED (11.ª ed., 2012)","DailyMed (FDA) — approved Pseudoephedrine label: https://dailymed.nlm.nih.gov/dailymed/drugInfo.cfm?setid=78faa497-6743-b85b-e053-2a91aa0ae822 ; approved Theophylline label: https://dailymed.nlm.nih.gov/dailymed/drugInfo.cfm?setid=5e64036a-ee3e-42e7-9e59-881f88a4e298 — additional reference: Prontuário Terapêutico do INFARMED (11th ed., 2012)",publicado,
quinina_voriconazol,quinina,voriconazol,moderate,Associação de Voriconazol e Quinina com risco de prolongamento do intervalo QT e arritmias.,Voriconazole plus Quinine carries a risk of QT prolongation and arrhythmias.,Efeito aditivo sobre a repolarização cardíaca.,Additive effect on cardiac repolarization.,Usar com precaução; monitorizar ECG (QT) e eletrólitos.,Use with caution; monitor ECG (QT) and electrolytes.,"ECG (intervalo QT), eletrólitos (K+, Mg2+).","ECG (QT interval), electrolytes (K+, Mg2+).","Síncope, palpitações, torsades de pointes.","Syncope, palpitations, torsades de pointes.",DailyMed/FDA (NIH/NLM) — rótulo aprovado Voriconazol: https://dailymed.nlm.nih.gov/dailymed/drugInfo.cfm?setid=f6a1a792-141b-42e8-8bd1-884e4408eb8a ; rótulo aprovado Quinina: https://dailymed.nlm.nih.gov/dailymed/drugInfo.cfm?setid=1f32f05c-a215-40be-b951-e41a7b54a8a0,DailyMed/FDA (NIH/NLM) — approved Voriconazole label: https://dailymed.nlm.nih.gov/dailymed/drugInfo.cfm?setid=f6a1a792-141b-42e8-8bd1-884e4408eb8a ; approved Quinine label: https://dailymed.nlm.nih.gov/dailymed/drugInfo.cfm?setid=1f32f05c-a215-40be-b951-e41a7b54a8a0,publicado,2026-08-04
quinina_warfarina,quinina,warfarina,moderate,A Quinina pode aumentar o efeito da Warfarina — risco hemorrágico.,Quinine may increase the effect of Warfarin — bleeding risk.,Inibição do metabolismo da Warfarina (CYP2C9) e possível deslocamento proteico.,Inhibition of Warfarin metabolism (CYP2C9) and possible protein displacement.,Monitorizar o INR e ajustar a dose.,Monitor the INR and adjust the dose.,INR frequente e sinais de hemorragia.,Frequent INR and signs of bleeding.,"Hemorragias, equimoses, fezes escuras.","Bleeding, bruising, dark stools.",DailyMed/FDA (NIH/NLM) — rótulo aprovado Quinina: https://dailymed.nlm.nih.gov/dailymed/drugInfo.cfm?setid=1f32f05c-a215-40be-b951-e41a7b54a8a0 ; rótulo aprovado Warfarina: https://dailymed.nlm.nih.gov/dailymed/drugInfo.cfm?setid=541c9a70-adaf-4ef3-94ba-ad4e70dfa057,DailyMed/FDA (NIH/NLM) — approved Quinine label: https://dailymed.nlm.nih.gov/dailymed/drugInfo.cfm?setid=1f32f05c-a215-40be-b951-e41a7b54a8a0 ; approved Warfarin label: https://dailymed.nlm.nih.gov/dailymed/drugInfo.cfm?setid=541c9a70-adaf-4ef3-94ba-ad4e70dfa057,publicado,2026-08-03
ramipril_valsartana,ramipril,valsartana,moderate,Duplo bloqueio do eixo renina-angiotensina (IECA+ARA) com risco de hipotensão e lesão renal.,Dual RAAS blockade (ACE+ARB) with risk of hypotension and renal injury.,O bloqueio reforçado reduz a pressão intraglomerular; pode agravar a função renal e a hipercaliemia.,"Enhanced blockade lowers intraglomerular pressure, impairing renal function and raising potassium.",Evitar a associação sem benefício comprovado; monitorizar a função renal.,Avoid unless proven benefit; monitor renal function.,"Creatinina, diurese, potássio.","Creatinine, diuresis, potassium.",Hipotensão ou piora renal.,Hypotension or renal worsening.,"DailyMed (FDA) — rótulo aprovado Ramipril: https://dailymed.nlm.nih.gov/dailymed/drugInfo.cfm?setid=3806abdc-6aec-4252-bd79-e2c115b849aa ; rótulo aprovado Valsartana: https://dailymed.nlm.nih.gov/dailymed/drugInfo.cfm?setid=1a8af3d9-4053-4233-82a7-e8c7bc9e302f — referência adicional: Prontuário Terapêutico do INFARMED (11.ª ed., 2012)","DailyMed (FDA) — approved Ramipril label: https://dailymed.nlm.nih.gov/dailymed/drugInfo.cfm?setid=3806abdc-6aec-4252-bd79-e2c115b849aa ; approved Valsartan label: https://dailymed.nlm.nih.gov/dailymed/drugInfo.cfm?setid=1a8af3d9-4053-4233-82a7-e8c7bc9e302f — additional reference: Prontuário Terapêutico do INFARMED (11th ed., 2012)",publicado,
rifampicina_sildenafil,rifampicina,sildenafil,moderate,A Rifampicina reduz os níveis de Sildenafil — perda de eficácia (ou necessidade de doses maiores).,Rifampin lowers Sildenafil levels — loss of efficacy (or need for higher doses).,"Indução do CYP3A4, via de metabolização do Sildenafil.","CYP3A4 induction, the Sildenafil metabolic pathway.",Vigiar a resposta; ajustar a dose (sem exceder o máximo diário).,Monitor response; adjust dose (without exceeding the daily maximum).,Resposta clínica.,Clinical response.,Falta de efeito.,Lack of effect.,DailyMed/FDA (NIH/NLM) — rótulo aprovado Rifampicina: https://dailymed.nlm.nih.gov/dailymed/drugInfo.cfm?setid=b389b1a3-672f-47e3-916c-4a9c044b211b ; rótulo aprovado Sildenafil: https://dailymed.nlm.nih.gov/dailymed/drugInfo.cfm?setid=00ee09dd-2de0-4dc4-85f6-b51ed6eabd5b,DailyMed/FDA (NIH/NLM) — approved Rifampin label: https://dailymed.nlm.nih.gov/dailymed/drugInfo.cfm?setid=b389b1a3-672f-47e3-916c-4a9c044b211b ; approved Sildenafil label: https://dailymed.nlm.nih.gov/dailymed/drugInfo.cfm?setid=00ee09dd-2de0-4dc4-85f6-b51ed6eabd5b,publicado,2026-08-03
rifampicina_voriconazol,rifampicina,voriconazol,moderate,"A Rifampicina (indutor potente) reduz acentuadamente as concentrações de Voriconazol, com alto risco de falência terapêutica.","Rifampin (a potent inducer) markedly reduces Voriconazole levels, with a high risk of therapeutic failure.","Indução potente do CYP3A4/CYP2C19 pela rifampicina, acelerando fortemente a eliminação do voriconazol.",Potent CYP3A4/CYP2C19 induction by rifampin strongly accelerates voriconazole elimination.,Evitar a associação (considerada contraindicada). Usar antifúngico alternativo quando coexiste tuberculose.,Avoid the combination (considered contraindicated). Use an alternative antifungal when tuberculosis coexists.,Resposta clínica e micológica; considerar monitorização de níveis.,Clinical and mycological response; consider level monitoring.,Falência do tratamento antifúngico (infeção fúngica invasiva).,Antifungal treatment failure (invasive fungal infection).,"DailyMed/FDA (NIH/NLM) — rótulo aprovado Voriconazol: https://dailymed.nlm.nih.gov/dailymed/drugInfo.cfm?setid=f6a1a792-141b-42e8-8bd1-884e4408eb8a ; rótulo aprovado Rifampicina: https://dailymed.nlm.nih.gov/dailymed/drugInfo.cfm?setid=b389b1a3-672f-47e3-916c-4a9c044b211b — com referência adicional: Prontuário Terapêutico do INFARMED (11.ª ed., 2012)","DailyMed/FDA (NIH/NLM) — approved Voriconazole label: https://dailymed.nlm.nih.gov/dailymed/drugInfo.cfm?setid=f6a1a792-141b-42e8-8bd1-884e4408eb8a ; approved Rifampin label: https://dailymed.nlm.nih.gov/dailymed/drugInfo.cfm?setid=b389b1a3-672f-47e3-916c-4a9c044b211b — with additional reference: Prontuário Terapêutico do INFARMED, INFARMED (11th ed., 2012)",publicado,2026-08-04
rifampicina_warfarina,rifampicina,warfarina,moderate,A Rifampicina acelera o metabolismo da Warfarina e reduz o INR — risco de trombose por anticoagulação insuficiente.,Rifampin accelerates Warfarin metabolism and lowers the INR — risk of thrombosis from under-anticoagulation.,"Indução do CYP2C9 (e CYP3A4), principal via de metabolização da Warfarina.","CYP2C9 (and CYP3A4) induction, the main Warfarin metabolic pathway.",Monitorizar o INR ao iniciar/parar a rifampicina e ajustar a dose.,Monitor the INR when starting/stopping rifampin and adjust the dose.,INR semanal no início; sinais de trombose.,Weekly INR when starting; signs of thrombosis.,"TVP/EP, AVC, isquemia dos membros.","DVT/PE, stroke, limb ischaemia.",DailyMed/FDA (NIH/NLM) — rótulo aprovado Rifampicina: https://dailymed.nlm.nih.gov/dailymed/drugInfo.cfm?setid=b389b1a3-672f-47e3-916c-4a9c044b211b ; rótulo aprovado Warfarina: https://dailymed.nlm.nih.gov/dailymed/drugInfo.cfm?setid=541c9a70-adaf-4ef3-94ba-ad4e70dfa057,DailyMed/FDA (NIH/NLM) — approved Rifampin label: https://dailymed.nlm.nih.gov/dailymed/drugInfo.cfm?setid=b389b1a3-672f-47e3-916c-4a9c044b211b ; approved Warfarin label: https://dailymed.nlm.nih.gov/dailymed/drugInfo.cfm?setid=541c9a70-adaf-4ef3-94ba-ad4e70dfa057,publicado,2026-08-03
ritonavir_sildenafil,ritonavir,sildenafil,moderate,"A associação de Ritonavir com Sildenafil aumenta de forma marcada as concentrações e os efeitos do Sildenafil, com risco acrescido de hipotensão e priapismo.","Combining Ritonavir with Sildenafil markedly increases Sildenafil concentrations and effects, with an increased risk of hypotension and priapism.","Ritonavir (inibidor do CYP3A4) reduz drasticamente o metabolismo de primeira passagem do Sildenafil, aumentando muito a sua exposição sistémica.","Ritonavir (a CYP3A4 inhibitor) markedly reduces first-pass metabolism of Sildenafil, greatly increasing its systemic exposure.",O Sildenafil para disfunção erétil deverá ser iniciado em dose baixa (máx. 25 mg em 48 h) com Ritonavir; para hipertensão pulmonar a combinação é contraindicada em muitos regimes.,Sildenafil for erectile dysfunction should be started low (max 25 mg every 48 h) with Ritonavir; for pulmonary hypertension the combination is contraindicated in many regimens.,"Vigiar tensão arterial, sintomas de hipotensão ortostática e duração anormal de ereção.","Monitor blood pressure, orthostatic hypotension and abnormally prolonged erection.",Hipotensão sintomática grave ou ereção com duração superior a 4 horas exigem avaliação médica urgente.,Severe symptomatic hypotension or an erection lasting more than 4 hours requires urgent medical evaluation.,"DailyMed/FDA (NIH/NLM) — rótulo aprovado Ritonavir: https://dailymed.nlm.nih.gov/dailymed/drugInfo.cfm?setid=2849298e-de6e-47bb-8194-56e075b33fc3 ; rótulo aprovado Sildenafil: https://dailymed.nlm.nih.gov/dailymed/drugInfo.cfm?setid=00ee09dd-2de0-4dc4-85f6-b51ed6eabd5b — com referência adicional: Prontuário Terapêutico do INFARMED (11.ª ed., 2012)","DailyMed/FDA (NIH/NLM) — approved Ritonavir label: https://dailymed.nlm.nih.gov/dailymed/drugInfo.cfm?setid=2849298e-de6e-47bb-8194-56e075b33fc3 ; approved Sildenafil label: https://dailymed.nlm.nih.gov/dailymed/drugInfo.cfm?setid=00ee09dd-2de0-4dc4-85f6-b51ed6eabd5b — with additional reference: Prontuário Terapêutico do INFARMED, INFARMED (11th ed., 2012)",publicado,2026-08-04
ritonavir_warfarina,ritonavir,warfarina,moderate,"A associação de Ritonavir com Varfarina pode alterar de forma imprevisível o efeito anticoagulante da Varfarina, com risco de hemorragia ou de eventos trombóticos.","Combining Ritonavir with Warfarin can unpredictably alter the anticoagulant effect of Warfarin, posing a risk of bleeding or thrombotic events.","Ritonavir é um potente inibidor do CYP3A4 e da glicoproteína-P; a Varfarina é metabolizada sobretudo pelo CYP2C9. O efeito líquido sobre as concentrações de Varfarina é variável (aumento ou redução) entre doentes, exigindo monitorização.","Ritonavir is a potent inhibitor of CYP3A4 and P-glycoprotein; Warfarin is mainly metabolised by CYP2C9. The net effect on warfarin exposure is variable (increase or decrease) between patients, requiring monitoring.","Manter monitorização do INR sempre que o Ritonavir for iniciado, suspenso ou ajustado; titular a dose de Varfarina com base no INR. Preferir, se possível, anticoagulantes com farmacocinética mais previsível.","Maintain INR monitoring whenever Ritonavir is started, stopped or adjusted; titrate the Warfarin dose based on the INR. When possible, prefer anticoagulants with more predictable pharmacokinetics.","INR frequente no início e em cada alteração de dose; vigiar sinais de hemorragia (equimoses espontâneas, hemorragia gengival, hematúria) e sintomas de trombose.","Frequent INR at start and at each dose change; watch for bleeding signs (spontaneous bruising, gum bleeding, haematuria) and thrombotic symptoms.","INR acima de 3,5 ou hemorragia ativa exigem suspensão ou ajuste imediato do anticoagulante.",INR above 3.5 or active bleeding requires immediate discontinuation or adjustment of the anticoagulant.,"DailyMed/FDA (NIH/NLM) — rótulo aprovado Ritonavir: https://dailymed.nlm.nih.gov/dailymed/drugInfo.cfm?setid=2849298e-de6e-47bb-8194-56e075b33fc3 ; rótulo aprovado Warfarina: https://dailymed.nlm.nih.gov/dailymed/drugInfo.cfm?setid=541c9a70-adaf-4ef3-94ba-ad4e70dfa057 — com referência adicional: Prontuário Terapêutico do INFARMED (11.ª ed., 2012)","DailyMed/FDA (NIH/NLM) — approved Ritonavir label: https://dailymed.nlm.nih.gov/dailymed/drugInfo.cfm?setid=2849298e-de6e-47bb-8194-56e075b33fc3 ; approved Warfarin label: https://dailymed.nlm.nih.gov/dailymed/drugInfo.cfm?setid=541c9a70-adaf-4ef3-94ba-ad4e70dfa057 — with additional reference: Prontuário Terapêutico do INFARMED, INFARMED (11th ed., 2012)",publicado,2026-08-04
rivaroxabano_warfarina,rivaroxabano,warfarina,moderate,A transição entre rivaroxabano e varfarina requer sobreposição controlada; a toma simultânea prolongada aumenta a hemorragia.,Switching between rivaroxaban and warfarin requires controlled overlap; prolonged simultaneous use increases bleeding.,A sobreposição duplica a anticoagulação; o efeito do rivaroxabano sobrepõe-se à varfarina antes de esta atingir o INR-alvo.,Overlap doubles anticoagulation; rivaroxaban's effect overlaps warfarin before it reaches the target INR.,"Seguir o esquema de transição da SmPC: varfarina + rivaroxabano durante 2 dias até INR ≥ 2,0 (e vice-versa).",Follow the SmPC transition schedule: warfarin plus rivaroxaban for 2 days until INR ≥ 2.0 (and vice versa).,Monitorizar o INR conforme o protocolo de transição e sinais de hemorragia.,Monitor INR per the transition protocol and bleeding signs.,"INR supra-terapêutico, hemorragia ativa durante a transição.","Supratherapeutic INR, active bleeding during transition.","DailyMed (FDA) — rótulo aprovado Rivaroxabano: https://dailymed.nlm.nih.gov/dailymed/drugInfo.cfm?setid=481b7802-5093-43e7-bbd9-1532197eb6e6 ; rótulo aprovado Varfarina: https://dailymed.nlm.nih.gov/dailymed/drugInfo.cfm?setid=541c9a70-adaf-4ef3-94ba-ad4e70dfa057 — referência adicional: Prontuário Terapêutico do INFARMED (11.ª ed., 2012)","DailyMed (FDA) — approved Rivaroxaban label: https://dailymed.nlm.nih.gov/dailymed/drugInfo.cfm?setid=481b7802-5093-43e7-bbd9-1532197eb6e6 ; approved Warfarin label: https://dailymed.nlm.nih.gov/dailymed/drugInfo.cfm?setid=541c9a70-adaf-4ef3-94ba-ad4e70dfa057 — additional reference: Prontuário Terapêutico do INFARMED (11th ed., 2012)",publicado,
salbutamol_sotalol,salbutamol,sotalol,moderate,Os β-bloqueadores não seletivos como o sotalol antagonizam o efeito broncodilatador do salbutamol e podem desencadear broncospasmo.,Non-selective beta-blockers such as sotalol antagonise the bronchodilator effect of salbutamol and may trigger bronchospasm.,"O sotalol bloqueia os recetores β2 brônquicos, opondo-se ao salbutamol.","Sotalol blocks bronchial β2 receptors, opposing salbutamol.","Evitar β-bloqueadores não seletivos em doentes asmáticos; se inevitáveis, usar cardioseletivos com precaução.","Avoid non-selective beta-blockers in asthmatic patients; if unavoidable, use cardioselective agents with caution.",Vigiar a função respiratória e a resposta ao broncodilatador.,Monitor respiratory function and response to the bronchodilator.,"Broncospasmo, agravamento da dispneia.","Bronchospasm, worsening dyspnoea.","DailyMed (FDA) — rótulo aprovado Salbutamol: https://dailymed.nlm.nih.gov/dailymed/drugInfo.cfm?setid=3236f82c-14e9-dfd4-e063-6294a90ac43d ; rótulo aprovado Sotalol: https://dailymed.nlm.nih.gov/dailymed/drugInfo.cfm?setid=9a36d95c-6e93-4e57-befe-b5274f359244 — referência adicional: Prontuário Terapêutico do INFARMED (11.ª ed., 2012)","DailyMed (FDA) — approved Salbutamol label: https://dailymed.nlm.nih.gov/dailymed/drugInfo.cfm?setid=3236f82c-14e9-dfd4-e063-6294a90ac43d ; approved Sotalol label: https://dailymed.nlm.nih.gov/dailymed/drugInfo.cfm?setid=9a36d95c-6e93-4e57-befe-b5274f359244 — additional reference: Prontuário Terapêutico do INFARMED (11th ed., 2012)",publicado,
salbutamol_sulfato_magnesio,salbutamol,sulfato_magnesio,moderate,Salbutamol + magnésio: hipocaliemia aditiva (o β2-agonista baixa o potássio).,Salbutamol + magnesium: additive hypokalaemia (the β2-agonist lowers potassium).,"Os β2-agonistas causam entrada de K+ na célula; a associação com magnésio pode acentuar a hipocaliemia, sobretudo em doses elevadas.","β2-agonists cause K+ shift into cells; combined with magnesium, hypokalaemia may be accentuated, especially at high doses.",Monitorizar o potássio em doses elevadas ou uso prolongado.,Monitor potassium at high doses or with prolonged use.,Potássio sérico.,Serum potassium.,"Fraqueza, cãibras, arritmias.","Weakness, cramps, arrhythmias.","DailyMed (FDA) — rótulo aprovado Salbutamol: https://dailymed.nlm.nih.gov/dailymed/drugInfo.cfm?setid=3236f82c-14e9-dfd4-e063-6294a90ac43d ; rótulo aprovado Sulfato de magnésio: https://dailymed.nlm.nih.gov/dailymed/drugInfo.cfm?setid=a5a9f565-639c-4b22-b9e5-718bac7cfcf3 — referência adicional: Prontuário Terapêutico do INFARMED (11.ª ed., 2012)","DailyMed (FDA) — approved Salbutamol label: https://dailymed.nlm.nih.gov/dailymed/drugInfo.cfm?setid=3236f82c-14e9-dfd4-e063-6294a90ac43d ; approved Magnesium sulfate label: https://dailymed.nlm.nih.gov/dailymed/drugInfo.cfm?setid=a5a9f565-639c-4b22-b9e5-718bac7cfcf3 — additional reference: Prontuário Terapêutico do INFARMED (11th ed., 2012)",publicado,
salbutamol_teofilina,salbutamol,teofilina,moderate,"A associação de teofilina com salbutamol tem efeitos aditivos (tremores, taquicardia, hipocaliemia).","Combining theophylline with salbutamol has additive effects (tremor, tachycardia, hypokalaemia).",Ambos os fármacos estimulam a adenilciclase / aumentam o AMPc e podem potenciar o efeito β2 e a perda de potássio.,Both drugs stimulate adenylate cyclase / raise cAMP and may potentiate the β2 effect and potassium loss.,"Monitorizar o potássio sérico e o ritmo cardíaco, sobretudo em doentes com doença cardiovascular.","Monitor serum potassium and heart rhythm, especially in patients with cardiovascular disease.","Vigiar tremores, palpitações e dosear o potássio em doentes de risco.","Monitor tremor, palpitations and check potassium in at-risk patients.","Hipocaliemia sintomática, arritmias.","Symptomatic hypokalaemia, arrhythmias.","DailyMed (FDA) — rótulo aprovado Teofilina: https://dailymed.nlm.nih.gov/dailymed/drugInfo.cfm?setid=5e64036a-ee3e-42e7-9e59-881f88a4e298 ; rótulo aprovado Salbutamol: https://dailymed.nlm.nih.gov/dailymed/drugInfo.cfm?setid=3236f82c-14e9-dfd4-e063-6294a90ac43d — referência adicional: Prontuário Terapêutico do INFARMED (11.ª ed., 2012)","DailyMed (FDA) — approved Theophylline label: https://dailymed.nlm.nih.gov/dailymed/drugInfo.cfm?setid=5e64036a-ee3e-42e7-9e59-881f88a4e298 ; approved Salbutamol label: https://dailymed.nlm.nih.gov/dailymed/drugInfo.cfm?setid=3236f82c-14e9-dfd4-e063-6294a90ac43d — additional reference: Prontuário Terapêutico do INFARMED (11th ed., 2012)",publicado,
salmeterol_sotalol,salmeterol,sotalol,moderate,O sotalol pode reduzir o efeito broncodilatador do salmeterol e aumentar o risco de broncospasmo.,Sotalol may reduce the bronchodilator effect of salmeterol and increase the risk of bronchospasm.,Antagonismo recetor β2 entre o LABA e o β-bloqueador não seletivo.,β2-receptor antagonism between the LABA and the non-selective beta-blocker.,Evitar a associação em doentes com asma; monitorizar a função respiratória.,Avoid the combination in asthma; monitor respiratory function.,Vigiar sintomas de broncospasmo e a eficácia do broncodilatador.,Monitor for bronchospasm and bronchodilator efficacy.,"Broncospasmo, falta de resposta ao salmeterol.","Bronchospasm, lack of response to salmeterol.","DailyMed (FDA) — rótulo aprovado Salmeterol: https://dailymed.nlm.nih.gov/dailymed/drugInfo.cfm?setid=12d9728e-6b5c-4aee-bfb0-745e542ed2e4 ; rótulo aprovado Sotalol: https://dailymed.nlm.nih.gov/dailymed/drugInfo.cfm?setid=9a36d95c-6e93-4e57-befe-b5274f359244 — referência adicional: Prontuário Terapêutico do INFARMED (11.ª ed., 2012)","DailyMed (FDA) — approved Salmeterol label: https://dailymed.nlm.nih.gov/dailymed/drugInfo.cfm?setid=12d9728e-6b5c-4aee-bfb0-745e542ed2e4 ; approved Sotalol label: https://dailymed.nlm.nih.gov/dailymed/drugInfo.cfm?setid=9a36d95c-6e93-4e57-befe-b5274f359244 — additional reference: Prontuário Terapêutico do INFARMED (11th ed., 2012)",publicado,
sertralina_tramadol,sertralina,tramadol,moderate,Risco de síndrome serotoninérgica e diminuição do limiar convulsivo quando a Sertralina é combinada com o Tramadol.,Risk of serotonin syndrome and a lowered seizure threshold when Sertraline is combined with Tramadol.,"A Sertralina aumenta a serotonina central e o Tramadol também o faz, além de reduzir o limiar para convulsões.","Sertraline raises central serotonin and Tramadol does as well, further lowering the seizure threshold.","Evitar a combinação se possível; se inevitável, usar a menor dose e vigiar sinais.","Avoid the combination if possible; if unavoidable, use the lowest dose and monitor signs.",Observar sinais de serotonina e convulsões nos primeiros dias da associação.,Watch for serotonin signs and seizures in the first days of association.,"Agitação, tremor, hipertermia, clonus, convulsões, confusão.","Agitation, tremor, hyperthermia, clonus, seizures, confusion.",DailyMed/FDA (NIH/NLM) — rótulo aprovado Sertralina: https://dailymed.nlm.nih.gov/dailymed/drugInfo.cfm?setid=91e24d17-ff0a-449c-9472-b9df74c98456 ; rótulo aprovado Tramadol: https://dailymed.nlm.nih.gov/dailymed/drugInfo.cfm?setid=552955e6-2bb3-8755-e063-6394a90ab21c,DailyMed/FDA (NIH/NLM) — approved Sertraline label: https://dailymed.nlm.nih.gov/dailymed/drugInfo.cfm?setid=91e24d17-ff0a-449c-9472-b9df74c98456 ; approved Tramadol label: https://dailymed.nlm.nih.gov/dailymed/drugInfo.cfm?setid=552955e6-2bb3-8755-e063-6394a90ab21c,publicado,2026-08-02
sildenafil_voriconazol,sildenafil,voriconazol,moderate,"O Voriconazol aumenta as concentrações de Sildenafil (inibição do CYP3A4), com risco de hipotensão e efeitos adversos.","Voriconazole raises Sildenafil concentrations (CYP3A4 inhibition), with a risk of hypotension and adverse effects.","Inibição do CYP3A4 pelo voriconazol, aumentando a exposição do sildenafil.",CYP3A4 inhibition by voriconazole increases sildenafil exposure.,Limitar a dose de sildenafil durante o tratamento com voriconazol; monitorizar a pressão arterial.,Limit the sildenafil dose during voriconazole therapy; monitor blood pressure.,"Pressão arterial, cefaleia, rubor, palpitações.","Blood pressure, headache, flushing, palpitations.","Hipotensão, síncope.","Hypotension, syncope.",DailyMed/FDA (NIH/NLM) — rótulo aprovado Voriconazol: https://dailymed.nlm.nih.gov/dailymed/drugInfo.cfm?setid=f6a1a792-141b-42e8-8bd1-884e4408eb8a ; rótulo aprovado Sildenafil: https://dailymed.nlm.nih.gov/dailymed/drugInfo.cfm?setid=00ee09dd-2de0-4dc4-85f6-b51ed6eabd5b,DailyMed/FDA (NIH/NLM) — approved Voriconazole label: https://dailymed.nlm.nih.gov/dailymed/drugInfo.cfm?setid=f6a1a792-141b-42e8-8bd1-884e4408eb8a ; approved Sildenafil label: https://dailymed.nlm.nih.gov/dailymed/drugInfo.cfm?setid=00ee09dd-2de0-4dc4-85f6-b51ed6eabd5b,publicado,2026-08-04
sucralfato_zinco,sucralfato,zinco,moderate,"Sucralfato + zinco: o sucralfato liga-se ao zinco, reduzindo a sua absorção.","Sucralfate + zinc: sucralfate binds zinc, reducing its absorption.",A película de sucralfato liga catiões metálicos no estômago.,The sucralfate film binds metal cations in the stomach.,Separar as tomas por pelo menos 2 horas.,Separate dosing by at least 2 hours.,Eficácia da suplementação de zinco.,Effectiveness of zinc supplementation.,Sem sintomas agudos; défice com uso prolongado.,No acute symptoms; deficiency with long-term use.,"DailyMed (FDA) — rótulo aprovado Sucralfato: https://dailymed.nlm.nih.gov/dailymed/drugInfo.cfm?setid=1e781cc0-24ec-4028-8262-dcef9873ea1f ; rótulo aprovado Zinco (sulfato de zinco): https://dailymed.nlm.nih.gov/dailymed/drugInfo.cfm?setid=2bd646d2-2a2a-4376-8da0-c7f08b0511ac — referência adicional: Prontuário Terapêutico do INFARMED (11.ª ed., 2012)","DailyMed (FDA) — approved Sucralfate label: https://dailymed.nlm.nih.gov/dailymed/drugInfo.cfm?setid=1e781cc0-24ec-4028-8262-dcef9873ea1f ; approved Zinc (zinc sulfate) label: https://dailymed.nlm.nih.gov/dailymed/drugInfo.cfm?setid=2bd646d2-2a2a-4376-8da0-c7f08b0511ac — additional reference: Prontuário Terapêutico do INFARMED (11th ed., 2012)",publicado,
sulfadoxina-pirimetamina_warfarina,sulfadoxina-pirimetamina,warfarina,moderate,A Sulfadoxina (sulfonamida) pode potenciar o efeito da Warfarina — risco hemorrágico.,Sulfadoxine (a sulfonamide) may enhance the effect of Warfarin — bleeding risk.,Possível inibição do metabolismo da Warfarina e/ou deslocamento da ligação proteica.,Possible inhibition of Warfarin metabolism and/or protein-binding displacement.,Monitorizar o INR ao iniciar/parar e ajustar a dose.,Monitor the INR on starting/stopping and adjust the dose.,INR e sinais de hemorragia.,INR and signs of bleeding.,"Hemorragias, equimoses, fezes escuras.","Bleeding, bruising, dark stools.",OMS (WHO) — Directrizes da OMS para a malária: https://www.who.int/teams/global-malaria-programme/guidelines-for-malaria ; DailyMed/FDA (NIH/NLM) — rótulo aprovado Warfarina: https://dailymed.nlm.nih.gov/dailymed/drugInfo.cfm?setid=541c9a70-adaf-4ef3-94ba-ad4e70dfa057,WHO — WHO Guidelines for malaria: https://www.who.int/teams/global-malaria-programme/guidelines-for-malaria ; DailyMed/FDA (NIH/NLM) — approved Warfarin label: https://dailymed.nlm.nih.gov/dailymed/drugInfo.cfm?setid=541c9a70-adaf-4ef3-94ba-ad4e70dfa057,publicado,2026-08-03
tobramicina_vancomicina,tobramicina,vancomicina,moderate,"A associação de Tobramicina com Vancomicina aumenta o risco de nefrotoxicidade e ototoxicidade, por efeito aditivo sobre o rim e o ouvido interno.",Combining Tobramycin with Vancomycin increases the risk of nephrotoxicity and ototoxicity through an additive effect on the kidney and the inner ear.,"A Vancomicina e a Tobramicina (aminoglicosídeo) têm nefro- e ototoxicidade sobreponíveis; a co-administração potencia a lesão renal e coclear/vestibular, com risco acrescido na insuficiência renal.","Vancomycin and Tobramycin (aminoglycoside) have overlapping nephrotoxicity and ototoxicity; co-administration potentiates renal and cochlear/vestibular injury, with added risk in renal impairment.","Evitar a associação; se inevitável, minimizar a duração e ajustar doses à função renal.","Avoid the combination; if unavoidable, minimize duration and adjust doses to renal function.","Monitorizar função renal, níveis séricos e sinais de ototoxicidade durante a associação.","Monitor renal function, serum levels and ototoxicity signs during the combination.","Elevação da creatinina, oligúria, zumbidos ou hipoacusia exigem reavaliação imediata.","Rising creatinine, oliguria, tinnitus or hearing loss require immediate reassessment.","DailyMed/FDA (NIH/NLM) — rótulo aprovado Tobramicina: https://dailymed.nlm.nih.gov/dailymed/drugInfo.cfm?setid=c4751a4f-c9c1-60c5-e053-2995a90aeba9 ; rótulo aprovado Vancomicina: https://dailymed.nlm.nih.gov/dailymed/drugInfo.cfm?setid=b01aaa02-8f1d-4b57-96a5-337503428af1 — com referência adicional: Prontuário Terapêutico do INFARMED (11.ª ed., 2012)","DailyMed/FDA (NIH/NLM) — approved Tobramycin label: https://dailymed.nlm.nih.gov/dailymed/drugInfo.cfm?setid=c4751a4f-c9c1-60c5-e053-2995a90aeba9 ; approved Vancomycin label: https://dailymed.nlm.nih.gov/dailymed/drugInfo.cfm?setid=b01aaa02-8f1d-4b57-96a5-337503428af1 — with additional reference: Prontuário Terapêutico do INFARMED, INFARMED (11th ed., 2012)",publicado,2026-08-04
valproato_warfarina,valproato,warfarina,moderate,A associação de Valproato com Varfarina pode aumentar o efeito anticoagulante e o risco de hemorragia.,Combining Valproate with Warfarin may increase the anticoagulant effect and the risk of bleeding.,"O Valproato desloca a Varfarina das proteínas plasmáticas, podendo aumentar a fração livre e o efeito anticoagulante.","Valproate displaces Warfarin from plasma proteins, potentially increasing the free fraction and the anticoagulant effect.",Monitorizar o INR e vigiar sinais de hemorragia.,Monitor the INR and watch for bleeding signs.,Monitorizar o INR e os sinais de hemorragia.,Monitor the INR and signs of bleeding.,INR elevado ou hemorragia ativa exigem ajuste do anticoagulante.,A high INR or active bleeding require anticoagulant adjustment.,"DailyMed/FDA (NIH/NLM) — rótulo aprovado Valproato: https://dailymed.nlm.nih.gov/dailymed/drugInfo.cfm?setid=a33f7657-ad0f-43e9-ba48-024746e6d08e ; rótulo aprovado Warfarina: https://dailymed.nlm.nih.gov/dailymed/drugInfo.cfm?setid=541c9a70-adaf-4ef3-94ba-ad4e70dfa057 — com referência adicional: Prontuário Terapêutico do INFARMED (11.ª ed., 2012)","DailyMed/FDA (NIH/NLM) — approved Valproic acid label: https://dailymed.nlm.nih.gov/dailymed/drugInfo.cfm?setid=a33f7657-ad0f-43e9-ba48-024746e6d08e ; approved Warfarin label: https://dailymed.nlm.nih.gov/dailymed/drugInfo.cfm?setid=541c9a70-adaf-4ef3-94ba-ad4e70dfa057 — with additional reference: Prontuário Terapêutico do INFARMED, INFARMED (11th ed., 2012)",publicado,2026-08-04
voriconazol_warfarina,voriconazol,warfarina,moderate,"O Voriconazol potencia o efeito anticoagulante da Varfarina, com aumento do INR e risco hemorrágico.","Voriconazole potentiates the anticoagulant effect of Warfarin, raising the INR and the bleeding risk.","Inibição do CYP2C9 pelo voriconazol, reduzindo o metabolismo da varfarina.",CYP2C9 inhibition by voriconazole reduces warfarin metabolism.,Monitorizar o INR com frequência; ajustar a dose de varfarina conforme necessário.,Monitor the INR frequently; adjust the warfarin dose as needed.,"INR, sinais de hemorragia.","INR, signs of bleeding.","Hemorragia inexplicada, melena.","Unexplained bleeding, melena.","DailyMed/FDA (NIH/NLM) — rótulo aprovado Voriconazol: https://dailymed.nlm.nih.gov/dailymed/drugInfo.cfm?setid=f6a1a792-141b-42e8-8bd1-884e4408eb8a ; rótulo aprovado Varfarina: https://dailymed.nlm.nih.gov/dailymed/drugInfo.cfm?setid=541c9a70-adaf-4ef3-94ba-ad4e70dfa057 — com referência adicional: Prontuário Terapêutico do INFARMED (11.ª ed., 2012)","DailyMed/FDA (NIH/NLM) — approved Voriconazole label: https://dailymed.nlm.nih.gov/dailymed/drugInfo.cfm?setid=f6a1a792-141b-42e8-8bd1-884e4408eb8a ; approved Warfarin label: https://dailymed.nlm.nih.gov/dailymed/drugInfo.cfm?setid=541c9a70-adaf-4ef3-94ba-ad4e70dfa057 — with additional reference: Prontuário Terapêutico do INFARMED, INFARMED (11th ed., 2012)",publicado,2026-08-04
