slug,farmaco_slug,doenca_slug,tipo_interacao,severidade,motivo_pt,motivo_en,conselho_pt,conselho_en,fonte_pt,fonte_en,estado
warfarina_avc_hemorragico,warfarina,avc_hemorragico,contraindication,critical,"A varfarina é contraindicada em doentes com hemorragia cerebral, pois o risco de novo sangramento excede qualquer benefício anticoagulante.",Warfarin is contraindicated in patients with cerebral haemorrhage because the risk of further bleeding outweighs any anticoagulant benefit.,"Não utilizar varfarina após AVC hemorrágico; após AVC isquémico, a reintrodução deve ser ponderada com base no tamanho do enfarte e no controlo tensional.","Do not use warfarin after haemorrhagic stroke; after ischaemic stroke, reintroduction must balance infarct size and blood pressure control.",EMC-UK (MHRA) — SmPC aprovada Varfarina: https://www.medicines.org.uk/emc/product/2803/smpc,EMC-UK (MHRA) — approved Warfarin SmPC: https://www.medicines.org.uk/emc/product/2803/smpc,publicado
warfarina_hemorragia_significativa,warfarina,hemorragia_significativa,contraindication,critical,"Qualquer situação de hemorragia clinicamente significativa, ou condição em que o risco hemorrágico exceda o benefício clínico, contraindica a anticoagulação.","Any clinically significant bleeding, or a condition where bleeding risk outweighs clinical benefit, contraindicates anticoagulation.",Não iniciar varfarina em doentes com hemorragia ativa ou risco hemorrágico elevado; reavaliar periodicamente a necessidade de anticoagulação.,Do not start warfarin in actively bleeding patients or those at high bleeding risk; reassess the need for anticoagulation regularly.,EMC-UK (MHRA) — SmPC aprovada Varfarina: https://www.medicines.org.uk/emc/product/2803/smpc,EMC-UK (MHRA) — approved Warfarin SmPC: https://www.medicines.org.uk/emc/product/2803/smpc,publicado
warfarina_deficiencia_proteina_c,warfarina,deficiencia_proteina_c,precaution,moderate,O défice de proteína C ou S predispõe a necrose cutânea durante o início do tratamento com varfarina.,Protein C or S deficiency predisposes to skin necrosis during warfarin initiation.,Introduzir a varfarina sem dose de ataque nestes doentes e com monitorização próxima.,"Start warfarin without a loading dose in these patients, with close monitoring.",EMC-UK (MHRA) — SmPC aprovada Varfarina: https://www.medicines.org.uk/emc/product/2803/smpc,EMC-UK (MHRA) — approved Warfarin SmPC: https://www.medicines.org.uk/emc/product/2803/smpc,publicado
warfarina_ulcera_peptica_ativa,warfarina,ulcera_peptica_ativa,precaution,moderate,A úlcera péptica ativa confere risco elevado de hemorragia gastrointestinal grave durante a anticoagulação.,Active peptic ulceration carries a high risk of serious gastrointestinal bleeding during anticoagulation.,"Ponderar o risco-benefício, educar o doente para os sinais de hemorragia e manter o INR dentro do intervalo terapêutico.","Weigh risk-benefit, educate the patient on bleeding signs and keep INR within the therapeutic range.",EMC-UK (MHRA) — SmPC aprovada Varfarina: https://www.medicines.org.uk/emc/product/2803/smpc,EMC-UK (MHRA) — approved Warfarin SmPC: https://www.medicines.org.uk/emc/product/2803/smpc,publicado
atorvastatina_doenca_hepatica_ativa,atorvastatina,doenca_hepatica_ativa,contraindication,critical,A atorvastatina está contraindicada na doença hepática ativa ou em elevações persistentes das transaminases acima de 3 vezes o limite superior do normal.,Atorvastatin is contraindicated in active liver disease or persistent transaminase elevations above 3 times the upper limit of normal.,"Não iniciar o fármaco nestas situações; se a elevação se mantiver durante o tratamento, reduzir a dose ou suspender.","Do not start the drug in these cases; if elevation persists during therapy, reduce the dose or discontinue.",EMC-UK (MHRA) — SmPC aprovada Atorvastatina: https://www.medicines.org.uk/emc/product/13672/smpc,EMC-UK (MHRA) — approved Atorvastatin SmPC: https://www.medicines.org.uk/emc/product/13672/smpc,publicado
atorvastatina_historia_doenca_hepatica,atorvastatina,historia_doenca_hepatica,precaution,moderate,A história de doença hepática e o consumo substancial de álcool aumentam o risco de elevação das enzimas hepáticas e de rabdomiólise.,A history of liver disease and substantial alcohol intake increase the risk of liver enzyme elevation and rhabdomyolysis.,Monitorizar a função hepática antes e durante o tratamento e medir a CK antes de iniciar.,Monitor liver function before and during treatment and measure CK before starting.,EMC-UK (MHRA) — SmPC aprovada Atorvastatina: https://www.medicines.org.uk/emc/product/13672/smpc,EMC-UK (MHRA) — approved Atorvastatin SmPC: https://www.medicines.org.uk/emc/product/13672/smpc,publicado
atorvastatina_avc_hemorragico_previo,atorvastatina,avc_hemorragico_previo,precaution,moderate,"No estudo SPARCL, a atorvastatina 80 mg associou-se a maior incidência de AVC hemorrágico, sobretudo em doentes com AVC hemorrágico ou enfarte lacunar prévios.","In the SPARCL trial, atorvastatin 80 mg was associated with a higher incidence of haemorrhagic stroke, particularly in patients with prior haemorrhagic stroke or lacunar infarct.",Ponderar cuidadosamente o risco-benefício antes de iniciar atorvastatina 80 mg nestes doentes.,Carefully weigh risk-benefit before starting atorvastatin 80 mg in these patients.,EMC-UK (MHRA) — SmPC aprovada Atorvastatina: https://www.medicines.org.uk/emc/product/13672/smpc,EMC-UK (MHRA) — approved Atorvastatin SmPC: https://www.medicines.org.uk/emc/product/13672/smpc,publicado
atorvastatina_fatores_rabdomiolise,atorvastatina,fatores_rabdomiolise,precaution,moderate,"A insuficiência renal, o hipotiroidismo, as miopatias hereditárias, a idade superior a 70 anos e a toxicidade muscular prévia com estatinas predispõem à rabdomiólise.","Renal impairment, hypothyroidism, hereditary muscle disorders, age over 70 and prior statin muscle toxicity predispose to rhabdomyolysis.","Medir a CK antes de iniciar; orientar o doente a reportar dor, cãibras ou fraqueza muscular e suspender o fármaco em caso de elevação clinicamente relevante.","Measure CK before starting; instruct the patient to report muscle pain, cramps or weakness and stop the drug if a clinically significant elevation occurs.",EMC-UK (MHRA) — SmPC aprovada Atorvastatina: https://www.medicines.org.uk/emc/product/13672/smpc,EMC-UK (MHRA) — approved Atorvastatin SmPC: https://www.medicines.org.uk/emc/product/13672/smpc,publicado
carbamazepina_bloqueio_av,carbamazepina,bloqueio_av,contraindication,critical,A carbamazepina tem efeitos na condução cardíaca; o bloqueio auriculoventricular é uma contraindicação absoluta.,Carbamazepine affects cardiac conduction; atrioventricular block is an absolute contraindication.,Não prescrever a doentes com bloqueio AV; considerar terapêutica antiepilética alternativa.,Do not prescribe to patients with AV block; consider alternative antiepileptic therapy.,EMC-UK (MHRA) — SmPC aprovada Carbamazepina: https://www.medicines.org.uk/emc/product/1040/smpc,EMC-UK (MHRA) — approved Carbamazepine SmPC: https://www.medicines.org.uk/emc/product/1040/smpc,publicado
carbamazepina_depressao_medula_ossea,carbamazepina,depressao_medula_ossea,contraindication,critical,A carbamazepina está contraindicada em doentes com história de depressão da medula óssea; podem ocorrer agranulocitose e anemia aplástica.,Carbamazepine is contraindicated in patients with a history of bone marrow depression; agranulocytosis and aplastic anaemia may occur.,"Não utilizar nestes doentes; durante o tratamento, vigiar o hemograma e suspender em caso de leucopenia grave ou progressiva.","Do not use in these patients; during therapy, monitor the blood count and stop if severe or progressive leucopenia develops.",EMC-UK (MHRA) — SmPC aprovada Carbamazepina: https://www.medicines.org.uk/emc/product/1040/smpc,EMC-UK (MHRA) — approved Carbamazepine SmPC: https://www.medicines.org.uk/emc/product/1040/smpc,publicado
carbamazepina_porfiria_hepatica,carbamazepina,porfiria_hepatica,contraindication,critical,"As porfirias hepáticas (intermitente aguda, variegata e cutânea tardia) contraindicam a carbamazepina.","Hepatic porphyrias (acute intermittent, variegate and cutanea tarda) contraindicate carbamazepine.",Não prescrever a doentes com história de porfiria hepática.,Do not prescribe to patients with a history of hepatic porphyria.,EMC-UK (MHRA) — SmPC aprovada Carbamazepina: https://www.medicines.org.uk/emc/product/1040/smpc,EMC-UK (MHRA) — approved Carbamazepine SmPC: https://www.medicines.org.uk/emc/product/1040/smpc,publicado
carbamazepina_hiponatremia,carbamazepina,hiponatremia,precaution,moderate,"A carbamazepina pode causar hiponatremia, com risco aumentado em doentes com doença renal, utilização de diuréticos ou em idosos.","Carbamazepine can cause hyponatraemia, with increased risk in renal disease, diuretic use or elderly patients.","Medir o sódio sérico antes do início, às 2 semanas e depois mensalmente nos primeiros meses; instituir restrição hídrica se ocorrer hiponatremia.","Check serum sodium before start, at 2 weeks and then monthly for the first months; institute fluid restriction if hyponatraemia occurs.",EMC-UK (MHRA) — SmPC aprovada Carbamazepina: https://www.medicines.org.uk/emc/product/1040/smpc,EMC-UK (MHRA) — approved Carbamazepine SmPC: https://www.medicines.org.uk/emc/product/1040/smpc,publicado
carbamazepina_hla_b1502,carbamazepina,hla_b1502,precaution,moderate,"O alelo HLA-B*1502 associa-se fortemente ao risco de síndrome de Stevens-Johnson com carbamazepina em populações han chinesas, tailandesas e malaias.","The HLA-B*1502 allele is strongly associated with Stevens-Johnson syndrome risk with carbamazepine in Han Chinese, Thai and Malay populations.","Rastrear o alelo antes do início sempre que possível; se positivo, não iniciar o fármaco salvo ausência de alternativa.","Screen for the allele before starting whenever possible; if positive, do not start the drug unless no alternative exists.",EMC-UK (MHRA) — SmPC aprovada Carbamazepina: https://www.medicines.org.uk/emc/product/1040/smpc,EMC-UK (MHRA) — approved Carbamazepine SmPC: https://www.medicines.org.uk/emc/product/1040/smpc,publicado
levotiroxina_tireotoxicose,levotiroxina,tireotoxicose,contraindication,critical,"A levotiroxina está contraindicada na tireotoxicose não tratada, pois pode agravar o estado hipermetabólico.","Levothyroxine is contraindicated in untreated thyrotoxicosis, as it can worsen the hypermetabolic state.",Não iniciar a terapêutica em doentes com TSH suprimido não tratado; confirmar o estado tiroideu antes do início.,Do not start therapy in patients with untreated suppressed TSH; confirm thyroid status before starting.,EMC-UK (MHRA) — SmPC aprovada Levotiroxina: https://www.medicines.org.uk/emc/product/12781/smpc,EMC-UK (MHRA) — approved Levothyroxine SmPC: https://www.medicines.org.uk/emc/product/12781/smpc,publicado
levotiroxina_insuficiencia_adrenal,levotiroxina,insuficiencia_adrenal,contraindication,critical,As hormonas tiroideias aumentam a depuração metabólica dos glucocorticoides e podem precipitar crise adrenal na insuficiência suprarrenal não corrigida.,Thyroid hormones increase the metabolic clearance of glucocorticoids and may precipitate adrenal crisis in uncorrected adrenal insufficiency.,"Corrigir a insuficiência suprarrenal e iniciar o corticoide antes da levotiroxina, sobretudo no hipopituitarismo.","Correct adrenal insufficiency and start corticosteroid before levothyroxine, especially in hypopituitarism.",EMC-UK (MHRA) — SmPC aprovada Levotiroxina: https://www.medicines.org.uk/emc/product/12781/smpc,EMC-UK (MHRA) — approved Levothyroxine SmPC: https://www.medicines.org.uk/emc/product/12781/smpc,publicado
levotiroxina_enfarte_agudo_miocardio,levotiroxina,enfarte_agudo_miocardio,contraindication,critical,"A hormona tiroideia aumenta o trabalho cardíaco; a levotiroxina está contraindicada durante o enfarte agudo do miocárdio, miocardite e pancardite agudas.","Thyroid hormone increases cardiac work; levothyroxine is contraindicated during acute myocardial infarction, myocarditis and acute pancarditis.",Não iniciar na fase aguda destas condições; estabilizar o estado cardíaco antes do tratamento.,Do not start during the acute phase of these conditions; stabilise cardiac status before treatment.,EMC-UK (MHRA) — SmPC aprovada Levotiroxina: https://www.medicines.org.uk/emc/product/12781/smpc,EMC-UK (MHRA) — approved Levothyroxine SmPC: https://www.medicines.org.uk/emc/product/12781/smpc,publicado
levotiroxina_doenca_cardiovascular,levotiroxina,doenca_cardiovascular,precaution,moderate,O excesso de tratamento pode agravar angina ou arritmias; a doença cardíaca oculta é mais provável nos idosos.,Overtreatment can worsen angina or arrhythmias; occult cardiac disease is more likely in the elderly.,"Iniciar com doses baixas e titular gradualmente, com ECG nos doentes de risco e monitorização do TSH.","Start at low doses and titrate gradually, with ECG in at-risk patients and TSH monitoring.",EMC-UK (MHRA) — SmPC aprovada Levotiroxina: https://www.medicines.org.uk/emc/product/12781/smpc,EMC-UK (MHRA) — approved Levothyroxine SmPC: https://www.medicines.org.uk/emc/product/12781/smpc,publicado
metformina_insuficiencia_renal_grave,metformina,insuficiencia_renal_grave,contraindication,critical,A metformina está contraindicada quando a TFG < 30 mL/min; a acumulação do fármaco aumenta o risco de acidose láctica.,Metformin is contraindicated when eGFR < 30 mL/min; drug accumulation increases the risk of lactic acidosis.,Não prescrever com TFG < 30 mL/min; ajustar a dose entre 30 e 89 mL/min e suspender temporariamente em situações agudas que alterem a função renal.,Do not prescribe when eGFR < 30 mL/min; adjust the dose between 30 and 89 mL/min and stop temporarily in acute conditions altering renal function.,EMC-UK (MHRA) — SmPC aprovada Metformina: https://www.medicines.org.uk/emc/product/987/smpc,EMC-UK (MHRA) — approved Metformin SmPC: https://www.medicines.org.uk/emc/product/987/smpc,publicado
metformina_acidose_metabolica,metformina,acidose_metabolica,contraindication,critical,"A acidose metabólica aguda (láctica, cetoacidose diabética) e o pré-coma diabético são contraindicações absolutas.","Acute metabolic acidosis (lactic, diabetic ketoacidosis) and diabetic pre-coma are absolute contraindications.","Não utilizar em doentes com acidose; se houver suspeita de acidose láctica, suspender e procurar avaliação médica urgente.","Do not use in patients with acidosis; if lactic acidosis is suspected, stop and seek urgent medical evaluation.",EMC-UK (MHRA) — SmPC aprovada Metformina: https://www.medicines.org.uk/emc/product/987/smpc,EMC-UK (MHRA) — approved Metformin SmPC: https://www.medicines.org.uk/emc/product/987/smpc,publicado
metformina_insuficiencia_hepatica,metformina,insuficiencia_hepatica,contraindication,critical,A insuficiência hepática reduz a depuração do lactato e predispõe à acidose láctica.,Hepatic insufficiency reduces lactate clearance and predisposes to lactic acidosis.,Evitar a metformina em doentes com insuficiência hepática ou alcoolismo.,Avoid metformin in patients with hepatic insufficiency or alcoholism.,EMC-UK (MHRA) — SmPC aprovada Metformina: https://www.medicines.org.uk/emc/product/987/smpc,EMC-UK (MHRA) — approved Metformin SmPC: https://www.medicines.org.uk/emc/product/987/smpc,publicado
metformina_hipoxia_tecidual,metformina,hipoxia_tecidual,contraindication,critical,"A insuficiência cardíaca descompensada, a insuficiência respiratória, o enfarte do miocárdio recente e o choque aumentam o risco de acidose láctica.","Decompensated heart failure, respiratory failure, recent myocardial infarction and shock increase the risk of lactic acidosis.",Não iniciar durante estados hipóxicos agudos; suspender durante esses episódios e reavaliar após estabilização.,Do not start during acute hypoxic states; stop during such episodes and reassess after stabilisation.,EMC-UK (MHRA) — SmPC aprovada Metformina: https://www.medicines.org.uk/emc/product/987/smpc,EMC-UK (MHRA) — approved Metformin SmPC: https://www.medicines.org.uk/emc/product/987/smpc,publicado
metformina_melas_midd,metformina,melas_midd,precaution,moderate,"Em doentes com MELAS ou MIDD, a metformina não é recomendada pelo risco de exacerbação da acidose láctica e de complicações neurológicas.","In patients with MELAS or MIDD, metformin is not recommended due to the risk of worsening lactic acidosis and neurological complications.",Evitar a metformina nestes doentes; suspender e avaliar de imediato se surgirem sinais sugestivos.,Avoid metformin in these patients; stop and evaluate promptly if suggestive signs appear.,EMC-UK (MHRA) — SmPC aprovada Metformina: https://www.medicines.org.uk/emc/product/987/smpc,EMC-UK (MHRA) — approved Metformin SmPC: https://www.medicines.org.uk/emc/product/987/smpc,publicado
metformina_contraste_iodado,metformina,contraste_iodado,precaution,moderate,"O contraste iodado pode causar nefropatia induzida por contraste, com acumulação da metformina e risco de acidose láctica.","Iodinated contrast can cause contrast-induced nephropathy, with metformin accumulation and lactic acidosis risk.","Suspender a metformina no momento do exame e retomar apenas 48 horas depois, se a função renal se mantiver estável.",Stop metformin at the time of the scan and resume only 48 hours later if renal function remains stable.,EMC-UK (MHRA) — SmPC aprovada Metformina: https://www.medicines.org.uk/emc/product/987/smpc,EMC-UK (MHRA) — approved Metformin SmPC: https://www.medicines.org.uk/emc/product/987/smpc,publicado
morfina_depressao_respiratoria,morfina,depressao_respiratoria,contraindication,critical,"A morfina pode provocar ou agravar a depressão respiratória, riso em doentes com insuficiência respiratória.","Morphine may cause or worsen respiratory depression, a risk in patients with respiratory insufficiency.",Contraindicada na depressão respiratória grave; usar com extrema cautela noutras insuficiências respiratórias.,Contraindicated in severe respiratory depression; use with extreme caution in other respiratory insufficiency.,EMC-UK (MHRA) — SmPC aprovada MST Continus (Morfina): https://www.medicines.org.uk/emc/product/7664/smpc,EMC-UK (MHRA) — approved MST Continus SmPC: https://www.medicines.org.uk/emc/product/7664/smpc,publicado
morfina_ileo_paralitico,morfina,ileo_paralitico,contraindication,critical,Os opioides reduzem a motilidade gastrointestinal e podem causar ou agravar o íleo paralítico.,Opioids reduce gastrointestinal motility and may cause or worsen paralytic ileus.,Contraindicado em doentes com íleo paralitico; vigiar obstipação grave.,Contraindicated in paralytic ileus; monitor for severe constipation.,EMC-UK (MHRA) — SmPC aprovada MST Continus (Morfina): https://www.medicines.org.uk/emc/product/7664/smpc,EMC-UK (MHRA) — approved MST Continus SmPC: https://www.medicines.org.uk/emc/product/7664/smpc,publicado
codeina_asma_grave,codeina,asma_grave,contraindication,critical,A codeína pode causar broncospasmo e exacerbar a asma.,Codeine may cause bronchospasm and worsen asthma.,Contraindicada em asma grave e em doentes com broncoespasmo induzido por opioides.,Contraindicated in severe asthma and in patients with opioid-induced bronchospasm.,EMC-UK (MHRA) — SmPC aprovada Codeine Linctus (Codeína): https://www.medicines.org.uk/emc/product/4512/smpc,EMC-UK (MHRA) — approved Codeine Linctus SmPC: https://www.medicines.org.uk/emc/product/4512/smpc,publicado
codeina_criancas,codeina,criancas,contraindication,critical,A codeína não é recomendada em crianças (metabolism from genetics); risco de depressão respiratória grave.,Codeine is not recommended in children due to genetic metabolism variability; risk of severe respiratory depression.,Contraindicada em crianças < 12 anos e em populations de metabolizadores ultra-rápidos.,Contraindicated in children < 12 years and ultra-rapid metabolisers.,EMC-UK (MHRA) — SmPC aprovada Codeine Linctus: https://www.medicines.org.uk/emc/product/4512/smpc,EMC-UK (MHRA) — approved Codeine Linctus SmPC: https://www.medicines.org.uk/emc/product/4512/smpc,publicado
fentanilo_depressao_respiratoria,fentanilo,depressao_respiratoria,contraindication,critical,O fentanilo deprime o centro respiratório e é contraindicado na depressão respiratória grave.,Fentanyl depresses the respiratory centre and is contraindicated in severe respiratory depression.,Contraindicado; em doenças pulmonares crónicas usar com precaução e vigiar a respiração.,Contraindicated; use with caution and monitor respiration in chronic pulmonary disease.,EMC-UK (MHRA) — SmPC aprovada Durogesic DTrans (Fentanilo): https://www.medicines.org.uk/emc/product/6942/smpc,EMC-UK (MHRA) — approved Durogesic DTrans (Fentanyl) SmPC: https://www.medicines.org.uk/emc/product/6942/smpc,publicado
fentanilo_febre,fentanilo,febre,precaution,moderate,A febre ou o calor externo aumentam a libertação de fentanilo do adesivo transdérmico.,Fever or external heat increases fentanyl release from the transdermal patch.,"Aconselhar a evitar fontes de calor (sauna, banho quente, sol) e vigiar sinais de sobredosagem.","Advise avoiding heat sources (sauna, hot bath, sun) and monitor for overdose signs.",EMC-UK (MHRA) — SmPC aprovada Durogesic DTrans (Fentanilo): https://www.medicines.org.uk/emc/product/6942/smpc,EMC-UK (MHRA) — approved Durogesic DTrans (Fentanyl) SmPC: https://www.medicines.org.uk/emc/product/6942/smpc,publicado
hidromorfona_depressao_respiratoria,hidromorfona,depressao_respiratoria,contraindication,critical,A hidromorfona pode causar ou agravar a depressão respiratória.,Hydromorphone may cause or worsen respiratory depression.,"Contraindicada na depressão respiratória grave; precaução na DPOC, asma e apneia do sono.","Contraindicated in severe respiratory depression; caution in COPD, asthma and sleep apnoea.",EMC-UK (MHRA) — SmPC aprovada Palladone SR (Hidromorfona): https://www.medicines.org.uk/emc/product/1018/smpc,EMC-UK (MHRA) — approved Palladone SR (Hydromorphone) SmPC: https://www.medicines.org.uk/emc/product/1018/smpc,publicado
hidromorfona_ileo_paralitico,hidromorfona,ileo_paralitico,contraindication,critical,Os opioides reduzem a motilidade gastrointestinal e podem agravar o íleo paralítico.,Opioids reduce GI motility and may worsen paralytic ileus.,Contraindicada em doentes com íleo paralitico ou abdómen agudo.,Contraindicated in patients with paralytic ileus or acute abdomen.,EMC-UK (MHRA) — SmPC aprovada Palladone SR (Hidromorfona): https://www.medicines.org.uk/emc/product/1018/smpc,EMC-UK (MHRA) — approved Palladone SR (Hydromorphone) SmPC: https://www.medicines.org.uk/emc/product/1018/smpc,publicado
buprenorfina_insuf_respiratoria,buprenorfina,insuf_respiratoria,contraindication,critical,A buprenorfina pode causar depressão respiratória clinicamente significativa.,Buprenorphine may cause clinically significant respiratory depression.,Contraindicada na insuficiência respiratória grave.,Contraindicated in severe respiratory impairment.,EMC-UK (MHRA) — SmPC aprovado BuTrans (Buprenorfina): https://www.medicines.org.uk/emc/product/7645/smpc,EMC-UK (MHRA) — approved BuTrans (Buprenorphine) SmPC: https://www.medicines.org.uk/emc/product/7645/smpc,publicado
buprenorfina_dependencia_opioides,buprenorfina,dependencia_opioides,contraindication,critical,Pode precipitar síndrome de privação em doentes dependentes de opioides agonistas plenos.,May precipitate withdrawal in patients dependent on full opioid agonists.,"Contraindicada em doentes dependentes, exceto em programas estruturados.","Contraindicated in dependent patients, except in structured programmes.",EMC-UK (MHRA) — SmPC aprovado BuTrans (Buprenorfina): https://www.medicines.org.uk/emc/product/7645/smpc,EMC-UK (MHRA) — approved BuTrans (Buprenorphine) SmPC: https://www.medicines.org.uk/emc/product/7645/smpc,publicado
donepezilo_doenca_no_sinusal,donepezilo,doenca_no_sinusal,precaution,moderate,"O donepezilo, colinomimético, pode causar bradicardia e bloquear a condução cardíaca.","Donepezil, a cholinesterase inhibitor, may cause bradycardia and cardiac conduction block.",Usar com precaução em doentes com síndrome do nó sinusal ou distúrbios de condução; vigiar o ECG.,Use with caution in sick sinus syndrome or conduction disorders; monitor the ECG.,EMC-UK (MHRA) — SmPC aprovada Aricept (Donepezilo): https://www.medicines.org.uk/emc/product/13283/smpc,EMC-UK (MHRA) — approved Aricept (Donepezil) SmPC: https://www.medicines.org.uk/emc/product/13283/smpc,publicado
donepezilo_ulcera_peptica,donepezilo,ulcera_peptica,precaution,moderate,O aumento da atividade colinérgica pode aumentar o risco de hemorragia e úlcera gastrointestinal.,Increased cholinergic activity may increase the risk of gastrointestinal bleeding and ulceration.,Vigiar sintomas gastrointestinais e considerar precaução com AINE em simultâneo.,Monitor gastrointestinal symptoms and use caution with concurrent NSAIDs.,EMC-UK (MHRA) — SmPC aprovada Aricept (Donepezilo): https://www.medicines.org.uk/emc/product/13283/smpc,EMC-UK (MHRA) — approved Aricept (Donepezil) SmPC: https://www.medicines.org.uk/emc/product/13283/smpc,publicado
memantina_epilepsia,memantina,epilepsia,precaution,moderate,A memantina pode reduzir o limiar convulsivo.,Memantine may lower the convulsion threshold.,Usar com precaução em doentes com epilepsia ou história de convulsões.,Use with caution in patients with epilepsy or a history of seizures.,EMC-UK (MHRA) — SmPC aprovada Ebixa (Memantina): https://www.medicines.org.uk/emc/product/8222/smpc,EMC-UK (MHRA) — approved Ebixa (Memantine) SmPC: https://www.medicines.org.uk/emc/product/8222/smpc,publicado
metamizol_agranulocitose_historico,metamizol,agranulocitose_historico,contraindication,critical,Risco recorrente e potencialmente fatal de agranulocitose após exposição prévia.,Recurrent and potentially fatal risk of agranulocytosis after previous exposure.,Contra indicado; advertir para sinais de infecção que exijam hemograma imediato.,Contraindicated; warn about signs of infection requiring an immediate blood count.,SmPC nacional Analgin 500 mg (HALMED) ; EMA — Metamizole (Article 31 referral): https://www.ema.europa.eu/en/medicines/human/referrals/metamizole-containing-medicinal-products,National Analgin 500 mg SmPC (HALMED) ; EMA — Metamizole (Article 31 referral): https://www.ema.europa.eu/en/medicines/human/referrals/metamizole-containing-medicinal-products,publicado
flecainida_cardiopatia_estrutural,flecainida,cardiopatia_estrutural,contraindication,critical,"A flecainida é contraindicada em doentes com cardiopatia estrutural ou disfunção ventricular, pelo risco de proarrítmia e morte súbita.",Flecainide is contraindicated in structural heart disease or ventricular dysfunction because of the risk of proarrhythmia and sudden death.,"Não usar em doentes com doença cardíaca estrutural, enfarte do miocárdio prévio ou disfunção ventricular esquerda.","Do not use in structural heart disease, prior myocardial infarction or left ventricular dysfunction.",EMC-UK (MHRA) — SmPC aprovada Flecainida: https://www.medicines.org.uk/emc/product/3086/smpc,EMC-UK (MHRA) — approved Flecainide SmPC: https://www.medicines.org.uk/emc/product/3086/smpc,publicado
propafenona_cardiopatia_estrutural,propafenona,cardiopatia_estrutural,contraindication,critical,"A propafenona está contraindicada em doentes com cardiopatia estrutural ou disfunção ventricular, pelo risco de proarrítmia.",Propafenone is contraindicated in structural heart disease or ventricular dysfunction because of the risk of proarrhythmia.,Não usar em doentes com doença cardíaca estrutural ou disfunção ventricular esquerda.,Do not use in structural heart disease or left ventricular dysfunction.,EMC-UK (MHRA) — SmPC aprovada Propafenona: https://www.medicines.org.uk/emc/product/1733/smpc,EMC-UK (MHRA) — approved Propafenone SmPC: https://www.medicines.org.uk/emc/product/1733/smpc,publicado
sotalol_asma_dpoc,sotalol,asma_dpoc,contraindication,critical,"O sotalol possui atividade betabloqueadora e está contraindicado em doentes com asma brônquica ou DPOC, pelo risco de broncospasmo.",Sotalol has beta-blocking activity and is contraindicated in bronchial asthma or COPD because of the risk of bronchospasm.,Não usar em doentes com asma ou DPOC; considerar um antiarrítmico classe III sem bloqueio beta.,Do not use in asthma or COPD; consider a class III antiarrhythmic without beta-blockade.,EMC-UK (MHRA) — SmPC aprovada Sotalol: https://www.medicines.org.uk/emc/product/7039/smpc,EMC-UK (MHRA) — approved Sotalol SmPC: https://www.medicines.org.uk/emc/product/7039/smpc,publicado
sotalol_prolongamento_qt,sotalol,prolongamento_qt,contraindication,critical,O sotalol prolonga o intervalo QT e está contraindicado em doentes com prolongamento QT congénito ou antecedentes de torsades de pointes.,Sotalol prolongs the QT interval and is contraindicated in congenital QT prolongation or a history of torsades de pointes.,Não usar; verificar o QT basal no ECG antes de iniciar e monitorizar o QT durante o tratamento.,Do not use; check baseline QT on ECG before starting and monitor QT during treatment.,EMC-UK (MHRA) — SmPC aprovada Sotalol: https://www.medicines.org.uk/emc/product/7039/smpc,EMC-UK (MHRA) — approved Sotalol SmPC: https://www.medicines.org.uk/emc/product/7039/smpc,publicado
etilefrina_hipertensao_grave,etilefrina,hipertensao_grave,contraindication,critical,"A etilefrina, como simpatomimético, está contraindicada em doentes com hipertensão grave, pelo risco de crise hipertensiva.","Etilefrine, being a sympathomimetic, is contraindicated in severe hypertension because of the risk of a hypertensive crisis.",Não usar em doentes com hipertensão grave ou não controlada.,Do not use in patients with severe or uncontrolled hypertension.,"Prontuário Terapêutico do INFARMED (11.ª ed., 2012) — Etilefrina","Prontuário Terapêutico do INFARMED (11th ed., 2012) — Etilefrine",publicado
midodrina_hipertensao_supina,midodrina,hipertensao_supina,contraindication,critical,"A midodrina está contraindicada em doentes com hipertensão, sobretudo hipertensão em decúbito, e em doença cardiovascular grave, pelo risco de elevação pressórica perigosa.","Midodrine is contraindicated in hypertension, particularly supine hypertension, and severe cardiovascular disease because of the risk of dangerous blood pressure elevation.",Não usar em doentes hipertensos; monitorizar a tensão arterial em decúbito e em ortostatismo.,Do not use in hypertensive patients; monitor supine and standing blood pressure.,EMC-UK (MHRA) — SmPC aprovada Midodrina: https://www.medicines.org.uk/emc/product/12040/smpc,EMC-UK (MHRA) — approved Midodrine SmPC: https://www.medicines.org.uk/emc/product/12040/smpc,publicado
bumetanida_anuria,bumetanida,anuria,contraindication,critical,"A bumetanida está contraindicada em doentes com anúria, uma vez que o efeito diurético depende de uma função renal adequada.",Bumetanide is contraindicated in anuria because the diuretic effect depends on adequate renal function.,Não usar em doentes com anúria.,Do not use in patients with anuria.,EMC-UK (MHRA) — SmPC aprovada Bumetanida: https://www.medicines.org.uk/emc/product/13372/smpc,EMC-UK (MHRA) — approved Bumetanide SmPC: https://www.medicines.org.uk/emc/product/13372/smpc,publicado
bumetanida_encefalopatia_hepatica,bumetanida,encefalopatia_hepatica,contraindication,critical,"A bumetanida está contraindicada em doentes com encefalopatia hepática, pois a depleção de potássio pode precipitar o coma hepático.",Bumetanide is contraindicated in hepatic encephalopathy because potassium depletion may precipitate hepatic coma.,Não usar em doentes com encefalopatia hepática.,Do not use in patients with hepatic encephalopathy.,EMC-UK (MHRA) — SmPC aprovada Bumetanida: https://www.medicines.org.uk/emc/product/13372/smpc,EMC-UK (MHRA) — approved Bumetanide SmPC: https://www.medicines.org.uk/emc/product/13372/smpc,publicado
indapamida_anuria,indapamida,anuria,contraindication,critical,"A indapamida está contraindicada em doentes com anúria, pelo risco de acumulação do fármaco e ineficácia do efeito diurético.",Indapamide is contraindicated in anuria because of the risk of drug accumulation and ineffective diuresis.,Não usar em doentes com anúria.,Do not use in patients with anuria.,EMC-UK (MHRA) — SmPC aprovada Indapamida: https://www.medicines.org.uk/emc/product/6223/smpc,EMC-UK (MHRA) — approved Indapamide SmPC: https://www.medicines.org.uk/emc/product/6223/smpc,publicado
acetazolamida_cirrose_hepatica,acetazolamida,cirrose_hepatica,contraindication,critical,"A acetazolamida está contraindicada em doentes com cirrose hepática, pois pode precipitar encefalopatia hepática.",Acetazolamide is contraindicated in hepatic cirrhosis because it may precipitate hepatic encephalopathy.,Não usar em doentes com cirrose hepática.,Do not use in patients with hepatic cirrhosis.,EMC-UK (MHRA) — SmPC aprovada Acetazolamida: https://www.medicines.org.uk/emc/product/100949/smpc,EMC-UK (MHRA) — approved Acetazolamide SmPC: https://www.medicines.org.uk/emc/product/100949/smpc,publicado
ramipril_angioedema_previo,ramipril,angioedema_previo,contraindication,critical,"O ramipril está contraindicado em doentes com antecedentes de angioedema associado a IECA ou angioedema hereditário/idiopático, pelo risco de recorrência grave.",Ramipril is contraindicated in previous ACE-inhibitor-associated angioedema or hereditary/idiopathic angioedema because of the risk of severe recurrence.,Não usar em doentes com antecedentes de angioedema; usar alternativa de outra classe.,Do not use in patients with a history of angioedema; use an alternative class.,EMC-UK (MHRA) — SmPC aprovada Ramipril: https://www.medicines.org.uk/emc/product/8067/smpc,EMC-UK (MHRA) — approved Ramipril SmPC: https://www.medicines.org.uk/emc/product/8067/smpc,publicado
ramipril_estenose_arteria_renal,ramipril,estenose_arteria_renal,contraindication,critical,"O ramipril está contraindicado em estenose bilateral das artérias renais (ou estenose em rim único funcionante), pelo risco de insuficiência renal aguda.",Ramipril is contraindicated in bilateral renal artery stenosis (or stenosis in a single functioning kidney) because of the risk of acute renal failure.,Não usar; avaliar a função renal e a etiologia da hipertensão antes de iniciar um IECA.,Do not use; assess renal function and the cause of hypertension before starting an ACE inhibitor.,EMC-UK (MHRA) — SmPC aprovada Ramipril: https://www.medicines.org.uk/emc/product/8067/smpc,EMC-UK (MHRA) — approved Ramipril SmPC: https://www.medicines.org.uk/emc/product/8067/smpc,publicado
valsartana_angioedema_previo,valsartana,angioedema_previo,contraindication,critical,A valsartana está contraindicada em doentes com antecedentes de angioedema associado a ARA II ou angioedema hereditário.,Valsartan is contraindicated in previous ARB-associated angioedema or hereditary angioedema.,Não usar em doentes com antecedentes de angioedema.,Do not use in patients with a history of angioedema.,EMC-UK (MHRA) — SmPC aprovada Valsartana: https://www.medicines.org.uk/emc/product/14212/smpc,EMC-UK (MHRA) — approved Valsartan SmPC: https://www.medicines.org.uk/emc/product/14212/smpc,publicado
valsartana_estenose_arteria_renal,valsartana,estenose_arteria_renal,contraindication,critical,"A valsartana está contraindicada em estenose bilateral das artérias renais (ou estenose em rim único funcionante), pelo risco de insuficiência renal aguda.",Valsartan is contraindicated in bilateral renal artery stenosis (or stenosis in a single functioning kidney) because of the risk of acute renal failure.,Não usar; avaliar a função renal antes de iniciar um ARA II.,Do not use; assess renal function before starting an ARB.,EMC-UK (MHRA) — SmPC aprovada Valsartana: https://www.medicines.org.uk/emc/product/14212/smpc,EMC-UK (MHRA) — approved Valsartan SmPC: https://www.medicines.org.uk/emc/product/14212/smpc,publicado
digoxina_hipocaliemia,digoxina,hipocaliemia,precaution,moderate,"A hipocaliemia aumenta a sensibilidade do miocárdio à digoxina e o risco de arritmias, incluindo intoxicação digitálica.","Hypokalaemia increases myocardial sensitivity to digoxin and the risk of arrhythmias, including digoxin toxicity.",Corrigir o potássio antes e durante o tratamento; monitorizar o ECG e os níveis de digoxina.,Correct potassium before and during treatment; monitor ECG and digoxin levels.,EMC-UK (MHRA) — SmPC aprovada Digoxina: https://www.medicines.org.uk/emc/product/5463/smpc,EMC-UK (MHRA) — approved Digoxin SmPC: https://www.medicines.org.uk/emc/product/5463/smpc,publicado
amiodarona_doenca_pulmonar_intersticial,amiodarona,doenca_pulmonar_intersticial,contraindication,critical,"A amiodarona pode causar doença pulmonar intersticial ou fibrose pulmonar, por vezes fatal; está contraindicada em doença pulmonar intersticial ativa.","Amiodarone may cause interstitial lung disease or pulmonary fibrosis, sometimes fatal; it is contraindicated in active interstitial lung disease.",Não usar; monitorizar tosse e dispneia e realizar radiografia torácica perante qualquer suspeita.,Do not use; monitor for cough and dyspnoea and obtain a chest X-ray on any suspicion.,EMC-UK (MHRA) — SmPC aprovada Amiodarona: https://www.medicines.org.uk/emc/product/8739/smpc,EMC-UK (MHRA) — approved Amiodarone SmPC: https://www.medicines.org.uk/emc/product/8739/smpc,publicado
furosemida_anuria,furosemida,anuria,contraindication,critical,"A furosemida está contraindicada em doentes com anúria, pois o efeito diurético depende da função renal.",Furosemide is contraindicated in anuria because the diuretic effect depends on renal function.,Não usar em doentes com anúria.,Do not use in patients with anuria.,EMC-UK (MHRA) — SmPC aprovada Furosemida: https://www.medicines.org.uk/emc/product/2380/smpc,EMC-UK (MHRA) — approved Furosemide SmPC: https://www.medicines.org.uk/emc/product/2380/smpc,publicado
hidroclorotiazida_anuria,hidroclorotiazida,anuria,contraindication,critical,"A hidroclorotiazida está contraindicada em doentes com anúria, pelo risco de acumulação do fármaco.",Hydrochlorothiazide is contraindicated in anuria because of the risk of drug accumulation.,Não usar em doentes com anúria.,Do not use in patients with anuria.,EMC-UK (MHRA) — SmPC aprovada Hidroclorotiazida: https://www.medicines.org.uk/emc/product/11721/smpc,EMC-UK (MHRA) — approved Hydrochlorothiazide SmPC: https://www.medicines.org.uk/emc/product/11721/smpc,publicado
espironolactona_hipercaliemia,espironolactona,hipercaliemia,contraindication,critical,"A espironolactona está contraindicada em doentes com hipercaliemia e em insuficiência renal grave, pelo risco de hipercaliemia potencialmente fatal.",Spironolactone is contraindicated in hyperkalaemia and severe renal impairment because of the risk of potentially fatal hyperkalaemia.,Não usar em doentes com potássio elevado ou função renal gravemente diminuída; monitorizar potássio e creatinina.,Do not use with elevated potassium or severely reduced renal function; monitor potassium and creatinine.,EMC-UK (MHRA) — SmPC aprovada Espironolactona: https://www.medicines.org.uk/emc/product/2898/smpc,EMC-UK (MHRA) — approved Spironolactone SmPC: https://www.medicines.org.uk/emc/product/2898/smpc,publicado
captopril_angioedema_previo,captopril,angioedema_previo,contraindication,critical,O captopril está contraindicado em doentes com antecedentes de angioedema associado a IECA.,Captopril is contraindicated in previous ACE-inhibitor-associated angioedema.,Não usar em doentes com antecedentes de angioedema; usar alternativa de outra classe.,Do not use in patients with a history of angioedema; use an alternative class.,EMC-UK (MHRA) — SmPC aprovada Captopril: https://www.medicines.org.uk/emc/product/5250/smpc,EMC-UK (MHRA) — approved Captopril SmPC: https://www.medicines.org.uk/emc/product/5250/smpc,publicado
enalapril_angioedema_previo,enalapril,angioedema_previo,contraindication,critical,O enalapril está contraindicado em doentes com antecedentes de angioedema associado a IECA ou angioedema hereditário/idiopático.,Enalapril is contraindicated in previous ACE-inhibitor-associated angioedema or hereditary/idiopathic angioedema.,Não usar em doentes com antecedentes de angioedema.,Do not use in patients with a history of angioedema.,EMC-UK (MHRA) — SmPC aprovada Enalapril: https://www.medicines.org.uk/emc/product/15458/smpc,EMC-UK (MHRA) — approved Enalapril SmPC: https://www.medicines.org.uk/emc/product/15458/smpc,publicado
losartano_angioedema_previo,losartano,angioedema_previo,contraindication,critical,O losartano está contraindicado em doentes com antecedentes de angioedema associado a ARA II ou angioedema hereditário.,Losartan is contraindicated in previous ARB-associated angioedema or hereditary angioedema.,Não usar em doentes com antecedentes de angioedema.,Do not use in patients with a history of angioedema.,EMC-UK (MHRA) — SmPC aprovada Losartano: https://www.medicines.org.uk/emc/product/7783/smpc,EMC-UK (MHRA) — approved Losartan SmPC: https://www.medicines.org.uk/emc/product/7783/smpc,publicado
losartano_estenose_arteria_renal,losartano,estenose_arteria_renal,contraindication,critical,"O losartano está contraindicado em estenose bilateral das artérias renais (ou estenose em rim único funcionante), pelo risco de insuficiência renal aguda.",Losartan is contraindicated in bilateral renal artery stenosis (or stenosis in a single functioning kidney) because of the risk of acute renal failure.,Não usar; avaliar a função renal antes de iniciar um ARA II.,Do not use; assess renal function before starting an ARB.,EMC-UK (MHRA) — SmPC aprovada Losartano: https://www.medicines.org.uk/emc/product/7783/smpc,EMC-UK (MHRA) — approved Losartan SmPC: https://www.medicines.org.uk/emc/product/7783/smpc,publicado
apixabano_hemorragia_ativa,apixabano,hemorragia_ativa,contraindication,critical,O apixabano é um anticoagulante e está contraindicado em hemorragia ativa clinicamente significativa.,Apixaban is an anticoagulant and is contraindicated in clinically significant active bleeding.,Não usar em doentes com hemorragia ativa; procurar a causa e tratar a hemorragia.,Do not use in patients with active bleeding; investigate the cause and treat the bleeding.,EMC-UK (MHRA) — SmPC aprovada Apixabano: https://www.medicines.org.uk/emc/product/102130/smpc,EMC-UK (MHRA) — approved Apixaban SmPC: https://www.medicines.org.uk/emc/product/102130/smpc,publicado
apixabano_insuficiencia_hepatica_grave,apixabano,insuficiencia_hepatica_grave,contraindication,critical,"O apixabano está contraindicado em insuficiência hepática grave, pela alteração da coagulação e do metabolismo do fármaco.",Apixaban is contraindicated in severe hepatic impairment because of altered coagulation and drug metabolism.,Não usar em Child-Pugh C; avaliar a função hepática antes de iniciar.,Do not use in Child-Pugh C; assess liver function before starting.,EMC-UK (MHRA) — SmPC aprovada Apixabano: https://www.medicines.org.uk/emc/product/102130/smpc,EMC-UK (MHRA) — approved Apixaban SmPC: https://www.medicines.org.uk/emc/product/102130/smpc,publicado
rivaroxabano_hemorragia_ativa,rivaroxabano,hemorragia_ativa,contraindication,critical,O rivaroxabano está contraindicado em hemorragia ativa clinicamente significativa.,Rivaroxaban is contraindicated in clinically significant active bleeding.,Não usar em doentes com hemorragia ativa.,Do not use in patients with active bleeding.,EMC-UK (MHRA) — SmPC aprovada Rivaroxabano: https://www.medicines.org.uk/emc/product/100864/smpc,EMC-UK (MHRA) — approved Rivaroxaban SmPC: https://www.medicines.org.uk/emc/product/100864/smpc,publicado
rivaroxabano_insuficiencia_hepatica_grave,rivaroxabano,insuficiencia_hepatica_grave,contraindication,critical,O rivaroxabano está contraindicado em doença hepática com coagulopatia e risco hemorrágico clinicamente relevante.,Rivaroxaban is contraindicated in hepatic disease with coagulopathy and a clinically relevant bleeding risk.,Não usar em Child-Pugh C ou coagulopatia associada.,Do not use in Child-Pugh C or associated coagulopathy.,EMC-UK (MHRA) — SmPC aprovada Rivaroxabano: https://www.medicines.org.uk/emc/product/100864/smpc,EMC-UK (MHRA) — approved Rivaroxaban SmPC: https://www.medicines.org.uk/emc/product/100864/smpc,publicado
dabigatrano_hemorragia_ativa,dabigatrano,hemorragia_ativa,contraindication,critical,O dabigatrano está contraindicado em hemorragia ativa clinicamente significativa.,Dabigatran is contraindicated in clinically significant active bleeding.,Não usar em doentes com hemorragia ativa.,Do not use in patients with active bleeding.,EMC-UK (MHRA) — SmPC aprovada Dabigatrano: https://www.medicines.org.uk/emc/product/100715/smpc,EMC-UK (MHRA) — approved Dabigatran SmPC: https://www.medicines.org.uk/emc/product/100715/smpc,publicado
dabigatrano_insuficiencia_renal_grave,dabigatrano,insuficiencia_renal_grave,contraindication,critical,O dabigatrano é eliminado sobretudo por via renal; em insuficiência renal grave a exposição aumenta muito e o risco hemorrágico é elevado.,Dabigatran is predominantly renally eliminated; in severe renal impairment exposure increases markedly and bleeding risk is high.,Não usar com CrCl < 30 ml/min; avaliar a função renal antes de iniciar.,Do not use with CrCl < 30 ml/min; assess renal function before starting.,EMC-UK (MHRA) — SmPC aprovada Dabigatrano: https://www.medicines.org.uk/emc/product/100715/smpc,EMC-UK (MHRA) — approved Dabigatran SmPC: https://www.medicines.org.uk/emc/product/100715/smpc,publicado
enoxaparina_trombocitopenia_hir,enoxaparina,trombocitopenia_hir,contraindication,critical,"A enoxaparina está contraindicada em doentes com TIH (atual ou prévia), pelo risco de trombose mediada por anticorpos.",Enoxaparin is contraindicated in HIT (current or previous) because of the risk of antibody-mediated thrombosis.,Não usar enoxaparina (ou outras HBPM/heparinas) em TIH; considerar anticoagulante alternativo.,Do not use enoxaparin (or other LMWH/heparins) in HIT; consider an alternative anticoagulant.,EMC-UK (MHRA) — SmPC aprovada Enoxaparina: https://www.medicines.org.uk/emc/product/9329/smpc,EMC-UK (MHRA) — approved Enoxaparin SmPC: https://www.medicines.org.uk/emc/product/9329/smpc,publicado
enoxaparina_insuficiencia_renal_grave,enoxaparina,insuficiencia_renal_grave,contraindication,critical,A eliminação da enoxaparina é renal; em CrCl < 30 ml/min o risco de acumulação e hemorragia é elevado.,Enoxaparin elimination is renal; at CrCl < 30 ml/min the risk of accumulation and bleeding is high.,"Em CrCl < 30 ml/min, usar com precaução extrema ou alternativa; ajustar a dose conforme a SmPC.","At CrCl < 30 ml/min, use with extreme caution or an alternative; adjust the dose per the SmPC.",EMC-UK (MHRA) — SmPC aprovada Enoxaparina: https://www.medicines.org.uk/emc/product/9329/smpc,EMC-UK (MHRA) — approved Enoxaparin SmPC: https://www.medicines.org.uk/emc/product/9329/smpc,publicado
fondaparinux_insuficiencia_renal_grave,fondaparinux,insuficiencia_renal_grave,contraindication,critical,O fondaparinux é eliminado por via renal e está contraindicado em CrCl < 30 ml/min.,Fondaparinux is renally eliminated and is contraindicated at CrCl < 30 ml/min.,Não usar com CrCl < 30 ml/min; avaliar a função renal antes do início.,Do not use at CrCl < 30 ml/min; assess renal function before starting.,EMC-UK (MHRA) — SmPC aprovada Fondaparinux: https://www.medicines.org.uk/emc/product/3340/smpc,EMC-UK (MHRA) — approved Fondaparinux SmPC: https://www.medicines.org.uk/emc/product/3340/smpc,publicado
epoetina_alfa_hipertensao_nao_controlada,epoetina_alfa,hipertensao_nao_controlada,contraindication,critical,"A epoetina alfa está contraindicada em hipertensão não controlada, pelo risco de crise hipertensiva e encefalopatia.",Epoetin alfa is contraindicated in uncontrolled hypertension because of the risk of hypertensive crisis and encephalopathy.,Não iniciar com tensão arterial não controlada; tratar a hipertensão antes.,Do not start with uncontrolled blood pressure; treat hypertension first.,EMC-UK (MHRA) — SmPC aprovada Epoetina alfa: https://www.medicines.org.uk/emc/product/3443/smpc,EMC-UK (MHRA) — approved Epoetin alfa SmPC: https://www.medicines.org.uk/emc/product/3443/smpc,publicado
ferro_hemocromatose,ferro,hemocromatose,contraindication,critical,A suplementação de ferro está contraindicada em sobrecarga de ferro (hemocromatose) e anemias não ferropénicas com sobrecarga.,Iron supplementation is contraindicated in iron overload (haemochromatosis) and non-iron-deficiency anaemias with overload.,Não administrar ferro em doentes com hemocromatose ou sobrecarga; confirmar o diagnóstico de ferropenia.,Do not give iron in haemochromatosis or overload; confirm iron-deficiency diagnosis.,EMC-UK (MHRA) — SmPC aprovada Ferro: https://www.medicines.org.uk/emc/product/102243/smpc,EMC-UK (MHRA) — approved Iron SmPC: https://www.medicines.org.uk/emc/product/102243/smpc,publicado
acido_tranexamico_trombose_ativa,acido_tranexamico,trombose_ativa,contraindication,critical,"O ácido tranexâmico está contraindicado em trombose ativa e em doentes com antecedentes de tromboembolismo, pelo seu efeito antifibrinolítico.",Tranexamic acid is contraindicated in active thrombosis and in patients with a history of thromboembolism because of its antifibrinolytic effect.,Não usar em trombose ativa; avaliar o risco trombótico antes de iniciar.,Do not use in active thrombosis; assess thrombotic risk before starting.,EMC-UK (MHRA) — SmPC aprovada Ácido tranexâmico: https://www.medicines.org.uk/emc/product/1077/smpc,EMC-UK (MHRA) — approved Tranexamic acid SmPC: https://www.medicines.org.uk/emc/product/1077/smpc,publicado
aspirina_ulcera_peptica_ativa,aspirina,ulcera_peptica_ativa,contraindication,critical,"A aspirina está contraindicada em úlcera péptica ativa e em hemorragia gastrointestinal ativa, pelo risco de agravamento.",Aspirin is contraindicated in active peptic ulcer and active GI bleeding because of the risk of worsening.,Não usar em úlcera ativa; considerar antiagregante alternativo após avaliação.,Do not use in active ulcer; consider an alternative antiplatelet after assessment.,EMC-UK (MHRA) — SmPC aprovada Aspirina: https://www.medicines.org.uk/emc/product/102206/smpc,EMC-UK (MHRA) — approved Aspirin SmPC: https://www.medicines.org.uk/emc/product/102206/smpc,publicado
aspirina_asma_aine,aspirina,asma_aine,contraindication,critical,A aspirina pode desencadear broncospasmo grave em doentes com asma induzida por AINE.,Aspirin may trigger severe bronchospasm in patients with NSAID-induced asthma.,Não usar aspirina em doentes com história de asma/urticária por AINE.,Do not use aspirin in patients with a history of NSAID-induced asthma/urticaria.,EMC-UK (MHRA) — SmPC aprovada Aspirina: https://www.medicines.org.uk/emc/product/102206/smpc,EMC-UK (MHRA) — approved Aspirin SmPC: https://www.medicines.org.uk/emc/product/102206/smpc,publicado
clopidogrel_hemorragia_ativa,clopidogrel,hemorragia_ativa,contraindication,critical,"O clopidogrel está contraindicado em hemorragia ativa clinicamente significativa, pelo seu efeito antiagregante.",Clopidogrel is contraindicated in clinically significant active bleeding because of its antiplatelet effect.,Não usar em hemorragia ativa; tratar a causa da hemorragia.,Do not use in active bleeding; treat the cause of bleeding.,EMC-UK (MHRA) — SmPC aprovada Clopidogrel: https://www.medicines.org.uk/emc/product/5207/smpc,EMC-UK (MHRA) — approved Clopidogrel SmPC: https://www.medicines.org.uk/emc/product/5207/smpc,publicado
clopidogrel_ulcera_peptica_ativa,clopidogrel,ulcera_peptica_ativa,precaution,moderate,O clopidogrel aumenta o risco de hemorragia gastrointestinal em doentes com úlcera péptica ou hemorragia GI recente.,Clopidogrel increases the risk of GI bleeding in patients with peptic ulcer or recent GI bleeding.,Considerar protetor gástrico (IBP) durante o tratamento; vigiar sinais de hemorragia.,Consider a gastroprotectant (PPI) during treatment; monitor for bleeding signs.,EMC-UK (MHRA) — SmPC aprovada Clopidogrel: https://www.medicines.org.uk/emc/product/5207/smpc,EMC-UK (MHRA) — approved Clopidogrel SmPC: https://www.medicines.org.uk/emc/product/5207/smpc,publicado
epoetina_alfa_doenca_cardiovascular,epoetina_alfa,doenca_cardiovascular,precaution,moderate,A epoetina alfa aumenta o risco de eventos trombóticos e cardiovasculares; usar com precaução em doença cardiovascular.,Epoetin alfa increases the risk of thrombotic and cardiovascular events; use with caution in cardiovascular disease.,"Vigiar a hemoglobina (não exceder os alvos da SmPC), a tensão arterial e os sinais de trombose.","Monitor haemoglobin (do not exceed SmPC targets), blood pressure and signs of thrombosis.",EMC-UK (MHRA) — SmPC aprovada Epoetina alfa: https://www.medicines.org.uk/emc/product/3443/smpc,EMC-UK (MHRA) — approved Epoetin alfa SmPC: https://www.medicines.org.uk/emc/product/3443/smpc,publicado
ferro_anemia_nao_diagnosticada,ferro,anemia_nao_diagnosticada,precaution,moderate,O ferro pode mascarar outras causas de anemia; deve confirmar-se a ferropenia antes do tratamento.,Iron may mask other causes of anaemia; iron deficiency should be confirmed before treatment.,"Confirmar a ferropenia (ferritina, saturação da transferrina) antes de suplementar.","Confirm iron deficiency (ferritin, transferrin saturation) before supplementing.",EMC-UK (MHRA) — SmPC aprovada Ferro: https://www.medicines.org.uk/emc/product/102243/smpc,EMC-UK (MHRA) — approved Iron SmPC: https://www.medicines.org.uk/emc/product/102243/smpc,publicado
acido_folico_anemia_nao_diagnosticada,acido_folico,anemia_nao_diagnosticada,precaution,moderate,O ácido fólico pode corrigir a macrocitose e mascarar uma deficiência de vitamina B12 não diagnosticada.,Folic acid may correct macrocytosis and mask an undiagnosed vitamin B12 deficiency.,Excluir deficiência de B12 antes de iniciar ácido fólico em doentes com anemia macrocítica.,Rule out B12 deficiency before starting folic acid in patients with macrocytic anaemia.,EMC-UK (MHRA) — SmPC aprovada Ácido fólico: https://www.medicines.org.uk/emc/product/6998/smpc,EMC-UK (MHRA) — approved Folic acid SmPC: https://www.medicines.org.uk/emc/product/6998/smpc,publicado
cianocobalamina_doenca_de_leber,cianocobalamina,doenca_de_leber,contraindication,critical,"A cianocobalamina está contraindicada na doença de Leber, pelo risco de agravamento da atrofia ótica.",Cyanocobalamin is contraindicated in Leber's disease because of the risk of worsening optic atrophy.,Não usar cianocobalamina em doentes com doença de Leber; considerar hidroxocobalamina se necessário.,Do not use cyanocobalamin in Leber's disease; consider hydroxocobalamin if needed.,EMC-UK (MHRA) — SmPC aprovada Cianocobalamina: https://www.medicines.org.uk/emc/product/5716/smpc,EMC-UK (MHRA) — approved Cyanocobalamin SmPC: https://www.medicines.org.uk/emc/product/5716/smpc,publicado
fitomenadiona_deficiencia_g6pd,fitomenadiona,deficiencia_g6pd,precaution,moderate,Doses elevadas de fitomenadiona podem precipitar hemólise em doentes com défice de G6PD.,High doses of phytomenadione may precipitate haemolysis in patients with G6PD deficiency.,Usar com precaução em défice de G6PD; vigiar sinais de hemólise.,Use with caution in G6PD deficiency; monitor for signs of haemolysis.,EMC-UK (MHRA) — SmPC aprovada Fitomenadiona: https://www.medicines.org.uk/emc/product/9755/smpc,EMC-UK (MHRA) — approved Phytomenadione SmPC: https://www.medicines.org.uk/emc/product/9755/smpc,publicado
teofilina_doenca_hepatica,teofilina,doenca_hepatica,precaution,moderate,"A depuração da teofilina está reduzida na doença hepática, com risco de acumulação e toxicidade.","Theophylline clearance is reduced in hepatic disease, with a risk of accumulation and toxicity.",Reduzir a dose e monitorizar os níveis séricos de teofilina.,Reduce the dose and monitor serum theophylline levels.,EMC-UK (MHRA) — SmPC aprovada Teofilina: https://www.medicines.org.uk/emc/product/100851/smpc,EMC-UK (MHRA) — approved Theophylline SmPC: https://www.medicines.org.uk/emc/product/100851/smpc,publicado
teofilina_epilepsia,teofilina,epilepsia,precaution,moderate,"A teofilina pode reduzir o limiar convulsivo, sobretudo em níveis elevados.","Theophylline may lower the seizure threshold, especially at high levels.",Usar com precaução e manter os níveis séricos dentro da margem terapêutica.,Use with caution and keep serum levels within the therapeutic range.,EMC-UK (MHRA) — SmPC aprovada Teofilina: https://www.medicines.org.uk/emc/product/100851/smpc,EMC-UK (MHRA) — approved Theophylline SmPC: https://www.medicines.org.uk/emc/product/100851/smpc,publicado
salbutamol_diabetes_mellitus,salbutamol,diabetes_mellitus,precaution,moderate,"Os β2-agonistas podem elevar a glicemia, sobretudo em doses elevadas ou no contexto agudo.","β2-agonists may raise blood glucose, especially at high doses or in acute settings.",Monitorizar a glicemia em doentes diabéticos durante o tratamento.,Monitor blood glucose in diabetic patients during treatment.,EMC-UK (MHRA) — SmPC aprovada Salbutamol: https://www.medicines.org.uk/emc/product/12983/smpc,EMC-UK (MHRA) — approved Salbutamol SmPC: https://www.medicines.org.uk/emc/product/12983/smpc,publicado
salmeterol_doenca_cardiovascular,salmeterol,doenca_cardiovascular,precaution,moderate,Os LABA podem causar taquicardia e arritmias em doentes com doença cardiovascular.,LABAs may cause tachycardia and arrhythmias in patients with cardiovascular disease.,Usar com precaução; vigiar o ritmo cardíaco e os sintomas de isquemia.,Use with caution; monitor heart rhythm and ischaemic symptoms.,EMC-UK (MHRA) — SmPC aprovada Salmeterol: https://www.medicines.org.uk/emc/product/848/smpc,EMC-UK (MHRA) — approved Salmeterol SmPC: https://www.medicines.org.uk/emc/product/848/smpc,publicado
salmeterol_hipertensao_nao_controlada,salmeterol,hipertensao_nao_controlada,precaution,moderate,Os β2-agonistas podem elevar a pressão arterial e a frequência cardíaca.,β2-agonists may raise blood pressure and heart rate.,Controlar a tensão arterial antes e durante o tratamento.,Control blood pressure before and during treatment.,EMC-UK (MHRA) — SmPC aprovada Salmeterol: https://www.medicines.org.uk/emc/product/848/smpc,EMC-UK (MHRA) — approved Salmeterol SmPC: https://www.medicines.org.uk/emc/product/848/smpc,publicado
formoterol_doenca_cardiovascular,formoterol,doenca_cardiovascular,precaution,moderate,O formoterol pode provocar taquicardia e arritmias em doentes cardíacos.,Formoterol may cause tachycardia and arrhythmias in cardiac patients.,Usar com precaução e vigiar sinais cardiovasculares.,Use with caution and monitor cardiovascular signs.,EMC-UK (MHRA) — SmPC aprovada Formoterol: https://www.medicines.org.uk/emc/product/6316/smpc,EMC-UK (MHRA) — approved Formoterol SmPC: https://www.medicines.org.uk/emc/product/6316/smpc,publicado
budesonida_tuberculose,budesonida,tuberculose,precaution,moderate,"Os corticosteroides inalados podem mascarar ou agravar infeções respiratórias, incluindo tuberculose.","Inhaled corticosteroids may mask or worsen respiratory infections, including tuberculosis.",Vigiar e tratar infeções intercorrentes; considerar profilaxia conforme as normas locais.,Monitor and treat intercurrent infections; consider prophylaxis per local guidelines.,EMC-UK (MHRA) — SmPC aprovada Budesonida: https://www.medicines.org.uk/emc/product/9715/smpc,EMC-UK (MHRA) — approved Budesonide SmPC: https://www.medicines.org.uk/emc/product/9715/smpc,publicado
ipratropio_glaucoma_angulo_fechado,ipratropio,glaucoma_angulo_fechado,precaution,moderate,A inalação de anticolinérgicos pode precipitar um ataque agudo de glaucoma de ângulo fechado.,Inhalation of anticholinergics may precipitate an acute angle-closure glaucoma attack.,Evitar contacto com os olhos; usar com precaução em doentes com glaucoma.,Avoid contact with the eyes; use with caution in patients with glaucoma.,EMC-UK (MHRA) — SmPC aprovada Brometo de ipratrópio: https://www.medicines.org.uk/emc/product/61/smpc,EMC-UK (MHRA) — approved Ipratropium bromide SmPC: https://www.medicines.org.uk/emc/product/61/smpc,publicado
ipratropio_retencao_urinaria,ipratropio,retencao_urinaria,precaution,moderate,O efeito anticolinérgico pode agravar a retenção urinária.,The anticholinergic effect may worsen urinary retention.,Usar com precaução em doentes com sintomas urinários obstrutivos.,Use with caution in patients with obstructive urinary symptoms.,EMC-UK (MHRA) — SmPC aprovada Brometo de ipratrópio: https://www.medicines.org.uk/emc/product/61/smpc,EMC-UK (MHRA) — approved Ipratropium bromide SmPC: https://www.medicines.org.uk/emc/product/61/smpc,publicado
tiotropio_glaucoma_angulo_fechado,tiotropio,glaucoma_angulo_fechado,precaution,moderate,Os anticolinérgicos inalados de ação prolongada podem precipitar glaucoma agudo.,Long-acting inhaled anticholinergics may precipitate acute glaucoma.,Instruir o doente para evitar o contacto com os olhos; vigiar sintomas oculares.,Instruct the patient to avoid eye contact; monitor ocular symptoms.,EMC-UK (MHRA) — SmPC aprovada Tiotrópio: https://www.medicines.org.uk/emc/product/1693/smpc,EMC-UK (MHRA) — approved Tiotropium SmPC: https://www.medicines.org.uk/emc/product/1693/smpc,publicado
tiotropio_insuficiencia_renal_grave,tiotropio,insuficiencia_renal_grave,precaution,moderate,A eliminação do tiotrópio é predominantemente renal; pode haver acumulação.,Tiotropium elimination is predominantly renal; accumulation may occur.,Usar com precaução na insuficiência renal grave.,Use with caution in severe renal impairment.,EMC-UK (MHRA) — SmPC aprovada Tiotrópio: https://www.medicines.org.uk/emc/product/1693/smpc,EMC-UK (MHRA) — approved Tiotropium SmPC: https://www.medicines.org.uk/emc/product/1693/smpc,publicado
acetilcisteina_asma,acetilcisteina,asma,precaution,moderate,"A inalação de acetilcisteína pode desencadear broncospasmo, sobretudo em doentes asmáticos.","Inhaled acetylcysteine may trigger bronchospasm, especially in asthmatic patients.",Usar com precaução; ter broncodilatador de curta ação disponível.,Use with caution; keep a short-acting bronchodilator available.,EMC-UK (MHRA) — SmPC aprovada Acetilcisteína: https://www.medicines.org.uk/emc/product/2488/smpc,EMC-UK (MHRA) — approved Acetylcysteine SmPC: https://www.medicines.org.uk/emc/product/2488/smpc,publicado
famotidina_insuficiencia_renal_grave,famotidina,insuficiencia_renal_grave,precaution,moderate,A famotidina é eliminada predominantemente por via renal; a sua semi-vida prolonga-se na insuficiência renal grave.,Famotidine is predominantly renally eliminated; its half-life is prolonged in severe renal impairment.,Reduzir a dose na insuficiência renal grave.,Reduce the dose in severe renal impairment.,EMC-UK (MHRA) — SmPC aprovada Famotidina: https://www.medicines.org.uk/emc/product/100584/smpc,EMC-UK (MHRA) — approved Famotidine SmPC: https://www.medicines.org.uk/emc/product/100584/smpc,publicado
sucralfato_insuficiencia_renal_grave,sucralfato,insuficiencia_renal_grave,precaution,moderate,"O sucralfato contém alumínio, que pode acumular-se em doentes com insuficiência renal, com risco de toxicidade (encefalopatia, osteomalácia).","Sucralfate contains aluminium, which may accumulate in renal impairment, with a risk of toxicity (encephalopathy, osteomalacia).",Evitar o uso prolongado ou doses altas em doentes renais graves; considerar alternativas.,Avoid prolonged use or high doses in severe renal disease; consider alternatives.,DailyMed (FDA) — rótulo aprovado Sucralfato: https://dailymed.nlm.nih.gov/dailymed/drugInfo.cfm?setid=1e781cc0-24ec-4028-8262-dcef9873ea1f,DailyMed (FDA) — approved Sucralfate label: https://dailymed.nlm.nih.gov/dailymed/drugInfo.cfm?setid=1e781cc0-24ec-4028-8262-dcef9873ea1f,publicado
metoclopramida_doenca_parkinson,metoclopramida,doenca_parkinson,contraindication,critical,A metoclopramida é antagonista dopaminérgico e pode agravar os sintomas parkinsónicos.,Metoclopramide is a dopamine antagonist and may worsen parkinsonian symptoms.,Não usar em doentes com doença de Parkinson.,Do not use in patients with Parkinson's disease.,EMC-UK (MHRA) — SmPC aprovada Metoclopramida: https://www.medicines.org.uk/emc/product/6213/smpc,EMC-UK (MHRA) — approved Metoclopramide SmPC: https://www.medicines.org.uk/emc/product/6213/smpc,publicado
metoclopramida_epilepsia,metoclopramida,epilepsia,precaution,moderate,A metoclopramida pode reduzir o limiar convulsivo.,Metoclopramide may lower the seizure threshold.,Usar com precaução e vigiar sinais neurológicos.,Use with caution and monitor neurological signs.,EMC-UK (MHRA) — SmPC aprovada Metoclopramida: https://www.medicines.org.uk/emc/product/6213/smpc,EMC-UK (MHRA) — approved Metoclopramide SmPC: https://www.medicines.org.uk/emc/product/6213/smpc,publicado
metoclopramida_feocromocitoma,metoclopramida,feocromocitoma,contraindication,critical,A metoclopramida pode provocar crises hipertensivas graves em doentes com feocromocitoma.,Metoclopramide may cause severe hypertensive crises in patients with phaeochromocytoma.,Não usar em doentes com feocromocitoma.,Do not use in patients with phaeochromocytoma.,EMC-UK (MHRA) — SmPC aprovada Metoclopramida: https://www.medicines.org.uk/emc/product/6213/smpc,EMC-UK (MHRA) — approved Metoclopramide SmPC: https://www.medicines.org.uk/emc/product/6213/smpc,publicado
domperidona_doenca_hepatica_grave,domperidona,doenca_hepatica_grave,contraindication,critical,A domperidona está contraindicada na insuficiência hepática moderada a grave devido ao risco aumentado de prolongamento do QT.,Domperidone is contraindicated in moderate to severe hepatic impairment due to an increased risk of QT prolongation.,Não usar na insuficiência hepática moderada a grave.,Do not use in moderate to severe hepatic impairment.,EMC-UK (MHRA) — SmPC aprovada Domperidona: https://www.medicines.org.uk/emc/product/3188/smpc,EMC-UK (MHRA) — approved Domperidone SmPC: https://www.medicines.org.uk/emc/product/3188/smpc,publicado
domperidona_prolongamento_qt,domperidona,prolongamento_qt,contraindication,critical,A domperidona prolonga o intervalo QT e está contraindicada quando o QT já está prolongado.,Domperidone prolongs the QT interval and is contraindicated when the QT is already prolonged.,Não usar em doentes com QT prolongado ou com fármacos que prolonguem o QT.,Do not use in patients with QT prolongation or QT-prolonging drugs.,EMC-UK (MHRA) — SmPC aprovada Domperidona: https://www.medicines.org.uk/emc/product/3188/smpc,EMC-UK (MHRA) — approved Domperidone SmPC: https://www.medicines.org.uk/emc/product/3188/smpc,publicado
loperamida_colite_ulcerosa_aguda,loperamida,colite_ulcerosa_aguda,contraindication,critical,A loperamida pode precipitar megacólon tóxico na colite ulcerosa aguda.,Loperamide may precipitate toxic megacolon in acute ulcerative colitis.,Não usar na colite ulcerosa aguda ou colite associada a antibióticos.,Do not use in acute ulcerative colitis or antibiotic-associated colitis.,EMC-UK (MHRA) — SmPC aprovada Loperamida: https://www.medicines.org.uk/emc/product/2986/smpc,EMC-UK (MHRA) — approved Loperamide SmPC: https://www.medicines.org.uk/emc/product/2986/smpc,publicado
loperamida_doenca_hepatica_grave,loperamida,doenca_hepatica_grave,contraindication,critical,A loperamida sofre metabolismo de primeira passagem; na insuficiência hepática grave há risco de acumulação e toxicidade no SNC.,Loperamide undergoes first-pass metabolism; severe hepatic impairment carries a risk of accumulation and CNS toxicity.,Não usar na insuficiência hepática grave.,Do not use in severe hepatic impairment.,EMC-UK (MHRA) — SmPC aprovada Loperamida: https://www.medicines.org.uk/emc/product/2986/smpc,EMC-UK (MHRA) — approved Loperamide SmPC: https://www.medicines.org.uk/emc/product/2986/smpc,publicado
ondansetron_prolongamento_qt,ondansetron,prolongamento_qt,precaution,moderate,"O ondansetrom pode prolongar o intervalo QT, sobretudo em doses altas.","Ondansetron may prolong the QT interval, especially at high doses.",Usar com precaução; evitar doses > 16 mg e associações com outros fármacos QT.,Use with caution; avoid doses > 16 mg and combinations with other QT drugs.,EMC-UK (MHRA) — SmPC aprovada Ondansetrom: https://www.medicines.org.uk/emc/product/5222/smpc,EMC-UK (MHRA) — approved Ondansetron SmPC: https://www.medicines.org.uk/emc/product/5222/smpc,publicado
ondansetron_doenca_hepatica,ondansetron,doenca_hepatica,precaution,moderate,O ondansetrom é metabolizado no fígado; a depuração está reduzida na insuficiência hepática moderada a grave.,Ondansetron is hepatically metabolised; clearance is reduced in moderate to severe hepatic impairment.,Limitar a dose diária máxima na insuficiência hepática.,Limit the maximum daily dose in hepatic impairment.,EMC-UK (MHRA) — SmPC aprovada Ondansetrom: https://www.medicines.org.uk/emc/product/5222/smpc,EMC-UK (MHRA) — approved Ondansetron SmPC: https://www.medicines.org.uk/emc/product/5222/smpc,publicado
butilbrometo_hioscina_glaucoma_angulo_fechado,butilbrometo_hioscina,glaucoma_angulo_fechado,contraindication,critical,O efeito anticolinérgico pode precipitar um ataque agudo de glaucoma de ângulo fechado.,The antimuscarinic effect may precipitate an acute angle-closure glaucoma attack.,Não usar em doentes com glaucoma de ângulo fechado.,Do not use in patients with angle-closure glaucoma.,EMC-UK (MHRA) — SmPC aprovada Butilbrometo de hioscina: https://www.medicines.org.uk/emc/product/1775/smpc,EMC-UK (MHRA) — approved Hyoscine butylbromide SmPC: https://www.medicines.org.uk/emc/product/1775/smpc,publicado
butilbrometo_hioscina_retencao_urinaria,butilbrometo_hioscina,retencao_urinaria,precaution,moderate,O efeito anticolinérgico pode agravar a retenção urinária.,The antimuscarinic effect may worsen urinary retention.,Usar com precaução em doentes com obstrução urinária.,Use with caution in patients with urinary obstruction.,EMC-UK (MHRA) — SmPC aprovada Butilbrometo de hioscina: https://www.medicines.org.uk/emc/product/1775/smpc,EMC-UK (MHRA) — approved Hyoscine butylbromide SmPC: https://www.medicines.org.uk/emc/product/1775/smpc,publicado
orlistat_sindrome_malabsorcao,orlistat,sindrome_malabsorcao,contraindication,critical,O orlistato agrava a má absorção de gorduras e vitaminas lipossolúveis.,Orlistat worsens malabsorption of fats and fat-soluble vitamins.,Não usar em doentes com síndrome de má absorção crónica.,Do not use in patients with chronic malabsorption syndrome.,EMC-UK (MHRA) — SmPC aprovada Orlistato: https://www.medicines.org.uk/emc/product/6533/smpc,EMC-UK (MHRA) — approved Orlistat SmPC: https://www.medicines.org.uk/emc/product/6533/smpc,publicado
orlistat_colestase,orlistat,colestase,contraindication,critical,O orlistato está contraindicado na colestase (ficha técnica).,Orlistat is contraindicated in cholestasis (SmPC).,Não usar em doentes com colestase.,Do not use in patients with cholestasis.,EMC-UK (MHRA) — SmPC aprovada Orlistato: https://www.medicines.org.uk/emc/product/6533/smpc,EMC-UK (MHRA) — approved Orlistat SmPC: https://www.medicines.org.uk/emc/product/6533/smpc,publicado
mesalazina_insuficiencia_renal,mesalazina,insuficiencia_renal,precaution,moderate,A mesalazina pode causar ou agravar a nefrotoxicidade (nefrite intersticial).,Mesalazine may cause or worsen nephrotoxicity (interstitial nephritis).,Avaliar a função renal antes e durante o tratamento; ajustar ou suspender se deterioração.,Assess renal function before and during treatment; adjust or stop if deterioration occurs.,EMC-UK (MHRA) — SmPC aprovada Mesalazina: https://www.medicines.org.uk/emc/product/6167/smpc,EMC-UK (MHRA) — approved Mesalazine SmPC: https://www.medicines.org.uk/emc/product/6167/smpc,publicado
mesalazina_doenca_hepatica,mesalazina,doenca_hepatica,precaution,moderate,A mesalazina pode alterar a função hepática; vigiar em doentes com doença hepática.,Mesalazine may affect liver function; monitor in patients with hepatic disease.,Usar com precaução e monitorizar transaminases.,Use with caution and monitor transaminases.,EMC-UK (MHRA) — SmPC aprovada Mesalazina: https://www.medicines.org.uk/emc/product/6167/smpc,EMC-UK (MHRA) — approved Mesalazine SmPC: https://www.medicines.org.uk/emc/product/6167/smpc,publicado
sulfassalazina_alergia_sulfonamidas,sulfassalazina,alergia_sulfonamidas,contraindication,critical,A sulfassalazina contém sulfapiridina (sulfonamida); pode causar reações alérgicas graves.,Sulfasalazine contains sulfapyridine (a sulphonamide); it may cause severe allergic reactions.,Não usar em doentes com alergia a sulfonamidas.,Do not use in patients with sulphonamide allergy.,EMC-UK (MHRA) — SmPC aprovada Sulfassalazina: https://www.medicines.org.uk/emc/product/6686/smpc,EMC-UK (MHRA) — approved Sulfasalazine SmPC: https://www.medicines.org.uk/emc/product/6686/smpc,publicado
sulfassalazina_insuficiencia_renal,sulfassalazina,insuficiencia_renal,precaution,moderate,A sulfassalazina e os seus metabolitos podem acumular-se na insuficiência renal.,Sulfasalazine and its metabolites may accumulate in renal impairment.,Usar com precaução e monitorizar a função renal.,Use with caution and monitor renal function.,EMC-UK (MHRA) — SmPC aprovada Sulfassalazina: https://www.medicines.org.uk/emc/product/6686/smpc,EMC-UK (MHRA) — approved Sulfasalazine SmPC: https://www.medicines.org.uk/emc/product/6686/smpc,publicado
acido_ursodesoxicolico_colestase_obstrutiva,acido_ursodesoxicolico,colestase_obstrutiva,contraindication,critical,O ácido ursodesoxicólico está contraindicado na obstrução das vias biliares e em doentes com colangite não drenada.,Ursodeoxycholic acid is contraindicated in biliary obstruction and in patients with undrained cholangitis.,Não usar em doentes com obstrução biliar.,Do not use in patients with biliary obstruction.,EMC-UK (MHRA) — SmPC aprovada Ácido ursodesoxicólico: https://www.medicines.org.uk/emc/product/101999/smpc,EMC-UK (MHRA) — approved Ursodeoxycholic acid SmPC: https://www.medicines.org.uk/emc/product/101999/smpc,publicado
omeprazol_osteoporose,omeprazol,osteoporose,precaution,moderate,O uso prolongado de inibidores da bomba de protões está associado a aumento do risco de fraturas.,Long-term proton pump inhibitor use is associated with an increased risk of fractures.,Usar a menor dose e duração eficazes; considerar suplementação de cálcio/vitamina D quando indicado.,Use the lowest effective dose and duration; consider calcium/vitamin D supplementation when indicated.,EMC-UK (MHRA) — SmPC aprovada Omeprazol: https://www.medicines.org.uk/emc/product/1509/smpc,EMC-UK (MHRA) — approved Omeprazole SmPC: https://www.medicines.org.uk/emc/product/1509/smpc,publicado
omeprazol_hipomagnesemia,omeprazol,hipomagnesemia,precaution,moderate,O uso prolongado de omeprazol pode causar hipomagnesemia sintomática.,Long-term omeprazole may cause symptomatic hypomagnesaemia.,"Vigiar o magnésio sérico em tratamentos prolongados (> 1 ano), sobretudo com diuréticos ou digoxina.","Check serum magnesium in long-term therapy (> 1 year), especially with diuretics or digoxin.",EMC-UK (MHRA) — SmPC aprovada Omeprazol: https://www.medicines.org.uk/emc/product/1509/smpc,EMC-UK (MHRA) — approved Omeprazole SmPC: https://www.medicines.org.uk/emc/product/1509/smpc,publicado
antiacidos_insuficiencia_renal_grave,antiacidos,insuficiencia_renal_grave,precaution,moderate,Os catiões alumínio e magnésio dos antiácidos podem acumular-se na insuficiência renal.,Aluminium and magnesium cations from antacids may accumulate in renal impairment.,Evitar uso prolongado ou doses altas em doentes com insuficiência renal grave.,Avoid prolonged use or high doses in severe renal impairment.,DailyMed (FDA) — rótulo aprovado Antiácidos: https://dailymed.nlm.nih.gov/dailymed/drugInfo.cfm?setid=5e346dc0-69ce-4cc5-bb5d-bfa833e11c1f,DailyMed (FDA) — approved Antacids label: https://dailymed.nlm.nih.gov/dailymed/drugInfo.cfm?setid=5e346dc0-69ce-4cc5-bb5d-bfa833e11c1f,publicado
naproxeno_ulcera_peptica_ativa,naproxeno,ulcera_peptica_ativa,contraindication,critical,"Os AINE inibem a síntese de prostaglandinas gastroprotetoras, podendo agravar ou perfurar uma úlcera ativa.",NSAIDs inhibit gastroprotective prostaglandin synthesis and may worsen or perforate an active ulcer.,Contraindicado; procurar alternativa analgésica (paracetamol).,Contraindicated; seek an alternative analgesic (paracetamol).,EMC-UK (MHRA) — SmPC aprovada Naproxeno: https://www.medicines.org.uk/emc/product/13237/smpc,EMC-UK (MHRA) — approved Naproxen SmPC: https://www.medicines.org.uk/emc/product/13237/smpc,publicado
naproxeno_asma_aine,naproxeno,asma_aine,precaution,moderate,Os AINE podem precipitar broncospasmo em doentes com asma sensível a AINE/aspirina.,NSAIDs may precipitate bronchospasm in patients with NSAID/aspirin-sensitive asthma.,Evitar AINE em asmáticos com história de sensibilidade; usar com precaução e disponibilidade de socorro.,Avoid NSAIDs in asthmatics with a history of sensitivity; use with caution and rescue available.,EMC-UK (MHRA) — SmPC aprovada Naproxeno: https://www.medicines.org.uk/emc/product/13237/smpc,EMC-UK (MHRA) — approved Naproxen SmPC: https://www.medicines.org.uk/emc/product/13237/smpc,publicado
naproxeno_doenca_renal_cronica,naproxeno,doenca_renal_cronica,precaution,moderate,Os AINE reduzem o fluxo sanguíneo renal e podem agravar a função renal.,NSAIDs reduce renal blood flow and may worsen renal function.,"Evitar AINE em insuficiência renal; se inevitável, usar a menor dose e vigiar creatinina.","Avoid NSAIDs in renal impairment; if unavoidable, use the lowest dose and monitor creatinine.",EMC-UK (MHRA) — SmPC aprovada Naproxeno: https://www.medicines.org.uk/emc/product/13237/smpc,EMC-UK (MHRA) — approved Naproxen SmPC: https://www.medicines.org.uk/emc/product/13237/smpc,publicado
naproxeno_doenca_cardiovascular,naproxeno,doenca_cardiovascular,precaution,moderate,Os AINE podem aumentar o risco de eventos cardiovasculares e reter líquidos.,NSAIDs may increase the risk of cardiovascular events and cause fluid retention.,Usar com precaução em doentes com doença cardiovascular; preferir a menor dose e duração.,Use with caution in cardiovascular disease; prefer the lowest dose and duration.,EMC-UK (MHRA) — SmPC aprovada Naproxeno: https://www.medicines.org.uk/emc/product/13237/smpc,EMC-UK (MHRA) — approved Naproxen SmPC: https://www.medicines.org.uk/emc/product/13237/smpc,publicado
celecoxib_ulcera_peptica_ativa,celecoxib,ulcera_peptica_ativa,contraindication,critical,"Apesar da seletividade COX-2, o celecoxib mantém risco de complicação de úlcera ativa.","Despite COX-2 selectivity, celecoxib still carries a risk of active ulcer complications.",Contraindicado em úlcera ativa; procurar alternativa.,Contraindicated in active ulcer; seek an alternative.,EMC-UK (MHRA) — SmPC aprovada Celecoxib: https://www.medicines.org.uk/emc/product/5533/smpc,EMC-UK (MHRA) — approved Celecoxib SmPC: https://www.medicines.org.uk/emc/product/5533/smpc,publicado
celecoxib_doenca_cardiovascular,celecoxib,doenca_cardiovascular,precaution,moderate,Os coxibes aumentam o risco de eventos trombóticos cardiovasculares.,Coxibs increase the risk of cardiovascular thrombotic events.,Usar com precaução; evitar em doença cardíaca isquémica ou AVC recente.,Use with caution; avoid in ischaemic heart disease or recent stroke.,EMC-UK (MHRA) — SmPC aprovada Celecoxib: https://www.medicines.org.uk/emc/product/5533/smpc,EMC-UK (MHRA) — approved Celecoxib SmPC: https://www.medicines.org.uk/emc/product/5533/smpc,publicado
celecoxib_doenca_renal_cronica,celecoxib,doenca_renal_cronica,precaution,moderate,"Os AINE, incluindo coxibes, podem reduzir a função renal.","NSAIDs, including coxibs, may reduce renal function.",Vigiar creatinina e diurese; usar a menor dose possível.,Monitor creatinine and urine output; use the lowest dose.,EMC-UK (MHRA) — SmPC aprovada Celecoxib: https://www.medicines.org.uk/emc/product/5533/smpc,EMC-UK (MHRA) — approved Celecoxib SmPC: https://www.medicines.org.uk/emc/product/5533/smpc,publicado
celecoxib_asma_aine,celecoxib,asma_aine,precaution,moderate,Risco de broncospasmo em doentes sensíveis a AINE.,Risk of bronchospasm in NSAID-sensitive patients.,Usar com precaução; evitar em asma sensível a aspirina.,Use with caution; avoid in aspirin-sensitive asthma.,EMC-UK (MHRA) — SmPC aprovada Celecoxib: https://www.medicines.org.uk/emc/product/5533/smpc,EMC-UK (MHRA) — approved Celecoxib SmPC: https://www.medicines.org.uk/emc/product/5533/smpc,publicado
metotrexato_doenca_hepatica_ativa,metotrexato,doenca_hepatica_ativa,contraindication,critical,O metotrexato é hepatotóxico e pode agravar doença hepática ativa.,Methotrexate is hepatotoxic and may worsen active liver disease.,Contraindicado em doença hepática ativa; monitorizar transaminases na terapêutica.,Contraindicated in active liver disease; monitor transaminases on therapy.,EMC-UK (MHRA) — SmPC aprovada Metotrexato: https://www.medicines.org.uk/emc/product/511/smpc,EMC-UK (MHRA) — approved Methotrexate SmPC: https://www.medicines.org.uk/emc/product/511/smpc,publicado
metotrexato_insuficiencia_renal_grave,metotrexato,insuficiencia_renal_grave,contraindication,critical,O metotrexato é excretado por via renal; a insuficiência renal grave eleva a toxicidade.,Methotrexate is renally excreted; severe renal impairment raises toxicity.,Contraindicado em insuficiência renal grave; ajustar dose na insuficiência moderada.,Contraindicated in severe renal impairment; adjust dose in moderate impairment.,EMC-UK (MHRA) — SmPC aprovada Metotrexato: https://www.medicines.org.uk/emc/product/511/smpc,EMC-UK (MHRA) — approved Methotrexate SmPC: https://www.medicines.org.uk/emc/product/511/smpc,publicado
metotrexato_alcoolismo,metotrexato,alcoolismo,precaution,moderate,O álcool adiciona hepatotoxicidade à do metotrexato.,Alcohol adds hepatotoxicity to that of methotrexate.,Aconselhar abstinência alcoólica durante o tratamento.,Advise alcohol abstinence during treatment.,EMC-UK (MHRA) — SmPC aprovada Metotrexato: https://www.medicines.org.uk/emc/product/511/smpc,EMC-UK (MHRA) — approved Methotrexate SmPC: https://www.medicines.org.uk/emc/product/511/smpc,publicado
leflunomida_doenca_hepatica_ativa,leflunomida,doenca_hepatica_ativa,contraindication,critical,"A leflunomida pode causar lesão hepática grave, sobretudo em doença hepática prévia.","Leflunomide may cause severe liver injury, especially with pre-existing liver disease.",Contraindicado; monitorizar transaminases mensalmente na terapêutica.,Contraindicated; monitor transaminases monthly on therapy.,EMC-UK (MHRA) — SmPC aprovada Leflunomida: https://www.medicines.org.uk/emc/product/4944/smpc,EMC-UK (MHRA) — approved Leflunomide SmPC: https://www.medicines.org.uk/emc/product/4944/smpc,publicado
leflunomida_infeccao_ativa,leflunomida,infeccao_ativa,precaution,moderate,A imunossupressão pela leflunomida pode agravar infeções.,Immunosuppression from leflunomide may worsen infections.,Avaliar e tratar infeções antes de iniciar; vigiar sinais de infeção.,Assess and treat infections before starting; watch for signs of infection.,EMC-UK (MHRA) — SmPC aprovada Leflunomida: https://www.medicines.org.uk/emc/product/4944/smpc,EMC-UK (MHRA) — approved Leflunomide SmPC: https://www.medicines.org.uk/emc/product/4944/smpc,publicado
leflunomida_doenca_renal_grave,leflunomida,doenca_renal_grave,precaution,moderate,A eliminação reduzida pode aumentar a exposição e a toxicidade.,Reduced elimination may increase exposure and toxicity.,Usar com precaução e monitorizar função renal.,Use with caution and monitor renal function.,EMC-UK (MHRA) — SmPC aprovada Leflunomida: https://www.medicines.org.uk/emc/product/4944/smpc,EMC-UK (MHRA) — approved Leflunomide SmPC: https://www.medicines.org.uk/emc/product/4944/smpc,publicado
colchicina_insuficiencia_renal_grave,colchicina,insuficiencia_renal_grave,contraindication,critical,"A colchicina acumula-se em insuficiência renal, com risco de toxicidade grave.","Colchicine accumulates in renal impairment, with risk of severe toxicity.",Contraindicado em insuficiência renal grave; ajustar dose na moderada.,Contraindicated in severe renal impairment; adjust dose in moderate impairment.,EMC-UK (MHRA) — SmPC aprovada Colchicina: https://www.medicines.org.uk/emc/product/14362/smpc,EMC-UK (MHRA) — approved Colchicine SmPC: https://www.medicines.org.uk/emc/product/14362/smpc,publicado
colchicina_insuficiencia_hepatica_grave,colchicina,insuficiencia_hepatica_grave,contraindication,critical,O metabolismo hepático reduzido eleva as concentrações de colchicina.,Reduced hepatic metabolism raises colchicine concentrations.,Contraindicado em insuficiência hepática grave.,Contraindicated in severe hepatic impairment.,EMC-UK (MHRA) — SmPC aprovada Colchicina: https://www.medicines.org.uk/emc/product/14362/smpc,EMC-UK (MHRA) — approved Colchicine SmPC: https://www.medicines.org.uk/emc/product/14362/smpc,publicado
colchicina_doenca_gastrointestinal,colchicina,doenca_gastrointestinal,precaution,moderate,A colchicina causa diarreia e pode agravar doença GI inflamatória.,Colchicine causes diarrhoea and may worsen inflammatory GI disease.,Usar com precaução; vigiar diarreia grave (sinal de toxicidade).,Use with caution; watch for severe diarrhoea (sign of toxicity).,EMC-UK (MHRA) — SmPC aprovada Colchicina: https://www.medicines.org.uk/emc/product/14362/smpc,EMC-UK (MHRA) — approved Colchicine SmPC: https://www.medicines.org.uk/emc/product/14362/smpc,publicado
febuxostat_doenca_cardiovascular,febuxostat,doenca_cardiovascular,precaution,moderate,"Em estudos, o febuxostat associou-se a maior risco cardiovascular em relação ao alopurinol.","In trials, febuxostat was associated with higher cardiovascular risk versus allopurinol.",Usar com precaução em doentes com doença cardiovascular prévia.,Use with caution in patients with prior cardiovascular disease.,EMC-UK (MHRA) — SmPC aprovada Febuxostat: https://www.medicines.org.uk/emc/product/487/smpc,EMC-UK (MHRA) — approved Febuxostat SmPC: https://www.medicines.org.uk/emc/product/487/smpc,publicado
febuxostat_insuficiencia_renal_grave,febuxostat,insuficiencia_renal_grave,precaution,moderate,A excreção renal reduzida aumenta a exposição ao febuxostat.,Reduced renal excretion increases febuxostat exposure.,Usar com precaução e monitorizar função renal.,Use with caution and monitor renal function.,EMC-UK (MHRA) — SmPC aprovada Febuxostat: https://www.medicines.org.uk/emc/product/487/smpc,EMC-UK (MHRA) — approved Febuxostat SmPC: https://www.medicines.org.uk/emc/product/487/smpc,publicado
alendronato_doenca_esofagica,alendronato,doenca_esofagica,contraindication,critical,O alendronato pode causar esofagite grave; está contraindicado em alterações esofágicas que atrasem o trânsito.,Alendronate may cause severe oesophagitis; contraindicated in oesophageal abnormalities delaying transit.,Contraindicado em estenose/acalasia e dificuldade de deglutição.,Contraindicated in stricture/achalasia and swallowing difficulty.,EMC-UK (MHRA) — SmPC aprovada Alendronato: https://www.medicines.org.uk/emc/product/5206/smpc,EMC-UK (MHRA) — approved Alendronate SmPC: https://www.medicines.org.uk/emc/product/5206/smpc,publicado
alendronato_hipocalcemia,alendronato,hipocalcemia,contraindication,critical,O alendronato deve ser usado apenas com calcemia corrigida.,Alendronate should only be used once calcium is corrected.,Corrigir hipocalcémia e défice de vitamina D antes de iniciar.,Correct hypocalcaemia and vitamin D deficiency before starting.,EMC-UK (MHRA) — SmPC aprovada Alendronato: https://www.medicines.org.uk/emc/product/5206/smpc,EMC-UK (MHRA) — approved Alendronate SmPC: https://www.medicines.org.uk/emc/product/5206/smpc,publicado
alendronato_insuficiencia_renal_grave,alendronato,insuficiencia_renal_grave,contraindication,critical,O alendronato não é recomendado com depuração de creatinina < 35 mL/min.,Alendronate is not recommended with creatinine clearance < 35 mL/min.,Contraindicado; considerar alternativa terapêutica.,Contraindicated; consider an alternative.,EMC-UK (MHRA) — SmPC aprovada Alendronato: https://www.medicines.org.uk/emc/product/5206/smpc,EMC-UK (MHRA) — approved Alendronate SmPC: https://www.medicines.org.uk/emc/product/5206/smpc,publicado
calcitriol_hipercalcemia,calcitriol,hipercalcemia,contraindication,critical,O calcitriol eleva a calcemia e agrava a hipercalcémia.,Calcitriol raises serum calcium and worsens hypercalcaemia.,Contraindicado; suspender suplementos de cálcio e vigiar calcemia.,Contraindicated; stop calcium supplements and monitor serum calcium.,EMC-UK (MHRA) — SmPC aprovada Calcitriol: https://www.medicines.org.uk/emc/product/101902/smpc,EMC-UK (MHRA) — approved Calcitriol SmPC: https://www.medicines.org.uk/emc/product/101902/smpc,publicado
calcitriol_litase_renal,calcitriol,litase_renal,precaution,moderate,A hipercalciúria induzida pode favorecer a formação de cálculos.,Induced hypercalciuria may favour stone formation.,Vigiar calcemia e calciúria; garantir hidratação adequada.,Monitor serum calcium and urine calcium; ensure adequate hydration.,EMC-UK (MHRA) — SmPC aprovada Calcitriol: https://www.medicines.org.uk/emc/product/101902/smpc,EMC-UK (MHRA) — approved Calcitriol SmPC: https://www.medicines.org.uk/emc/product/101902/smpc,publicado
aspirina_doenca_renal_cronica,aspirina,doenca_renal_cronica,precaution,moderate,A aspirina (em dose AINE) pode reduzir a função renal.,Aspirin (at NSAID dose) may reduce renal function.,Usar a menor dose eficaz e vigiar creatinina em insuficiência renal.,Use the lowest effective dose and monitor creatinine in renal impairment.,EMC-UK (MHRA) — SmPC aprovada Ácido acetilsalicílico: https://www.medicines.org.uk/emc/product/8627/smpc,EMC-UK (MHRA) — approved Aspirin SmPC: https://www.medicines.org.uk/emc/product/8627/smpc,publicado
ibuprofeno_ulcera_peptica_ativa,ibuprofeno,ulcera_peptica_ativa,contraindication,critical,Os AINE podem agravar ou perfurar úlcera ativa.,NSAIDs may worsen or perforate an active ulcer.,Contraindicado; procurar alternativa (paracetamol).,Contraindicated; seek an alternative (paracetamol).,EMC-UK (MHRA) — SmPC aprovada Ibuprofeno: https://www.medicines.org.uk/emc/product/6713/smpc,EMC-UK (MHRA) — approved Ibuprofen SmPC: https://www.medicines.org.uk/emc/product/6713/smpc,publicado
ibuprofeno_asma_aine,ibuprofeno,asma_aine,precaution,moderate,Risco de broncospasmo em doentes sensíveis a AINE.,Risk of bronchospasm in NSAID-sensitive patients.,Evitar em asma sensível a aspirina; usar com precaução.,Avoid in aspirin-sensitive asthma; use with caution.,EMC-UK (MHRA) — SmPC aprovada Ibuprofeno: https://www.medicines.org.uk/emc/product/6713/smpc,EMC-UK (MHRA) — approved Ibuprofen SmPC: https://www.medicines.org.uk/emc/product/6713/smpc,publicado
ibuprofeno_doenca_renal_cronica,ibuprofeno,doenca_renal_cronica,precaution,moderate,Os AINE podem agravar a função renal.,NSAIDs may worsen renal function.,Evitar ou usar a menor dose com monitorização de creatinina.,Avoid or use the lowest dose with creatinine monitoring.,EMC-UK (MHRA) — SmPC aprovada Ibuprofeno: https://www.medicines.org.uk/emc/product/6713/smpc,EMC-UK (MHRA) — approved Ibuprofen SmPC: https://www.medicines.org.uk/emc/product/6713/smpc,publicado
ibuprofeno_doenca_cardiovascular,ibuprofeno,doenca_cardiovascular,precaution,moderate,Os AINE podem aumentar o risco cardiovascular.,NSAIDs may increase cardiovascular risk.,Usar com precaução em doença cardiovascular.,Use with caution in cardiovascular disease.,EMC-UK (MHRA) — SmPC aprovada Ibuprofeno: https://www.medicines.org.uk/emc/product/6713/smpc,EMC-UK (MHRA) — approved Ibuprofen SmPC: https://www.medicines.org.uk/emc/product/6713/smpc,publicado
diclofenac_ulcera_peptica_ativa,diclofenac,ulcera_peptica_ativa,contraindication,critical,Os AINE podem agravar ou perfurar úlcera ativa.,NSAIDs may worsen or perforate an active ulcer.,Contraindicado; procurar alternativa.,Contraindicated; seek an alternative.,EMC-UK (MHRA) — SmPC aprovada Diclofenac: https://www.medicines.org.uk/emc/product/4333/smpc,EMC-UK (MHRA) — approved Diclofenac SmPC: https://www.medicines.org.uk/emc/product/4333/smpc,publicado
diclofenac_asma_aine,diclofenac,asma_aine,precaution,moderate,Risco de broncospasmo em doentes sensíveis a AINE.,Risk of bronchospasm in NSAID-sensitive patients.,Evitar em asma sensível a aspirina.,Avoid in aspirin-sensitive asthma.,EMC-UK (MHRA) — SmPC aprovada Diclofenac: https://www.medicines.org.uk/emc/product/4333/smpc,EMC-UK (MHRA) — approved Diclofenac SmPC: https://www.medicines.org.uk/emc/product/4333/smpc,publicado
diclofenac_doenca_renal_cronica,diclofenac,doenca_renal_cronica,precaution,moderate,Os AINE podem agravar a função renal.,NSAIDs may worsen renal function.,Evitar ou usar a menor dose com monitorização de creatinina.,Avoid or use the lowest dose with creatinine monitoring.,EMC-UK (MHRA) — SmPC aprovada Diclofenac: https://www.medicines.org.uk/emc/product/4333/smpc,EMC-UK (MHRA) — approved Diclofenac SmPC: https://www.medicines.org.uk/emc/product/4333/smpc,publicado
diclofenac_doenca_cardiovascular,diclofenac,doenca_cardiovascular,precaution,moderate,Os AINE podem aumentar o risco cardiovascular.,NSAIDs may increase cardiovascular risk.,Usar com precaução em doença cardiovascular.,Use with caution in cardiovascular disease.,EMC-UK (MHRA) — SmPC aprovada Diclofenac: https://www.medicines.org.uk/emc/product/4333/smpc,EMC-UK (MHRA) — approved Diclofenac SmPC: https://www.medicines.org.uk/emc/product/4333/smpc,publicado
alopurinol_insuficiencia_renal_grave,alopurinol,insuficiencia_renal_grave,precaution,moderate,A excreção renal reduzida aumenta o risco de hipersensibilidade ao alopurinol.,Reduced renal excretion increases the risk of allopurinol hypersensitivity.,Ajustar a dose à função renal e monitorizar.,Adjust dose to renal function and monitor.,EMC-UK (MHRA) — SmPC aprovada Alopurinol: https://www.medicines.org.uk/emc/product/100235/smpc,EMC-UK (MHRA) — approved Allopurinol SmPC: https://www.medicines.org.uk/emc/product/100235/smpc,publicado
alopurinol_sindrome_hipersensibilidade,alopurinol,sindrome_hipersensibilidade,contraindication,critical,História prévia de reação grave ao alopurinol contra-indica a reintrodução.,Prior severe reaction to allopurinol contraindicates reintroduction.,Contraindicado; considerar alternativa (febuxostat) com precaução.,Contraindicated; consider an alternative (febuxostat) with caution.,EMC-UK (MHRA) — SmPC aprovada Alopurinol: https://www.medicines.org.uk/emc/product/100235/smpc,EMC-UK (MHRA) — approved Allopurinol SmPC: https://www.medicines.org.uk/emc/product/100235/smpc,publicado
azatioprina_deficiencia_tpmt,azatioprina,deficiencia_tpmt,contraindication,critical,A deficiência de tiopurina-metiltransferase (TPMT) predispõe a mielossupressão grave.,Thiopurine methyltransferase (TPMT) deficiency predisposes to severe marrow suppression.,Testar TPMT antes de iniciar; contraindicado se deficiência total.,Test TPMT before starting; contraindicated in complete deficiency.,EMC-UK (MHRA) — SmPC aprovada Azatioprina: https://www.medicines.org.uk/emc/product/14296/smpc,EMC-UK (MHRA) — approved Azathioprine SmPC: https://www.medicines.org.uk/emc/product/14296/smpc,publicado
azatioprina_doenca_hepatica_ativa,azatioprina,doenca_hepatica_ativa,precaution,moderate,A azatioprina pode causar hepatotoxicidade.,Azathioprine may cause hepatotoxicity.,Monitorizar função hepática na terapêutica.,Monitor liver function on therapy.,EMC-UK (MHRA) — SmPC aprovada Azatioprina: https://www.medicines.org.uk/emc/product/14296/smpc,EMC-UK (MHRA) — approved Azathioprine SmPC: https://www.medicines.org.uk/emc/product/14296/smpc,publicado
prednisolona_infeccao_ativa,prednisolona,infeccao_ativa,contraindication,critical,"Os corticosteroides podem mascarar e agravar infeções, incluindo varicela grave.","Corticosteroids may mask and worsen infections, including severe varicella.",Evitar em infeções sistémicas ativas sem antibioterapia; vacinação em dia antes de terapêutica prolongada.,Avoid in active systemic infections without antibiotic cover; keep vaccinations up to date before long-term therapy.,EMC-UK (MHRA) — SmPC aprovada Prednisolona: https://www.medicines.org.uk/emc/product/2427/smpc,EMC-UK (MHRA) — approved Prednisolone SmPC: https://www.medicines.org.uk/emc/product/2427/smpc,publicado
prednisolona_diabetes_mellitus,prednisolona,diabetes_mellitus,precaution,moderate,Os corticosteroides elevam a glicemia.,Corticosteroids raise blood glucose.,Monitorizar glicemia e ajustar antidiabéticos durante a terapêutica.,Monitor blood glucose and adjust antidiabetics during therapy.,EMC-UK (MHRA) — SmPC aprovada Prednisolona: https://www.medicines.org.uk/emc/product/2427/smpc,EMC-UK (MHRA) — approved Prednisolone SmPC: https://www.medicines.org.uk/emc/product/2427/smpc,publicado
prednisolona_osteoporose,prednisolona,osteoporose,precaution,moderate,O uso prolongado de corticosteroides acelera a perda óssea.,Long-term corticosteroids accelerate bone loss.,Usar a menor dose/duração; considerar cálcio + vitamina D e vigiar densidade óssea.,Use the lowest dose/duration; consider calcium + vitamin D and monitor bone density.,EMC-UK (MHRA) — SmPC aprovada Prednisolona: https://www.medicines.org.uk/emc/product/2427/smpc,EMC-UK (MHRA) — approved Prednisolone SmPC: https://www.medicines.org.uk/emc/product/2427/smpc,publicado
prednisolona_glaucoma,prednisolona,glaucoma,precaution,moderate,Os corticosteroides podem elevar a pressão intraocular.,Corticosteroids may raise intraocular pressure.,Monitorizar pressão intraocular em terapêuticas prolongadas.,Monitor intraocular pressure on long-term therapy.,EMC-UK (MHRA) — SmPC aprovada Prednisolona: https://www.medicines.org.uk/emc/product/2427/smpc,EMC-UK (MHRA) — approved Prednisolone SmPC: https://www.medicines.org.uk/emc/product/2427/smpc,publicado
hidroxicloroquina_doenca_retina,hidroxicloroquina,doenca_retina,precaution,moderate,A hidroxicloroquina pode causar retinopatia cumulativa irreversível.,Hydroxychloroquine may cause cumulative irreversible retinopathy.,Avaliação oftalmológica basal e periódica (sobretudo > 5 anos ou fator de risco).,Baseline and periodic ophthalmological review (especially > 5 years or risk factors).,EMC-UK (MHRA) — SmPC aprovada Hidroxicloroquina: https://www.medicines.org.uk/emc/product/11540/smpc,EMC-UK (MHRA) — approved Hydroxychloroquine SmPC: https://www.medicines.org.uk/emc/product/11540/smpc,publicado
hidroxicloroquina_doenca_hepatica_ativa,hidroxicloroquina,doenca_hepatica_ativa,precaution,moderate,O metabolismo hepático reduzido pode aumentar a exposição.,Reduced hepatic metabolism may increase exposure.,Usar com precaução e monitorizar função hepática.,Use with caution and monitor liver function.,EMC-UK (MHRA) — SmPC aprovada Hidroxicloroquina: https://www.medicines.org.uk/emc/product/11540/smpc,EMC-UK (MHRA) — approved Hydroxychloroquine SmPC: https://www.medicines.org.uk/emc/product/11540/smpc,publicado
cetirizina_insuficiencia_renal_grave,cetirizina,insuficiencia_renal_grave,precaution,moderate,A cetirizina é excretada por via renal; na insuficiência grave a dose deve ser reduzida.,Cetirizine is renally excreted; in severe impairment the dose must be reduced.,Reduzir a dose (ex.: 5 mg/dia) em insuficiência renal grave.,Reduce the dose (e.g. 5 mg/day) in severe renal impairment.,EMC-UK (MHRA) — SmPC aprovada Cetirizina: https://www.medicines.org.uk/emc/product/3217/smpc,EMC-UK (MHRA) — approved Cetirizine SmPC: https://www.medicines.org.uk/emc/product/3217/smpc,publicado
loratadina_insuficiencia_hepatica_grave,loratadina,insuficiencia_hepatica_grave,precaution,moderate,O metabolismo hepático reduzido pode aumentar a exposição à loratadina.,Reduced hepatic metabolism may increase loratadine exposure.,Usar com precaução; dose inicial alternativa em insuficiência hepática grave.,Use with caution; alternative initial dose in severe hepatic impairment.,EMC-UK (MHRA) — SmPC aprovada Loratadina: https://www.medicines.org.uk/emc/product/10942/smpc,EMC-UK (MHRA) — approved Loratadine SmPC: https://www.medicines.org.uk/emc/product/10942/smpc,publicado
desloratadina_insuficiencia_renal_grave,desloratadina,insuficiencia_renal_grave,precaution,moderate,A desloratadina é eliminada por via renal.,Desloratadine is eliminated renally.,Usar com precaução e ajustar a dose em insuficiência renal grave.,Use with caution and adjust the dose in severe renal impairment.,EMC-UK (MHRA) — SmPC aprovada Desloratadina: https://www.medicines.org.uk/emc/product/14722/smpc,EMC-UK (MHRA) — approved Desloratadine SmPC: https://www.medicines.org.uk/emc/product/14722/smpc,publicado
desloratadina_insuficiencia_hepatica_grave,desloratadina,insuficiencia_hepatica_grave,precaution,moderate,A eliminação reduzida pode aumentar a exposição.,Reduced elimination may increase exposure.,Usar com precaução.,Use with caution.,EMC-UK (MHRA) — SmPC aprovada Desloratadina: https://www.medicines.org.uk/emc/product/14722/smpc,EMC-UK (MHRA) — approved Desloratadine SmPC: https://www.medicines.org.uk/emc/product/14722/smpc,publicado
fexofenadina_insuficiencia_renal_grave,fexofenadina,insuficiencia_renal_grave,precaution,moderate,A fexofenadina é eliminada por via renal.,Fexofenadine is renally eliminated.,Dose inicial recomendada de 60 mg uma vez por dia em insuficiência renal grave.,Recommended starting dose of 60 mg once daily in severe renal impairment.,EMC-UK (MHRA) — SmPC aprovada Fexofenadina: https://www.medicines.org.uk/emc/product/13208/smpc,EMC-UK (MHRA) — approved Fexofenadine SmPC: https://www.medicines.org.uk/emc/product/13208/smpc,publicado
levocetirizina_insuficiencia_renal_grave,levocetirizina,insuficiencia_renal_grave,precaution,moderate,A levocetirizina é excretada por via renal; a dose deve ser ajustada.,Levocetirizine is renally excreted; the dose must be adjusted.,Ajustar a dose de acordo com a depuração de creatinina.,Adjust the dose according to creatinine clearance.,EMC-UK (MHRA) — SmPC aprovada Levocetirizina: https://www.medicines.org.uk/emc/product/9917/smpc,EMC-UK (MHRA) — approved Levocetirizine SmPC: https://www.medicines.org.uk/emc/product/9917/smpc,publicado
difenidramina_glaucoma,difenidramina,glaucoma,contraindication,critical,A difenidramina tem efeitos anticolinérgicos que podem precipitar glaucoma de ângulo fechado.,Diphenhydramine has anticholinergic effects that may precipitate angle-closure glaucoma.,Contraindicado em glaucoma de ângulo fechado não tratado.,Contraindicated in untreated angle-closure glaucoma.,EMC-UK (MHRA) — SmPC aprovada Difenidramina: https://www.medicines.org.uk/emc/product/1476/smpc,EMC-UK (MHRA) — approved Diphenhydramine SmPC: https://www.medicines.org.uk/emc/product/1476/smpc,publicado
difenidramina_hipertrofia_prostatica,difenidramina,hipertrofia_prostatica,precaution,moderate,Os efeitos anticolinérgicos podem agravar a retenção urinária.,Anticholinergic effects may worsen urinary retention.,Usar com precaução em homens com hipertrofia prostática sintomática.,Use with caution in men with symptomatic prostatic hyperplasia.,EMC-UK (MHRA) — SmPC aprovada Difenidramina: https://www.medicines.org.uk/emc/product/1476/smpc,EMC-UK (MHRA) — approved Diphenhydramine SmPC: https://www.medicines.org.uk/emc/product/1476/smpc,publicado
difenidramina_asma,difenidramina,asma,precaution,moderate,Os efeitos anticolinérgicos podem espessar as secreções e dificultar a expetoração.,Anticholinergic effects may thicken secretions and impair expectoration.,Usar com precaução em doentes com asma/DPOC.,Use with caution in patients with asthma/COPD.,EMC-UK (MHRA) — SmPC aprovada Difenidramina: https://www.medicines.org.uk/emc/product/1476/smpc,EMC-UK (MHRA) — approved Diphenhydramine SmPC: https://www.medicines.org.uk/emc/product/1476/smpc,publicado
dexametasona_infeccao_ativa,dexametasona,infeccao_ativa,contraindication,critical,"Os corticosteroides podem mascarar e agravar infeções, incluindo varicela grave.","Corticosteroids may mask and worsen infections, including severe varicella.",Evitar em infeções sistémicas ativas sem antibioterapia.,Avoid in active systemic infections without antibiotic cover.,EMC-UK (MHRA) — SmPC aprovada Dexametasona: https://www.medicines.org.uk/emc/product/13196/smpc,EMC-UK (MHRA) — approved Dexamethasone SmPC: https://www.medicines.org.uk/emc/product/13196/smpc,publicado
dexametasona_diabetes_mellitus,dexametasona,diabetes_mellitus,precaution,moderate,Os corticosteroides elevam a glicemia.,Corticosteroids raise blood glucose.,Monitorizar glicemia e ajustar antidiabéticos durante a terapêutica.,Monitor blood glucose and adjust antidiabetics during therapy.,EMC-UK (MHRA) — SmPC aprovada Dexametasona: https://www.medicines.org.uk/emc/product/13196/smpc,EMC-UK (MHRA) — approved Dexamethasone SmPC: https://www.medicines.org.uk/emc/product/13196/smpc,publicado
dexametasona_osteoporose,dexametasona,osteoporose,precaution,moderate,O uso prolongado de corticosteroides acelera a perda óssea.,Long-term corticosteroids accelerate bone loss.,Usar a menor dose/duração; considerar cálcio + vitamina D.,Use the lowest dose/duration; consider calcium + vitamin D.,EMC-UK (MHRA) — SmPC aprovada Dexametasona: https://www.medicines.org.uk/emc/product/13196/smpc,EMC-UK (MHRA) — approved Dexamethasone SmPC: https://www.medicines.org.uk/emc/product/13196/smpc,publicado
dexametasona_glaucoma,dexametasona,glaucoma,precaution,moderate,Os corticosteroides podem elevar a pressão intraocular.,Corticosteroids may raise intraocular pressure.,Monitorizar pressão intraocular em terapêuticas prolongadas.,Monitor intraocular pressure on long-term therapy.,EMC-UK (MHRA) — SmPC aprovada Dexametasona: https://www.medicines.org.uk/emc/product/13196/smpc,EMC-UK (MHRA) — approved Dexamethasone SmPC: https://www.medicines.org.uk/emc/product/13196/smpc,publicado
dexametasona_hipertensao_arterial,dexametasona,hipertensao_arterial,precaution,moderate,Os corticosteroides podem reter sódio e líquidos e elevar a tensão arterial.,Corticosteroids may retain sodium and fluid and raise blood pressure.,Monitorizar tensão arterial e ajustar anti-hipertensores se necessário.,Monitor blood pressure and adjust antihypertensives if needed.,EMC-UK (MHRA) — SmPC aprovada Dexametasona: https://www.medicines.org.uk/emc/product/13196/smpc,EMC-UK (MHRA) — approved Dexamethasone SmPC: https://www.medicines.org.uk/emc/product/13196/smpc,publicado
dexametasona_ulcera_peptica_ativa,dexametasona,ulcera_peptica_ativa,precaution,moderate,Os corticosteroides podem agravar úlcera péptica e o risco de hemorragia.,Corticosteroids may worsen peptic ulcer and bleeding risk.,Usar com precaução; considerar gastroprotecção.,Use with caution; consider gastroprotection.,EMC-UK (MHRA) — SmPC aprovada Dexametasona: https://www.medicines.org.uk/emc/product/13196/smpc,EMC-UK (MHRA) — approved Dexamethasone SmPC: https://www.medicines.org.uk/emc/product/13196/smpc,publicado
adrenalina_cardiopatia_isquemica,adrenalina,cardiopatia_isquemica,precaution,moderate,A adrenalina aumenta o trabalho miocárdico e pode precipitar isquemia/arritmias.,Epinephrine increases myocardial work and may precipitate ischaemia/arrhythmias.,Usar com precaução em doentes com cardiopatia isquémica; monitorizar.,Use with caution in ischaemic heart disease; monitor.,EMC-UK (MHRA) — SmPC aprovada Adrenalina: https://www.medicines.org.uk/emc/product/3673/smpc,EMC-UK (MHRA) — approved Epinephrine SmPC: https://www.medicines.org.uk/emc/product/3673/smpc,publicado
adrenalina_hipertiroidismo,adrenalina,hipertiroidismo,precaution,moderate,"O hipertiroidismo potencia os efeitos da adrenalina (taquicardia, arritmias).","Hyperthyroidism potentiates the effects of epinephrine (tachycardia, arrhythmias).",Usar com precaução e monitorizar sintomas cardiovasculares.,Use with caution and monitor cardiovascular symptoms.,EMC-UK (MHRA) — SmPC aprovada Adrenalina: https://www.medicines.org.uk/emc/product/3673/smpc,EMC-UK (MHRA) — approved Epinephrine SmPC: https://www.medicines.org.uk/emc/product/3673/smpc,publicado
adrenalina_hipertensao_arterial_grave,adrenalina,hipertensao_arterial_grave,precaution,moderate,A adrenalina pode elevar marcadamente a tensão arterial.,Epinephrine may markedly raise blood pressure.,Usar com precaução e monitorizar tensão arterial.,Use with caution and monitor blood pressure.,EMC-UK (MHRA) — SmPC aprovada Adrenalina: https://www.medicines.org.uk/emc/product/3673/smpc,EMC-UK (MHRA) — approved Epinephrine SmPC: https://www.medicines.org.uk/emc/product/3673/smpc,publicado
pseudoefedrina_hipertensao_arterial_grave,pseudoefedrina,hipertensao_arterial_grave,contraindication,critical,A pseudoefedrina (α-agonista) pode elevar a tensão arterial de forma acentuada.,Pseudoephedrine (α-agonist) may markedly raise blood pressure.,Contraindicado em hipertensão grave não controlada.,Contraindicated in severe uncontrolled hypertension.,EMC-UK (MHRA) — SmPC aprovada Pseudoefedrina: https://www.medicines.org.uk/emc/product/8292/smpc,EMC-UK (MHRA) — approved Pseudoephedrine SmPC: https://www.medicines.org.uk/emc/product/8292/smpc,publicado
pseudoefedrina_cardiopatia_isquemica,pseudoefedrina,cardiopatia_isquemica,contraindication,critical,A pseudoefedrina pode precipitar angina e arritmias em doentes com cardiopatia isquémica.,Pseudoephedrine may precipitate angina and arrhythmias in ischaemic heart disease.,Contraindicado em doença coronária ativa.,Contraindicated in active coronary disease.,EMC-UK (MHRA) — SmPC aprovada Pseudoefedrina: https://www.medicines.org.uk/emc/product/8292/smpc,EMC-UK (MHRA) — approved Pseudoephedrine SmPC: https://www.medicines.org.uk/emc/product/8292/smpc,publicado
pseudoefedrina_hipertiroidismo,pseudoefedrina,hipertiroidismo,precaution,moderate,O hipertiroidismo potencia os efeitos simpaticomiméticos.,Hyperthyroidism potentiates sympathomimetic effects.,Usar com precaução; evitar em hipertiroidismo não controlado.,Use with caution; avoid in uncontrolled hyperthyroidism.,EMC-UK (MHRA) — SmPC aprovada Pseudoefedrina: https://www.medicines.org.uk/emc/product/8292/smpc,EMC-UK (MHRA) — approved Pseudoephedrine SmPC: https://www.medicines.org.uk/emc/product/8292/smpc,publicado
pseudoefedrina_glaucoma,pseudoefedrina,glaucoma,contraindication,critical,A pseudoefedrina pode precipitar crise de glaucoma de ângulo fechado.,Pseudoephedrine may precipitate angle-closure glaucoma crisis.,Contraindicado em glaucoma de ângulo fechado.,Contraindicated in angle-closure glaucoma.,EMC-UK (MHRA) — SmPC aprovada Pseudoefedrina: https://www.medicines.org.uk/emc/product/8292/smpc,EMC-UK (MHRA) — approved Pseudoephedrine SmPC: https://www.medicines.org.uk/emc/product/8292/smpc,publicado
montelukast_doenca_hepatica_ativa,montelukast,doenca_hepatica_ativa,precaution,moderate,O montelucaste é metabolizado no fígado; usar com precaução em doença hepática.,Montelukast is hepatically metabolised; use with caution in liver disease.,Monitorizar função hepática em doentes com doença hepática.,Monitor liver function in patients with liver disease.,EMC-UK (MHRA) — SmPC aprovada Montelucaste: https://www.medicines.org.uk/emc/product/1222/smpc,EMC-UK (MHRA) — approved Montelukast SmPC: https://www.medicines.org.uk/emc/product/1222/smpc,publicado
glicose_diabetes_mellitus,glicose,diabetes_mellitus,precaution,moderate,"A administração de glicose eleva a glicemia, exigindo ajuste da terapêutica antidiabética.","Glucose administration raises glycaemia, requiring adjustment of antidiabetic therapy.",Monitorizar glicemia e ajustar insulina/antidiabéticos durante a nutrição.,Monitor glucose and adjust insulin/antidiabetics during nutrition.,EMC-UK (MHRA) — SmPC aprovada Glicose (dextrose): https://www.medicines.org.uk/emc/product/13132/smpc,EMC-UK (MHRA) — approved Glucose (dextrose) SmPC: https://www.medicines.org.uk/emc/product/13132/smpc,publicado
aminoacidos_insuficiencia_renal_grave,aminoacidos,insuficiencia_renal_grave,precaution,moderate,A carga proteica dos aminoácidos pode agravar a uremia na insuficiência renal grave.,The protein load of amino acids may worsen uraemia in severe renal impairment.,Ajustar o aporte de aminoácidos à função renal; considerar aminoácidos essenciais.,Adjust amino acid provision to renal function; consider essential amino acids.,EMC-UK (MHRA) — SmPC aprovada Aminoácidos: https://www.medicines.org.uk/emc/product/15230/smpc,EMC-UK (MHRA) — approved Amino acids SmPC: https://www.medicines.org.uk/emc/product/15230/smpc,publicado
aminoacidos_insuficiencia_hepatica_grave,aminoacidos,insuficiencia_hepatica_grave,precaution,moderate,O aporte proteico pode precipitar encefalopatia hepática.,Protein provision may precipitate hepatic encephalopathy.,Usar com precaução e monitorizar o estado neurológico.,Use with caution and monitor neurological status.,EMC-UK (MHRA) — SmPC aprovada Aminoácidos: https://www.medicines.org.uk/emc/product/15230/smpc,EMC-UK (MHRA) — approved Amino acids SmPC: https://www.medicines.org.uk/emc/product/15230/smpc,publicado
emulsao_lipidica_hipertrigliceridemia,emulsao_lipidica,hipertrigliceridemia,contraindication,critical,A emulsão lipídica agrava a hipertrigliceridemia e pode precipitar pancreatite.,Lipid emulsion worsens hypertriglyceridaemia and may precipitate pancreatitis.,Contraindicada em hipertrigliceridemia grave não controlada.,Contraindicated in severe uncontrolled hypertriglyceridaemia.,EMC-UK (MHRA) — SmPC aprovada Emulsão lipídica: https://www.medicines.org.uk/emc/product/15164/smpc,EMC-UK (MHRA) — approved Lipid emulsion SmPC: https://www.medicines.org.uk/emc/product/15164/smpc,publicado
emulsao_lipidica_pancreatite,emulsao_lipidica,pancreatite,precaution,moderate,"Em doentes com pancreatite, a perfusão lipídica deve ser prudente.","In pancreatitis patients, lipid infusion should be cautious.",Usar com precaução e monitorizar triglicéridos.,Use with caution and monitor triglycerides.,EMC-UK (MHRA) — SmPC aprovada Emulsão lipídica: https://www.medicines.org.uk/emc/product/15164/smpc,EMC-UK (MHRA) — approved Lipid emulsion SmPC: https://www.medicines.org.uk/emc/product/15164/smpc,publicado
colecalciferol_hipercalcemia,colecalciferol,hipercalcemia,contraindication,critical,A vitamina D3 aumenta a absorção de cálcio e pode agravar a hipercalcémia.,Vitamin D3 increases calcium absorption and may worsen hypercalcaemia.,Contraindicado em hipercalcémia não corrigida.,Contraindicated in uncorrected hypercalcaemia.,EMC-UK (MHRA) — SmPC aprovada Colecalciferol (vitamina D3): https://www.medicines.org.uk/emc/product/7263/smpc,EMC-UK (MHRA) — approved Cholecalciferol (vitamin D3) SmPC: https://www.medicines.org.uk/emc/product/7263/smpc,publicado
colecalciferol_sarcoidose,colecalciferol,sarcoidose,precaution,moderate,"Na sarcoidose há produção extra-renal de calcitriol, aumentando o risco de hipercalcémia.","In sarcoidosis there is extra-renal calcitriol production, increasing hypercalcaemia risk.",Usar com precaução e monitorizar o cálcio sérico.,Use with caution and monitor serum calcium.,EMC-UK (MHRA) — SmPC aprovada Colecalciferol (vitamina D3): https://www.medicines.org.uk/emc/product/7263/smpc,EMC-UK (MHRA) — approved Cholecalciferol (vitamin D3) SmPC: https://www.medicines.org.uk/emc/product/7263/smpc,publicado
acido_ascorbico_nefrolitiase,acido_ascorbico,nefrolitiase,precaution,moderate,Doses elevadas de vitamina C aumentam a excreção de oxalato e o risco de litíase.,High vitamin C doses increase oxalate excretion and stone risk.,Evitar doses elevadas em doentes com litíase oxálica recorrente.,Avoid high doses in patients with recurrent oxalate stones.,EMC-UK (MHRA) — SmPC aprovada Ácido ascórbico (vitamina C): https://www.medicines.org.uk/emc/product/102185/smpc,EMC-UK (MHRA) — approved Ascorbic acid (vitamin C) SmPC: https://www.medicines.org.uk/emc/product/102185/smpc,publicado
acido_ascorbico_hemocromatose,acido_ascorbico,hemocromatose,precaution,moderate,"A vitamina C aumenta a absorção de ferro, podendo agravar a sobrecarga férrica.","Vitamin C increases iron absorption, which may worsen iron overload.",Usar com precaução em doentes com sobrecarga de ferro.,Use with caution in patients with iron overload.,EMC-UK (MHRA) — SmPC aprovada Ácido ascórbico (vitamina C): https://www.medicines.org.uk/emc/product/102185/smpc,EMC-UK (MHRA) — approved Ascorbic acid (vitamin C) SmPC: https://www.medicines.org.uk/emc/product/102185/smpc,publicado
carbonato_calcio_hipercalcemia,carbonato_calcio,hipercalcemia,contraindication,critical,A suplementação de cálcio agrava a hipercalcémia.,Calcium supplementation worsens hypercalcaemia.,Contraindicado em hipercalcémia não corrigida.,Contraindicated in uncorrected hypercalcaemia.,EMC-UK (MHRA) — SmPC aprovada Carbonato de cálcio: https://www.medicines.org.uk/emc/product/1295/smpc,EMC-UK (MHRA) — approved Calcium carbonate SmPC: https://www.medicines.org.uk/emc/product/1295/smpc,publicado
carbonato_calcio_nefrolitiase,carbonato_calcio,nefrolitiase,precaution,moderate,O excesso de cálcio urinário aumenta o risco de litíase renal.,Excess urinary calcium increases the risk of renal stones.,Monitorizar a calciúria em doentes com história de litíase.,Monitor urine calcium in patients with a history of stones.,EMC-UK (MHRA) — SmPC aprovada Carbonato de cálcio: https://www.medicines.org.uk/emc/product/1295/smpc,EMC-UK (MHRA) — approved Calcium carbonate SmPC: https://www.medicines.org.uk/emc/product/1295/smpc,publicado
cloreto_potassio_insuficiencia_renal_grave,cloreto_potassio,insuficiencia_renal_grave,contraindication,critical,"A excreção renal de potássio está reduzida, com risco de hipercaliemia.","Renal potassium excretion is reduced, risking hyperkalaemia.",Evitar suplementos de potássio na insuficiência renal grave sem monitorização.,Avoid potassium supplements in severe renal impairment without monitoring.,EMC-UK (MHRA) — SmPC aprovada Cloreto de potássio: https://www.medicines.org.uk/emc/product/959/smpc,EMC-UK (MHRA) — approved Potassium chloride SmPC: https://www.medicines.org.uk/emc/product/959/smpc,publicado
cloreto_potassio_hipercaliemia,cloreto_potassio,hipercaliemia,precaution,moderate,A suplementação agrava a hipercaliemia pré-existente.,Supplementation worsens pre-existing hyperkalaemia.,Monitorizar o potássio sérico e suspender se necessário.,Monitor serum potassium and stop if needed.,EMC-UK (MHRA) — SmPC aprovada Cloreto de potássio: https://www.medicines.org.uk/emc/product/959/smpc,EMC-UK (MHRA) — approved Potassium chloride SmPC: https://www.medicines.org.uk/emc/product/959/smpc,publicado
sulfato_magnesio_insuficiencia_renal_grave,sulfato_magnesio,insuficiencia_renal_grave,precaution,moderate,"O magnésio acumula-se na insuficiência renal, com risco de hipermagnesiemia.","Magnesium accumulates in renal impairment, risking hypermagnesaemia.",Usar com precaução e monitorizar o magnésio sérico.,Use with caution and monitor serum magnesium.,EMC-UK (MHRA) — SmPC aprovada Sulfato de magnésio: https://www.medicines.org.uk/emc/product/10502/smpc,EMC-UK (MHRA) — approved Magnesium sulfate SmPC: https://www.medicines.org.uk/emc/product/10502/smpc,publicado
sulfato_magnesio_miastenia_gravis,sulfato_magnesio,miastenia_gravis,precaution,moderate,O magnésio pode agravar a fraqueza neuromuscular na miastenia.,Magnesium may worsen neuromuscular weakness in myasthenia.,"Usar com precaução, sobretudo por via intravenosa, e vigiar a força muscular.","Use with caution, especially intravenously, and watch muscle strength.",EMC-UK (MHRA) — SmPC aprovada Sulfato de magnésio: https://www.medicines.org.uk/emc/product/10502/smpc,EMC-UK (MHRA) — approved Magnesium sulfate SmPC: https://www.medicines.org.uk/emc/product/10502/smpc,publicado
zinco_insuficiencia_renal_grave,zinco,insuficiencia_renal_grave,precaution,moderate,O zinco pode acumular-se na insuficiência renal grave.,Zinc may accumulate in severe renal impairment.,Usar com precaução em doentes com insuficiência renal grave.,Use with caution in patients with severe renal impairment.,EMC-UK (MHRA) — SmPC aprovada Zinco (sulfato de zinco): https://www.medicines.org.uk/emc/product/4930/smpc,EMC-UK (MHRA) — approved Zinc (zinc sulfate) SmPC: https://www.medicines.org.uk/emc/product/4930/smpc,publicado
nitrofurantoina_insuficiencia_renal_grave,nitrofurantoina,insuficiencia_renal_grave,contraindication,critical,"A nitrofurantoína está contraindicada com clearance de creatinina inferior a 45–60 ml/min (ou anúria/oligúria): a excreção está comprometida, com risco de toxicidade (sobretudo neuropatia periférica) e ineficácia.","Nitrofurantoin is contraindicated with creatinine clearance below 45–60 ml/min (or anuria/oliguria): excretion is impaired, with a risk of toxicity (especially peripheral neuropathy) and inefficacy.","Não utilizar em doentes com clearance de creatinina <45 ml/min; nos casos com clearance 30–44 ml/min, usar apenas em cursos curtos para infeção urinária baixa não complicada por patogénios resistentes, quando o benefício supera o risco.","Do not use in patients with creatinine clearance <45 ml/min; in cases with clearance 30–44 ml/min, use only short courses for uncomplicated lower urinary tract infection due to resistant pathogens, when benefit outweighs risk.","EMC-UK (MHRA) — SmPC aprovada Nitrofurantoína: https://www.medicines.org.uk/emc/product/100018/smpc ; Prontuário Terapêutico do INFARMED (11.ª ed., 2012)","EMC-UK (MHRA) — approved Nitrofurantoin SmPC: https://www.medicines.org.uk/emc/product/100018/smpc ; Prontuário Terapêutico do INFARMED (11th ed., 2012)",publicado
nitrofurantoina_deficiencia_g6pd,nitrofurantoina,deficiencia_g6pd,contraindication,critical,O défice de glucose-6-fosfato desidrogenase (G6PD) predispõe a anemia hemolítica com a nitrofurantoína.,Glucose-6-phosphate dehydrogenase (G6PD) deficiency predisposes to haemolytic anaemia with nitrofurantoin.,Contraindicada em doentes com défice de G6PD; considerar alternativa antibacteriana.,Contraindicated in patients with G6PD deficiency; consider an alternative antibacterial.,"EMC-UK (MHRA) — SmPC aprovada Nitrofurantoína: https://www.medicines.org.uk/emc/product/100018/smpc ; Prontuário Terapêutico do INFARMED (11.ª ed., 2012)","EMC-UK (MHRA) — approved Nitrofurantoin SmPC: https://www.medicines.org.uk/emc/product/100018/smpc ; Prontuário Terapêutico do INFARMED (11th ed., 2012)",publicado
nitrofurantoina_doenca_pulmonar,nitrofurantoina,doenca_pulmonar,precaution,moderate,"Reações pulmonares agudas, subagudas e crónicas (incluindo fibrose) foram observadas com a nitrofurantoína, sobretudo em tratamentos prolongados.","Acute, subacute and chronic pulmonary reactions (including fibrosis) have been observed with nitrofurantoin, especially in long-term treatment.",Usar com cautela em doentes com doença pulmonar; suspender o fármaco ao primeiro sinal de sintomas respiratórios ou parestesias.,Use with caution in patients with pulmonary disease; stop the drug at the first sign of respiratory symptoms or paraesthesias.,DailyMed/FDA (NIH/NLM) — rótulo aprovado Nitrofurantoína: https://dailymed.nlm.nih.gov/dailymed/drugInfo.cfm?setid=55c75f27-b5fc-4f19-8607-08f8ec0c69ec ; EMC-UK (MHRA) — SmPC aprovada Nitrofurantoína: https://www.medicines.org.uk/emc/product/100018/smpc,DailyMed/FDA (NIH/NLM) — approved Nitrofurantoin label: https://dailymed.nlm.nih.gov/dailymed/drugInfo.cfm?setid=55c75f27-b5fc-4f19-8607-08f8ec0c69ec ; EMC-UK (MHRA) — approved Nitrofurantoin SmPC: https://www.medicines.org.uk/emc/product/100018/smpc,publicado
tadalafil_doenca_cardiovascular_recente,tadalafil,doenca_cardiovascular_recente,contraindication,critical,"Contraindicado em doentes com enfarte do miocárdio nos últimos 90 dias, angina instável, insuficiência cardíaca NYHA ≥2 nos últimos 6 meses, arritmias não controladas ou AVC nos últimos 6 meses.","Contraindicated in patients with myocardial infarction within the last 90 days, unstable angina, NYHA class ≥2 heart failure within the last 6 months, uncontrolled arrhythmias or stroke within the last 6 months.",Não utilizar; avaliar previamente o risco cardiovascular associado à atividade sexual.,Do not use; assess the cardiovascular risk associated with sexual activity beforehand.,"DailyMed/FDA (NIH/NLM) — rótulo aprovado Tadalafil: https://dailymed.nlm.nih.gov/dailymed/drugInfo.cfm?setid=bcd8f8ab-81a2-4891-83db-24a0b0e25895 ; Prontuário Terapêutico do INFARMED (11.ª ed., 2012)","DailyMed/FDA (NIH/NLM) — approved Tadalafil label: https://dailymed.nlm.nih.gov/dailymed/drugInfo.cfm?setid=bcd8f8ab-81a2-4891-83db-24a0b0e25895 ; Prontuário Terapêutico do INFARMED (11th ed., 2012)",publicado
tadalafil_hipotensao_nao_controlada,tadalafil,hipotensao_nao_controlada,contraindication,critical,Contraindicado em doentes com hipotensão não controlada (pressão arterial <90/50 mmHg) pelo risco de agravamento da descida tensional.,Contraindicated in patients with uncontrolled hypotension (blood pressure <90/50 mmHg) due to the risk of worsening the blood pressure fall.,Não utilizar; corrigir a hipotensão antes de considerar o tratamento.,Do not use; correct hypotension before considering treatment.,DailyMed/FDA (NIH/NLM) — rótulo aprovado Tadalafil: https://dailymed.nlm.nih.gov/dailymed/drugInfo.cfm?setid=bcd8f8ab-81a2-4891-83db-24a0b0e25895,DailyMed/FDA (NIH/NLM) — approved Tadalafil label: https://dailymed.nlm.nih.gov/dailymed/drugInfo.cfm?setid=bcd8f8ab-81a2-4891-83db-24a0b0e25895,publicado
tadalafil_insuficiencia_hepatica_grave,tadalafil,insuficiencia_hepatica_grave,contraindication,critical,O tadalafil não é recomendado em doentes com insuficiência hepática grave (o metabolismo hepático está comprometido).,Tadalafil is not recommended in patients with severe hepatic impairment (hepatic metabolism is compromised).,"Não utilizar em insuficiência hepática grave; em insuficiência moderada, ajustar a dose conforme o rótulo.","Do not use in severe hepatic impairment; in moderate impairment, adjust the dose per the label.",DailyMed/FDA (NIH/NLM) — rótulo aprovado Tadalafil: https://dailymed.nlm.nih.gov/dailymed/drugInfo.cfm?setid=bcd8f8ab-81a2-4891-83db-24a0b0e25895,DailyMed/FDA (NIH/NLM) — approved Tadalafil label: https://dailymed.nlm.nih.gov/dailymed/drugInfo.cfm?setid=bcd8f8ab-81a2-4891-83db-24a0b0e25895,publicado
vardenafil_doenca_cardiovascular_grave,vardenafil,doenca_cardiovascular_grave,contraindication,critical,"Contraindicado em doentes com angina instável, insuficiência cardíaca grave (NYHA III–IV), história recente (6 meses) de AVC ou enfarte do miocárdio e hipotensão (<90/50 mmHg).","Contraindicated in patients with unstable angina, severe heart failure (NYHA III–IV), recent (6 months) history of stroke or myocardial infarction and hypotension (<90/50 mmHg).",Não utilizar nestes doentes; avaliar o risco cardiovascular associado à atividade sexual.,Do not use in these patients; assess the cardiovascular risk associated with sexual activity.,"DailyMed/FDA (NIH/NLM) — rótulo aprovado Vardenafil: https://dailymed.nlm.nih.gov/dailymed/drugInfo.cfm?setid=2782efed-6198-47b9-81ac-3e255e2ab7f6 ; Prontuário Terapêutico do INFARMED (11.ª ed., 2012)","DailyMed/FDA (NIH/NLM) — approved Vardenafil label: https://dailymed.nlm.nih.gov/dailymed/drugInfo.cfm?setid=2782efed-6198-47b9-81ac-3e255e2ab7f6 ; Prontuário Terapêutico do INFARMED (11th ed., 2012)",publicado
vardenafil_insuficiencia_hepatica_grave,vardenafil,insuficiencia_hepatica_grave,contraindication,critical,"O vardenafil está contraindicado na insuficiência hepática grave (Child-Pugh C); em insuficiência moderada, a dose máxima é 10 mg.","Vardenafil is contraindicated in severe hepatic impairment (Child-Pugh C); in moderate impairment, the maximum dose is 10 mg.","Não utilizar em Child-Pugh C; em Child-Pugh B, iniciar com 5 mg e não exceder 10 mg.","Do not use in Child-Pugh C; in Child-Pugh B, start at 5 mg and do not exceed 10 mg.",DailyMed/FDA (NIH/NLM) — rótulo aprovado Vardenafil: https://dailymed.nlm.nih.gov/dailymed/drugInfo.cfm?setid=2782efed-6198-47b9-81ac-3e255e2ab7f6,DailyMed/FDA (NIH/NLM) — approved Vardenafil label: https://dailymed.nlm.nih.gov/dailymed/drugInfo.cfm?setid=2782efed-6198-47b9-81ac-3e255e2ab7f6,publicado
vardenafil_sindrome_qt_congenito,vardenafil,sindrome_qt_congenito,contraindication,critical,O vardenafil prolonga o intervalo QT; deve ser evitado em doentes com síndrome QT congénito ou a tomar antiarrítmicos classe IA ou III.,Vardenafil prolongs the QT interval; it should be avoided in patients with congenital QT syndrome or taking class IA or III antiarrhythmics.,Evitar o vardenafil nestes doentes; considerar alternativa PDE5 sem efeito QT relevante.,Avoid vardenafil in these patients; consider an alternative PDE5 without relevant QT effect.,DailyMed/FDA (NIH/NLM) — rótulo aprovado Vardenafil: https://dailymed.nlm.nih.gov/dailymed/drugInfo.cfm?setid=2782efed-6198-47b9-81ac-3e255e2ab7f6,DailyMed/FDA (NIH/NLM) — approved Vardenafil label: https://dailymed.nlm.nih.gov/dailymed/drugInfo.cfm?setid=2782efed-6198-47b9-81ac-3e255e2ab7f6,publicado
tansulosina_hipotensao_ortostatica_prev,tansulosina,hipotensao_ortostatica_prev,contraindication,moderate,"A tansulosina está contraindicada em doentes com história de hipotensão ortostática, pelo risco de síncope.","Tamsulosin is contraindicated in patients with a history of orthostatic hypotension, due to the risk of syncope.","Não utilizar; se ocorrer tontura ou fraqueza ao iniciar, sentar ou deitar e contactar o médico.","Do not use; if dizziness or weakness occurs when starting, sit or lie down and contact the doctor.","EMC-UK (MHRA) — SmPC aprovada Tansulosina: https://www.medicines.org.uk/emc/product/102038/smpc ; Prontuário Terapêutico do INFARMED (11.ª ed., 2012)","EMC-UK (MHRA) — approved Tamsulosin SmPC: https://www.medicines.org.uk/emc/product/102038/smpc ; Prontuário Terapêutico do INFARMED (11th ed., 2012)",publicado
tansulosina_insuficiencia_hepatica_grave,tansulosina,insuficiencia_hepatica_grave,contraindication,moderate,A tansulosina está contraindicada na insuficiência hepática grave.,Tamsulosin is contraindicated in severe hepatic impairment.,"Não utilizar em insuficiência hepática grave; em insuficiência moderada, usar com cautela.","Do not use in severe hepatic impairment; in moderate impairment, use with caution.",EMC-UK (MHRA) — SmPC aprovada Tansulosina: https://www.medicines.org.uk/emc/product/102038/smpc,EMC-UK (MHRA) — approved Tamsulosin SmPC: https://www.medicines.org.uk/emc/product/102038/smpc,publicado
tansulosina_cirurgia_catarata,tansulosina,cirurgia_catarata,precaution,moderate,A tansulosina está associada à síndrome da íris flácida intraoperatória (IFIS) durante a cirurgia de catarata ou glaucoma.,Tamsulosin is associated with intraoperative floppy iris syndrome (IFIS) during cataract or glaucoma surgery.,"Informar o oftalmologista antes da cirurgia; a suspensão prévia pode ser considerada, embora o benefício não esteja estabelecido.","Inform the ophthalmologist before surgery; prior discontinuation may be considered, although the benefit is not established.",DailyMed/FDA (NIH/NLM) — rótulo aprovado Tansulosina: https://dailymed.nlm.nih.gov/dailymed/drugInfo.cfm?setid=5ed219aa-cf65-457f-8570-d26b48edb240,DailyMed/FDA (NIH/NLM) — approved Tamsulosin label: https://dailymed.nlm.nih.gov/dailymed/drugInfo.cfm?setid=5ed219aa-cf65-457f-8570-d26b48edb240,publicado
doxazosina_hipotensao_ortostatica_prev,doxazosina,hipotensao_ortostatica_prev,contraindication,moderate,"A doxazosina está contraindicada em doentes com história de hipotensão ortostática, pelo risco de síncope nas primeiras tomas.","Doxazosin is contraindicated in patients with a history of orthostatic hypotension, due to the risk of syncope with the first doses.","Não utilizar; ao iniciar, monitorizar a tensão arterial e aconselhar a levantar lentamente.","Do not use; at initiation, monitor blood pressure and advise standing up slowly.","EMC-UK (MHRA) — SmPC aprovada Doxazosina: https://www.medicines.org.uk/emc/product/102410/smpc ; Prontuário Terapêutico do INFARMED (11.ª ed., 2012)","EMC-UK (MHRA) — approved Doxazosin SmPC: https://www.medicines.org.uk/emc/product/102410/smpc ; Prontuário Terapêutico do INFARMED (11th ed., 2012)",publicado
doxazosina_estenose_aortica,doxazosina,estenose_aortica,precaution,moderate,Os doentes com obstrução da via de saída do ventrículo esquerdo podem ser sensíveis ao efeito vasodilatador da doxazosina.,Patients with left ventricular outflow obstruction may be sensitive to the vasodilator effect of doxazosin.,"Usar com cautela; monitorizar a pressão arterial, sobretudo no início do tratamento.","Use with caution; monitor blood pressure, especially at treatment initiation.",EMC-UK (MHRA) — SmPC aprovada Doxazosina: https://www.medicines.org.uk/emc/product/102410/smpc,EMC-UK (MHRA) — approved Doxazosin SmPC: https://www.medicines.org.uk/emc/product/102410/smpc,publicado
finasterida_cancro_prostata_psa,finasterida,cancro_prostata_psa,precaution,moderate,A finasterida reduz o PSA sérico em cerca de 50% e pode aumentar o risco de cancro da próstata de alto grau; não está aprovada para prevenção do cancro da próstata.,Finasteride reduces serum PSA by about 50% and may increase the risk of high-grade prostate cancer; it is not approved for prostate cancer prevention.,Fazer rastreio do cancro da próstata (toque retal e PSA) antes e periodicamente durante o tratamento; interpretar o PSA com o fator de ajuste (dobrar o valor após 6 meses de tratamento).,Screen for prostate cancer (digital rectal examination and PSA) before and periodically during treatment; interpret PSA with the adjustment factor (double the value after 6 months of treatment).,"DailyMed/FDA (NIH/NLM) — rótulo aprovado Finasterida: https://dailymed.nlm.nih.gov/dailymed/drugInfo.cfm?setid=350b2bdb-84a1-4465-b0ad-175b8f720400 ; Prontuário Terapêutico do INFARMED (11.ª ed., 2012)","DailyMed/FDA (NIH/NLM) — approved Finasteride label: https://dailymed.nlm.nih.gov/dailymed/drugInfo.cfm?setid=350b2bdb-84a1-4465-b0ad-175b8f720400 ; Prontuário Terapêutico do INFARMED (11th ed., 2012)",publicado
dutasterida_cancro_prostata_psa,dutasterida,cancro_prostata_psa,precaution,moderate,A dutasterida reduz o PSA sérico em cerca de 50% e pode aumentar o risco de cancro da próstata de alto grau; não está aprovada para prevenção do cancro da próstata.,Dutasteride reduces serum PSA by about 50% and may increase the risk of high-grade prostate cancer; it is not approved for prostate cancer prevention.,Estabelecer novo valor basal de PSA após 6 meses de tratamento e vigiar regularmente; avaliar qualquer aumento confirmado do PSA.,Establish a new PSA baseline after 6 months of treatment and monitor regularly; evaluate any confirmed PSA rise.,"DailyMed/FDA (NIH/NLM) — rótulo aprovado Dutasterida: https://dailymed.nlm.nih.gov/dailymed/drugInfo.cfm?setid=947644ea-bc35-41df-8a7a-874360c90192 ; Prontuário Terapêutico do INFARMED (11.ª ed., 2012)","DailyMed/FDA (NIH/NLM) — approved Dutasteride label: https://dailymed.nlm.nih.gov/dailymed/drugInfo.cfm?setid=947644ea-bc35-41df-8a7a-874360c90192 ; Prontuário Terapêutico do INFARMED (11th ed., 2012)",publicado
sildenafil_doenca_cardiovascular_recente,sildenafil,doenca_cardiovascular_recente,contraindication,critical,"Contraindicado em doentes em que a atividade sexual é desaconselhada pelo risco cardiovascular (doença cardíaca grave, angina instável, história recente de AVC ou enfarte).","Contraindicated in patients in whom sexual activity is inadvisable due to cardiovascular risk (severe heart disease, unstable angina, recent stroke or myocardial infarction).",Não utilizar; avaliar o risco cardiovascular antes de iniciar o tratamento.,Do not use; assess cardiovascular risk before starting treatment.,"DailyMed/FDA (NIH/NLM) — rótulo aprovado Sildenafil: https://dailymed.nlm.nih.gov/dailymed/drugInfo.cfm?setid=00ee09dd-2de0-4dc4-85f6-b51ed6eabd5b ; Prontuário Terapêutico do INFARMED (11.ª ed., 2012)","DailyMed/FDA (NIH/NLM) — approved Sildenafil label: https://dailymed.nlm.nih.gov/dailymed/drugInfo.cfm?setid=00ee09dd-2de0-4dc4-85f6-b51ed6eabd5b ; Prontuário Terapêutico do INFARMED (11th ed., 2012)",publicado
sildenafil_hipotensao_nao_controlada,sildenafil,hipotensao_nao_controlada,contraindication,critical,Contraindicado em doentes com hipotensão (<90/50 mmHg) pelo risco de descida tensional adicional.,Contraindicated in patients with hypotension (<90/50 mmHg) due to the risk of an additional blood pressure fall.,Não utilizar; corrigir a hipotensão antes de considerar o tratamento.,Do not use; correct hypotension before considering treatment.,"DailyMed/FDA (NIH/NLM) — rótulo aprovado Sildenafil: https://dailymed.nlm.nih.gov/dailymed/drugInfo.cfm?setid=00ee09dd-2de0-4dc4-85f6-b51ed6eabd5b ; Prontuário Terapêutico do INFARMED (11.ª ed., 2012)","DailyMed/FDA (NIH/NLM) — approved Sildenafil label: https://dailymed.nlm.nih.gov/dailymed/drugInfo.cfm?setid=00ee09dd-2de0-4dc4-85f6-b51ed6eabd5b ; Prontuário Terapêutico do INFARMED (11th ed., 2012)",publicado
sildenafil_retinite_pigmentar,sildenafil,retinite_pigmentar,contraindication,moderate,"O sildenafil está contraindicado em doentes com doenças degenerativas hereditárias da retina, como a retinite pigmentar, pela falta de dados de segurança.","Sildenafil is contraindicated in patients with hereditary degenerative retinal disorders, such as retinitis pigmentosa, due to a lack of safety data.",Não utilizar nestes doentes.,Do not use in these patients.,"DailyMed/FDA (NIH/NLM) — rótulo aprovado Sildenafil: https://dailymed.nlm.nih.gov/dailymed/drugInfo.cfm?setid=00ee09dd-2de0-4dc4-85f6-b51ed6eabd5b ; Prontuário Terapêutico do INFARMED (11.ª ed., 2012)","DailyMed/FDA (NIH/NLM) — approved Sildenafil label: https://dailymed.nlm.nih.gov/dailymed/drugInfo.cfm?setid=00ee09dd-2de0-4dc4-85f6-b51ed6eabd5b ; Prontuário Terapêutico do INFARMED (11th ed., 2012)",publicado
tamoxifeno_historico_tromboembolismo_venoso,tamoxifeno,historico_tromboembolismo_venoso,contraindication,critical,O tamoxifeno aumenta 2–3x o risco de TEV; em mulheres com história de trombose venosa profunda ou embolia pulmonar está contraindicado (na indicação de prevenção primária) e exige ponderação cuidada no tratamento.,Tamoxifen increases the risk of VTE 2–3-fold; in women with a history of deep vein thrombosis or pulmonary embolism it is contraindicated (in primary prevention) and requires careful consideration in treatment.,"Avaliar história pessoal e familiar de TEV antes de iniciar; se fator pró-trombótico, ponderar rastreio de trombofilia e o risco-benefício; interromper perante suspeita de TEV.","Assess personal and family VTE history before starting; if a prothrombotic factor is present, consider thrombophilia screening and risk-benefit; stop if VTE is suspected.","EMC-UK (MHRA) — SmPC aprovada Tamoxifeno: https://www.medicines.org.uk/emc/product/101398/smpc ; Prontuário Terapêutico do INFARMED (11.ª ed., 2012)","EMC-UK (MHRA) — approved Tamoxifen SmPC: https://www.medicines.org.uk/emc/product/101398/smpc ; Prontuário Terapêutico do INFARMED (11th ed., 2012)",publicado
tamoxifeno_doenca_hepatica,tamoxifeno,doenca_hepatica,precaution,moderate,"O tamoxifeno pode causar alterações das enzimas hepáticas, esteatose e, raramente, lesão hepática grave; em doentes com doença hepática prévia, o risco é maior.","Tamoxifen can cause liver enzyme changes, fatty liver and, rarely, severe liver injury; the risk is higher in patients with pre-existing liver disease.",Monitorizar a função hepática no início e periodicamente durante o tratamento; interromper perante evidência de lesão hepática significativa.,Monitor liver function at baseline and periodically during treatment; stop if there is evidence of significant liver injury.,EMC-UK (MHRA) — SmPC aprovada Tamoxifeno: https://www.medicines.org.uk/emc/product/101398/smpc,EMC-UK (MHRA) — approved Tamoxifen SmPC: https://www.medicines.org.uk/emc/product/101398/smpc,publicado
anastrozol_osteoporose,anastrozol,osteoporose,precaution,moderate,O anastrozol reduz os estrogénios circulantes e pode causar diminuição da densidade mineral óssea com aumento do risco de fratura.,Anastrozole lowers circulating oestrogens and can cause a decrease in bone mineral density with an increased risk of fracture.,Avaliar a densidade óssea no início e periodicamente em doentes com osteoporose ou risco elevado; considerar bifosfonatos e suplementação de cálcio/vitamina D conforme as orientações.,Assess bone density at baseline and periodically in patients with osteoporosis or high risk; consider bisphosphonates and calcium/vitamin D supplementation according to guidance.,EMC-UK (MHRA) — SmPC aprovada Anastrozol: https://www.medicines.org.uk/emc/product/100971/smpc,EMC-UK (MHRA) — approved Anastrozole SmPC: https://www.medicines.org.uk/emc/product/100971/smpc,publicado
anastrozol_doenca_cardiovascular,anastrozol,doenca_cardiovascular,precaution,moderate,"Em mulheres com doença cardíaca isquémica pré-existente, o anastrozol associou-se a mais eventos cardiovasculares isquémicos do que o tamoxifeno.","In women with pre-existing ischaemic heart disease, anastrozole was associated with more ischaemic cardiovascular events than tamoxifen.",Ponderar o risco-benefício em doentes com doença cardíaca isquémica; monitorizar sinais e sintomas cardiovasculares.,Weigh risk-benefit in patients with ischaemic heart disease; monitor cardiovascular signs and symptoms.,DailyMed/FDA (NIH/NLM) — rótulo aprovado Anastrozol: https://dailymed.nlm.nih.gov/dailymed/drugInfo.cfm?setid=54da5c12-cfaf-7a14-e063-6394a90a3635,DailyMed/FDA (NIH/NLM) — approved Anastrozole label: https://dailymed.nlm.nih.gov/dailymed/drugInfo.cfm?setid=54da5c12-cfaf-7a14-e063-6394a90a3635,publicado
anastrozol_doenca_hepatica,anastrozol,doenca_hepatica,precaution,moderate,A exposição ao anastrozol pode aumentar em doentes com insuficiência hepática moderada a grave; não foi estudado nestas populações.,Anastrozole exposure can increase in patients with moderate to severe hepatic impairment; it has not been studied in these populations.,"Usar com precaução na insuficiência hepática moderada/grave, com avaliação do risco-benefício individual.","Use with caution in moderate/severe hepatic impairment, with an individual risk-benefit assessment.",EMC-UK (MHRA) — SmPC aprovada Anastrozol: https://www.medicines.org.uk/emc/product/100971/smpc,EMC-UK (MHRA) — approved Anastrozole SmPC: https://www.medicines.org.uk/emc/product/100971/smpc,publicado
glimepirida_insuficiencia_renal,glimepirida,insuficiencia_renal,precaution,moderate,A insuficiência renal eleva os níveis de glimepirida e aumenta o risco de hipoglicemia grave e prolongada.,"Renal impairment raises glimepiride levels and increases the risk of severe, prolonged hypoglycaemia.","Iniciar com dose baixa (1 mg) e titular lentamente; monitorizar glicemia; na insuficiência renal grave, mudar para insulina.","Start at a low dose (1 mg) and titrate slowly; monitor blood glucose; in severe renal impairment, switch to insulin.",DailyMed/FDA (NIH/NLM) — rótulo aprovado Glimepirida: https://dailymed.nlm.nih.gov/dailymed/drugInfo.cfm?setid=fc9d8495-184c-3af1-e053-6394a90a5e29 ; EMC-UK (MHRA) — SmPC aprovada Glimepirida: https://www.medicines.org.uk/emc/product/10742/smpc,DailyMed/FDA (NIH/NLM) — approved Glimepiride label: https://dailymed.nlm.nih.gov/dailymed/drugInfo.cfm?setid=fc9d8495-184c-3af1-e053-6394a90a5e29 ; EMC-UK (MHRA) — approved Glimepiride SmPC: https://www.medicines.org.uk/emc/product/10742/smpc,publicado
glimepirida_insuficiencia_hepatica_grave,glimepirida,insuficiencia_hepatica_grave,contraindication,critical,"A insuficiência hepática grave altera a farmacocinética da glimepirida e diminui a capacidade de gluconeogénese, aumentando muito o risco de hipoglicemia; está indicada a mudança para insulina.","Severe hepatic impairment alters glimepiride pharmacokinetics and reduces gluconeogenic capacity, greatly increasing the risk of hypoglycaemia; switching to insulin is indicated.",Não usar glimepirida na insuficiência hepática grave; mudar para insulina.,Do not use glimepiride in severe hepatic impairment; switch to insulin.,EMC-UK (MHRA) — SmPC aprovada Glimepirida: https://www.medicines.org.uk/emc/product/10742/smpc,EMC-UK (MHRA) — approved Glimepiride SmPC: https://www.medicines.org.uk/emc/product/10742/smpc,publicado
glimepirida_deficiencia_g6pd,glimepirida,deficiencia_g6pd,precaution,moderate,As sulfonilureias podem causar anemia hemolítica em doentes com défice de G6PD.,Sulfonylureas can cause haemolytic anaemia in patients with G6PD deficiency.,Considerar uma alternativa não sulfonilureia em doentes com défice de G6PD; vigiar sinais de hemólise se o fármaco for mantido.,Consider a non-sulfonylurea alternative in patients with G6PD deficiency; watch for signs of haemolysis if the drug is kept.,DailyMed/FDA (NIH/NLM) — rótulo aprovado Glimepirida: https://dailymed.nlm.nih.gov/dailymed/drugInfo.cfm?setid=fc9d8495-184c-3af1-e053-6394a90a5e29,DailyMed/FDA (NIH/NLM) — approved Glimepiride label: https://dailymed.nlm.nih.gov/dailymed/drugInfo.cfm?setid=fc9d8495-184c-3af1-e053-6394a90a5e29,publicado
gliclazida_insuficiencia_renal_grave,gliclazida,insuficiencia_renal_grave,contraindication,critical,A insuficiência renal grave é contraindicação à gliclazida (recomenda-se insulina); uma hipoglicemia nestes doentes pode ser prolongada.,Severe renal impairment is a contraindication to gliclazide (insulin is recommended); hypoglycaemia in these patients can be prolonged.,Não usar gliclazida na insuficiência renal grave; mudar para insulina.,Do not use gliclazide in severe renal impairment; switch to insulin.,EMC-UK (MHRA) — SmPC aprovada Gliclazida: https://www.medicines.org.uk/emc/product/1321/smpc,EMC-UK (MHRA) — approved Gliclazide SmPC: https://www.medicines.org.uk/emc/product/1321/smpc,publicado
gliclazida_insuficiencia_hepatica_grave,gliclazida,insuficiencia_hepatica_grave,contraindication,critical,A insuficiência hepática grave é contraindicação à gliclazida (recomenda-se insulina); o risco de hipoglicemia prolongada está aumentado.,Severe hepatic impairment is a contraindication to gliclazide (insulin is recommended); the risk of prolonged hypoglycaemia is increased.,Não usar gliclazida na insuficiência hepática grave; mudar para insulina.,Do not use gliclazide in severe hepatic impairment; switch to insulin.,EMC-UK (MHRA) — SmPC aprovada Gliclazida: https://www.medicines.org.uk/emc/product/1321/smpc,EMC-UK (MHRA) — approved Gliclazide SmPC: https://www.medicines.org.uk/emc/product/1321/smpc,publicado
pioglitazona_insuficiencia_cardiaca,pioglitazona,insuficiencia_cardiaca,contraindication,critical,A pioglitazona causa retenção de líquidos que pode precipitar ou agravar a insuficiência cardíaca; está contraindicada na IC NYHA III–IV e deve ser usada com precaução na NYHA I–II.,Pioglitazone causes fluid retention that can precipitate or worsen heart failure; it is contraindicated in NYHA III–IV heart failure and should be used with caution in NYHA I–II.,"Não iniciar em doentes com IC estabelecida (NYHA III–IV); na NYHA I–II, iniciar com dose baixa e vigiar edema, ganho de peso e dispneia.","Do not start in patients with established heart failure (NYHA III–IV); in NYHA I–II, start at a low dose and watch for oedema, weight gain and dyspnoea.",DailyMed/FDA (NIH/NLM) — rótulo aprovado Pioglitazona: https://dailymed.nlm.nih.gov/dailymed/drugInfo.cfm?setid=31619517-a590-408a-ae9e-76c99f0a0a1d ; EMC-UK (MHRA) — SmPC aprovada Pioglitazona: https://www.medicines.org.uk/emc/product/12841/smpc,DailyMed/FDA (NIH/NLM) — approved Pioglitazone label: https://dailymed.nlm.nih.gov/dailymed/drugInfo.cfm?setid=31619517-a590-408a-ae9e-76c99f0a0a1d ; EMC-UK (MHRA) — approved Pioglitazone SmPC: https://www.medicines.org.uk/emc/product/12841/smpc,publicado
pioglitazona_cancro_bexiga,pioglitazona,cancro_bexiga,contraindication,critical,A pioglitazona pode aumentar o risco de cancro da bexiga; não usar em doentes com cancro da bexiga ativo ou com história da doença.,Pioglitazone may increase the risk of bladder cancer; do not use in patients with active bladder cancer or a history of the disease.,Não usar em doentes com cancro da bexiga ativo ou prévio; investigar hematúria macroscópica antes de iniciar e durante o tratamento.,Do not use in patients with active or prior bladder cancer; investigate macroscopic haematuria before starting and during treatment.,DailyMed/FDA (NIH/NLM) — rótulo aprovado Pioglitazona: https://dailymed.nlm.nih.gov/dailymed/drugInfo.cfm?setid=31619517-a590-408a-ae9e-76c99f0a0a1d,DailyMed/FDA (NIH/NLM) — approved Pioglitazone label: https://dailymed.nlm.nih.gov/dailymed/drugInfo.cfm?setid=31619517-a590-408a-ae9e-76c99f0a0a1d,publicado
pioglitazona_doenca_hepatica,pioglitazona,doenca_hepatica,contraindication,critical,"A pioglitazona está contraindicada na insuficiência hepática; foram notificados casos de falência hepática, por vezes fatais.","Pioglitazone is contraindicated in hepatic impairment; cases of hepatic failure, sometimes fatal, have been reported.",Não usar em doentes com insuficiência hepática; avaliar as provas hepáticas antes de iniciar e interromper perante lesão hepática.,Do not use in patients with hepatic impairment; check liver tests before starting and stop if liver injury occurs.,DailyMed/FDA (NIH/NLM) — rótulo aprovado Pioglitazona: https://dailymed.nlm.nih.gov/dailymed/drugInfo.cfm?setid=31619517-a590-408a-ae9e-76c99f0a0a1d,DailyMed/FDA (NIH/NLM) — approved Pioglitazone label: https://dailymed.nlm.nih.gov/dailymed/drugInfo.cfm?setid=31619517-a590-408a-ae9e-76c99f0a0a1d,publicado
estradiol_historico_tromboembolismo_venoso,estradiol,historico_tromboembolismo_venoso,contraindication,critical,Os estrogénios aumentam o risco de TEV; a história prévia ou atual de trombose venosa profunda ou embolia pulmonar é contraindicação.,Oestrogens increase the risk of VTE; previous or current deep vein thrombosis or pulmonary embolism is a contraindication.,Não usar estrogénios em doentes com TEV prévio ou atual; avaliar fatores de risco trombóticos antes de iniciar.,Do not use oestrogens in patients with previous or current VTE; assess thrombotic risk factors before starting.,DailyMed/FDA (NIH/NLM) — rótulo aprovado Estradiol: https://dailymed.nlm.nih.gov/dailymed/drugInfo.cfm?setid=5718f042-e8c0-b721-e063-6294a90a5bef ; EMC-UK (MHRA) — SmPC aprovada Estradiol: https://www.medicines.org.uk/emc/product/101678/smpc,DailyMed/FDA (NIH/NLM) — approved Estradiol label: https://dailymed.nlm.nih.gov/dailymed/drugInfo.cfm?setid=5718f042-e8c0-b721-e063-6294a90a5bef ; EMC-UK (MHRA) — approved Estradiol SmPC: https://www.medicines.org.uk/emc/product/101678/smpc,publicado
estradiol_cancro_mama,estradiol,cancro_mama,contraindication,critical,"Os estrogénios estão contraindicados no cancro da mama conhecido, suspeito ou com história (exceto doentes selecionadas em metastização).","Oestrogens are contraindicated in known, suspected or historical breast cancer (except selected patients with metastatic disease).","Não usar estrogénios em doentes com cancro da mama; antes de iniciar terapêutica hormonal, excluir doença mamária.",Do not use oestrogens in patients with breast cancer; rule out breast disease before starting hormone therapy.,DailyMed/FDA (NIH/NLM) — rótulo aprovado Estradiol: https://dailymed.nlm.nih.gov/dailymed/drugInfo.cfm?setid=5718f042-e8c0-b721-e063-6294a90a5bef,DailyMed/FDA (NIH/NLM) — approved Estradiol label: https://dailymed.nlm.nih.gov/dailymed/drugInfo.cfm?setid=5718f042-e8c0-b721-e063-6294a90a5bef,publicado
estradiol_doenca_hepatica,estradiol,doenca_hepatica,contraindication,critical,A doença hepática aguda ou a história de doença hepática enquanto as provas não normalizaram é contraindicação aos estrogénios.,Acute liver disease or a history of liver disease while liver tests have not normalised is a contraindication to oestrogens.,Não usar estrogénios em doentes com doença hepática ativa; interromper perante icterícia ou deterioração da função hepática.,Do not use oestrogens in patients with active liver disease; stop if jaundice or deterioration of liver function occurs.,EMC-UK (MHRA) — SmPC aprovada Estradiol: https://www.medicines.org.uk/emc/product/101678/smpc,EMC-UK (MHRA) — approved Estradiol SmPC: https://www.medicines.org.uk/emc/product/101678/smpc,publicado
prednisolona_ulcera_peptica,prednisolona,ulcera_peptica,precaution,moderate,"Os corticosteroides aumentam a secreção ácida e a pepsina e, com os AINEs, o risco de úlcera e hemorragia digestiva.","Corticosteroids increase acid and pepsin secretion and, with NSAIDs, the risk of ulcer and GI bleeding.",Usar com precaução em doentes com úlcera péptica; considerar gastroprotecção e vigiar sinais de hemorragia digestiva.,Use with caution in patients with peptic ulcer; consider gastroprotection and watch for signs of GI bleeding.,"Prontuário Terapêutico do INFARMED (11.ª ed., 2012) — secção 8.2.2","Prontuário Terapêutico do INFARMED (11th ed., 2012) — section 8.2.2",publicado
prednisolona_infeccao_fungica_sistemica,prednisolona,infeccao_fungica_sistemica,contraindication,critical,"Os corticosteroides estão contraindicados nas infeções fúngicas sistémicas e podem agravar infeções por vários agentes (virais, bacterianas, fúngicas, protozoárias).","Corticosteroids are contraindicated in systemic fungal infections and can worsen infections by several agents (viral, bacterial, fungal, protozoal).","Não usar corticosteroides em infeções fúngicas sistémicas; em terapêutica prolongada, vigiar o aparecimento ou reativação de infeções (incluindo tuberculose latente).","Do not use corticosteroids in systemic fungal infections; during prolonged therapy, watch for the onset or reactivation of infections (including latent tuberculosis).",DailyMed/FDA (NIH/NLM) — rótulo aprovado Prednisolona: https://dailymed.nlm.nih.gov/dailymed/drugInfo.cfm?setid=757b41c4-a0fe-4a09-8816-a4cdb7558f41,DailyMed/FDA (NIH/NLM) — approved Prednisolone label: https://dailymed.nlm.nih.gov/dailymed/drugInfo.cfm?setid=757b41c4-a0fe-4a09-8816-a4cdb7558f41,publicado
prednisolona_epilepsia,prednisolona,epilepsia,precaution,moderate,"Os corticosteroides podem baixar o limiar convulsivo, sobretudo em doentes com epilepsia mal controlada.","Corticosteroids can lower the seizure threshold, especially in patients with poorly controlled epilepsy.",Usar com precaução em doentes epiléticos; vigiar crises convulsivas durante a corticoterapia.,Use with caution in patients with epilepsy; watch for seizures during corticosteroid therapy.,"Prontuário Terapêutico do INFARMED (11.ª ed., 2012) — secção 8.2.2","Prontuário Terapêutico do INFARMED (11th ed., 2012) — section 8.2.2",publicado
prednisolona_hipertensao,prednisolona,hipertensao,precaution,moderate,"Os corticosteroides com atividade mineralocorticóide causam retenção de sódio e água, com agravamento da hipertensão e possível ICC.","Corticosteroids with mineralocorticoid activity cause sodium and water retention, worsening hypertension and potentially precipitating heart failure.",Monitorizar a tensão arterial e o peso durante a corticoterapia; ajustar a terapêutica anti-hipertensora se necessário.,Monitor blood pressure and weight during corticosteroid therapy; adjust antihypertensive therapy if needed.,"Prontuário Terapêutico do INFARMED (11.ª ed., 2012) — secção 8.2.2","Prontuário Terapêutico do INFARMED (11th ed., 2012) — section 8.2.2",publicado
glibenclamida_insuficiencia_renal,glibenclamida,insuficiencia_renal,precaution,moderate,A insuficiência renal eleva os níveis de glibenclamida e aumenta o risco de hipoglicemia grave; a hipoglicemia pode ser difícil de reconhecer.,Renal impairment raises glyburide levels and increases the risk of severe hypoglycaemia; hypoglycaemia may be difficult to recognise.,"Usar com precaução na insuficiência renal, iniciando com dose baixa e monitorizando a glicemia; considerar insulina na insuficiência renal significativa.","Use with caution in renal impairment, starting at a low dose and monitoring blood glucose; consider insulin in significant renal impairment.",DailyMed/FDA (NIH/NLM) — rótulo aprovado Glibenclamida: https://dailymed.nlm.nih.gov/dailymed/drugInfo.cfm?setid=524eec41-37ee-419a-b7a1-d23e888ae6ab,DailyMed/FDA (NIH/NLM) — approved Glyburide label: https://dailymed.nlm.nih.gov/dailymed/drugInfo.cfm?setid=524eec41-37ee-419a-b7a1-d23e888ae6ab,publicado
glibenclamida_insuficiencia_hepatica,glibenclamida,insuficiencia_hepatica,precaution,moderate,"A insuficiência hepática eleva os níveis de glibenclamida e reduz a capacidade de gluconeogénese, aumentando o risco de hipoglicemia grave.","Hepatic impairment raises glyburide levels and reduces gluconeogenic capacity, increasing the risk of severe hypoglycaemia.",Usar com precaução na insuficiência hepática; monitorizar glicemia e considerar insulina na doença hepática significativa.,Use with caution in hepatic impairment; monitor blood glucose and consider insulin in significant liver disease.,DailyMed/FDA (NIH/NLM) — rótulo aprovado Glibenclamida: https://dailymed.nlm.nih.gov/dailymed/drugInfo.cfm?setid=524eec41-37ee-419a-b7a1-d23e888ae6ab,DailyMed/FDA (NIH/NLM) — approved Glyburide label: https://dailymed.nlm.nih.gov/dailymed/drugInfo.cfm?setid=524eec41-37ee-419a-b7a1-d23e888ae6ab,publicado
glibenclamida_deficiencia_g6pd,glibenclamida,deficiencia_g6pd,precaution,moderate,O tratamento de doentes com défice de G6PD com sulfonilureias pode levar a anemia hemolítica.,Treatment of patients with G6PD deficiency with sulfonylureas can lead to haemolytic anaemia.,Considerar uma alternativa não sulfonilureia em doentes com défice de G6PD; vigiar sinais de hemólise.,Consider a non-sulfonylurea alternative in patients with G6PD deficiency; watch for signs of haemolysis.,DailyMed/FDA (NIH/NLM) — rótulo aprovado Glibenclamida: https://dailymed.nlm.nih.gov/dailymed/drugInfo.cfm?setid=524eec41-37ee-419a-b7a1-d23e888ae6ab,DailyMed/FDA (NIH/NLM) — approved Glyburide label: https://dailymed.nlm.nih.gov/dailymed/drugInfo.cfm?setid=524eec41-37ee-419a-b7a1-d23e888ae6ab,publicado
claritromicina_prolongamento_qt,claritromicina,prolongamento_qt,precaution,moderate,A claritromicina prolonga o intervalo QT e pode precipitar torsades de pointes em doentes com QT prolongado ou fatores de risco.,Clarithromycin prolongs the QT interval and may precipitate torsades de pointes in patients with QT prolongation or risk factors.,Evitar em doentes com QT prolongado congénito ou adquirido; vigiar ECG e eletrólitos.,Avoid in congenital or acquired QT prolongation; monitor ECG and electrolytes.,DailyMed/FDA (NIH/NLM) — rótulo aprovado Claritromicina: https://dailymed.nlm.nih.gov/dailymed/drugInfo.cfm?setid=d5be5f12-6392-4d7d-ab23-ebc205ac1a85,DailyMed/FDA (NIH/NLM) — approved Clarithromycin label: https://dailymed.nlm.nih.gov/dailymed/drugInfo.cfm?setid=d5be5f12-6392-4d7d-ab23-ebc205ac1a85,publicado
claritromicina_insuficiencia_renal_grave,claritromicina,insuficiencia_renal_grave,precaution,moderate,A claritromicina é excretada por via renal e hepática; na insuficiência renal grave pode acumular-se e exige ajuste de dose.,Clarithromycin is renally and hepatically excreted; in severe renal impairment it may accumulate and requires dose adjustment.,Reduzir a dose na insuficiência renal grave (CrCl < 30 mL/min).,Reduce the dose in severe renal impairment (CrCl < 30 mL/min).,DailyMed/FDA (NIH/NLM) — rótulo aprovado Claritromicina: https://dailymed.nlm.nih.gov/dailymed/drugInfo.cfm?setid=d5be5f12-6392-4d7d-ab23-ebc205ac1a85,DailyMed/FDA (NIH/NLM) — approved Clarithromycin label: https://dailymed.nlm.nih.gov/dailymed/drugInfo.cfm?setid=d5be5f12-6392-4d7d-ab23-ebc205ac1a85,publicado
rifampicina_doenca_hepatica,rifampicina,doenca_hepatica,precaution,moderate,A rifampicina é hepatotóxica e pode agravar a doença hepática pré-existente.,Rifampicin is hepatotoxic and may worsen pre-existing liver disease.,Vigiar transaminases; reduzir a dose ou suspender se houver lesão hepática.,Monitor transaminases; reduce the dose or stop if liver injury occurs.,DailyMed/FDA (NIH/NLM) — rótulo aprovado Rifampicina: https://dailymed.nlm.nih.gov/dailymed/drugInfo.cfm?setid=b389b1a3-672f-47e3-916c-4a9c044b211b,DailyMed/FDA (NIH/NLM) — approved Rifampicin label: https://dailymed.nlm.nih.gov/dailymed/drugInfo.cfm?setid=b389b1a3-672f-47e3-916c-4a9c044b211b,publicado
rifampicina_porfiria,rifampicina,porfiria,precaution,moderate,A rifampicina induz a síntese de porfirinas e pode precipitar crises em doentes com porfiria.,Rifampicin induces porphyrin synthesis and may precipitate attacks in patients with porphyria.,Usar com precaução em doentes com porfiria.,Use with caution in patients with porphyria.,DailyMed/FDA (NIH/NLM) — rótulo aprovado Rifampicina: https://dailymed.nlm.nih.gov/dailymed/drugInfo.cfm?setid=b389b1a3-672f-47e3-916c-4a9c044b211b,DailyMed/FDA (NIH/NLM) — approved Rifampicin label: https://dailymed.nlm.nih.gov/dailymed/drugInfo.cfm?setid=b389b1a3-672f-47e3-916c-4a9c044b211b,publicado
cetoconazol_doenca_hepatica,cetoconazol,doenca_hepatica,contraindication,critical,O cetoconazol pode causar hepatotoxicidade grave e está contraindicado em doença hepática aguda ou crónica.,Ketoconazole can cause severe hepatotoxicity and is contraindicated in acute or chronic liver disease.,Contraindicado em doença hepática; avaliar função hepática antes e durante o tratamento.,Contraindicated in liver disease; assess liver function before and during treatment.,DailyMed/FDA (NIH/NLM) — rótulo aprovado Cetoconazol: https://dailymed.nlm.nih.gov/dailymed/drugInfo.cfm?setid=f162e616-21b4-49b1-b437-15e21001a6f0,DailyMed/FDA (NIH/NLM) — approved Ketoconazole label: https://dailymed.nlm.nih.gov/dailymed/drugInfo.cfm?setid=f162e616-21b4-49b1-b437-15e21001a6f0,publicado
cetoconazol_prolongamento_qt,cetoconazol,prolongamento_qt,precaution,moderate,"O cetoconazol prolonga o QT e aumenta o risco de arritmias ventriculares, sobretudo com fármacos que também prolongam o QT.","Ketoconazole prolongs the QT and increases the risk of ventricular arrhythmias, especially with other QT-prolonging drugs.",Evitar em doentes com QT prolongado ou com fármacos que prolongam o QT; vigiar ECG e eletrólitos.,Avoid in QT prolongation or with QT-prolonging drugs; monitor ECG and electrolytes.,DailyMed/FDA (NIH/NLM) — rótulo aprovado Cetoconazol: https://dailymed.nlm.nih.gov/dailymed/drugInfo.cfm?setid=f162e616-21b4-49b1-b437-15e21001a6f0,DailyMed/FDA (NIH/NLM) — approved Ketoconazole label: https://dailymed.nlm.nih.gov/dailymed/drugInfo.cfm?setid=f162e616-21b4-49b1-b437-15e21001a6f0,publicado
ciprofloxacina_epilepsia,ciprofloxacina,epilepsia,precaution,moderate,As fluoroquinolonas podem baixar o limiar convulsivo e precipitar convulsões em doentes predispostos.,Fluoroquinolones can lower the seizure threshold and precipitate seizures in predisposed patients.,Usar com precaução em doentes com epilepsia ou história de convulsões.,Use with caution in patients with epilepsy or a history of seizures.,DailyMed/FDA (NIH/NLM) — rótulo aprovado Ciprofloxacina: https://dailymed.nlm.nih.gov/dailymed/drugInfo.cfm?setid=14c3bc33-201d-492e-9aee-a4d84c813a3d,DailyMed/FDA (NIH/NLM) — approved Ciprofloxacin label: https://dailymed.nlm.nih.gov/dailymed/drugInfo.cfm?setid=14c3bc33-201d-492e-9aee-a4d84c813a3d,publicado
ciprofloxacina_prolongamento_qt,ciprofloxacina,prolongamento_qt,precaution,moderate,A ciprofloxacina prolonga o intervalo QT e aumenta o risco de torsades de pointes em doentes de risco.,Ciprofloxacin prolongs the QT interval and increases the risk of torsades de pointes in at-risk patients.,Evitar em QT prolongado ou hipocaliemia não corrigida; vigiar ECG e eletrólitos.,Avoid in QT prolongation or uncorrected hypokalaemia; monitor ECG and electrolytes.,DailyMed/FDA (NIH/NLM) — rótulo aprovado Ciprofloxacina: https://dailymed.nlm.nih.gov/dailymed/drugInfo.cfm?setid=14c3bc33-201d-492e-9aee-a4d84c813a3d,DailyMed/FDA (NIH/NLM) — approved Ciprofloxacin label: https://dailymed.nlm.nih.gov/dailymed/drugInfo.cfm?setid=14c3bc33-201d-492e-9aee-a4d84c813a3d,publicado
itraconazol_insuficiencia_cardiaca,itraconazol,insuficiencia_cardiaca,contraindication,critical,O itraconazol tem efeito inotrópico negativo e está contraindicado em doentes com insuficiência cardíaca ou disfunção ventricular.,Itraconazole has negative inotropic effects and is contraindicated in patients with heart failure or ventricular dysfunction.,Contraindicado em insuficiência cardíaca; avaliar função cardíaca antes do tratamento.,Contraindicated in heart failure; assess cardiac function before treatment.,DailyMed/FDA (NIH/NLM) — rótulo aprovado Itraconazol: https://dailymed.nlm.nih.gov/dailymed/drugInfo.cfm?setid=68165d90-953c-e2f5-e053-2a91aa0ada25,DailyMed/FDA (NIH/NLM) — approved Itraconazole label: https://dailymed.nlm.nih.gov/dailymed/drugInfo.cfm?setid=68165d90-953c-e2f5-e053-2a91aa0ada25,publicado
itraconazol_doenca_hepatica,itraconazol,doenca_hepatica,precaution,moderate,O itraconazol é metabolizado no fígado e pode agravar a doença hepática; o uso prolongado associa-se a hepatotoxicidade.,Itraconazole is metabolised in the liver and may worsen liver disease; prolonged use is associated with hepatotoxicity.,Vigiar transaminases; usar com precaução em doença hepática.,Monitor transaminases; use with caution in liver disease.,DailyMed/FDA (NIH/NLM) — rótulo aprovado Itraconazol: https://dailymed.nlm.nih.gov/dailymed/drugInfo.cfm?setid=68165d90-953c-e2f5-e053-2a91aa0ada25,DailyMed/FDA (NIH/NLM) — approved Itraconazole label: https://dailymed.nlm.nih.gov/dailymed/drugInfo.cfm?setid=68165d90-953c-e2f5-e053-2a91aa0ada25,publicado
cloroquina_retinopatia,cloroquina,retinopatia,precaution,moderate,"A cloroquina acumula-se na retina e pode causar retinopatia irreversível, sobretudo em tratamentos prolongados.","Chloroquine accumulates in the retina and can cause irreversible retinopathy, especially with prolonged treatment.",Vigilância oftalmológica de base e periódica em tratamentos > 5 anos ou dose cumulativa elevada.,Baseline and periodic ophthalmological monitoring in treatment > 5 years or high cumulative dose.,DailyMed/FDA (NIH/NLM) — rótulo aprovado Cloroquina: https://dailymed.nlm.nih.gov/dailymed/drugInfo.cfm?setid=06c69e2b-211b-4746-9f3a-f86d36520570,DailyMed/FDA (NIH/NLM) — approved Chloroquine label: https://dailymed.nlm.nih.gov/dailymed/drugInfo.cfm?setid=06c69e2b-211b-4746-9f3a-f86d36520570,publicado
cloroquina_deficiencia_g6pd,cloroquina,deficiencia_g6pd,precaution,moderate,"A cloroquina pode causar hemólise em doentes com deficiência de G6PD, sobretudo em doses elevadas.","Chloroquine can cause haemolysis in G6PD-deficient patients, especially at high doses.",Usar com precaução em deficiência de G6PD; vigiar sinais de hemólise.,Use with caution in G6PD deficiency; monitor for haemolysis signs.,DailyMed/FDA (NIH/NLM) — rótulo aprovado Cloroquina: https://dailymed.nlm.nih.gov/dailymed/drugInfo.cfm?setid=06c69e2b-211b-4746-9f3a-f86d36520570,DailyMed/FDA (NIH/NLM) — approved Chloroquine label: https://dailymed.nlm.nih.gov/dailymed/drugInfo.cfm?setid=06c69e2b-211b-4746-9f3a-f86d36520570,publicado
voriconazol_doenca_hepatica,voriconazol,doenca_hepatica,precaution,moderate,O voriconazol é hepatotóxico e os níveis aumentam na insuficiência hepática; exige monitorização e ajuste de dose.,Voriconazole is hepatotoxic and levels rise in hepatic impairment; requires monitoring and dose adjustment.,Vigiar transaminases; ajustar a dose na insuficiência hepática ligeira a moderada.,Monitor transaminases; adjust the dose in mild-to-moderate hepatic impairment.,DailyMed/FDA (NIH/NLM) — rótulo aprovado Voriconazol: https://dailymed.nlm.nih.gov/dailymed/drugInfo.cfm?setid=c620b2d7-3c2b-4252-8cfc-2f322d624435,DailyMed/FDA (NIH/NLM) — approved Voriconazole label: https://dailymed.nlm.nih.gov/dailymed/drugInfo.cfm?setid=c620b2d7-3c2b-4252-8cfc-2f322d624435,publicado
voriconazol_fotossensibilidade,voriconazol,fotossensibilidade,precaution,moderate,"O voriconazol causa fotossensibilidade grave, com risco de lesões cutâneas e carcinoma espinocelular em exposição prolongada.","Voriconazole causes severe photosensitivity, with risk of skin lesions and squamous cell carcinoma on prolonged exposure.",Evitar exposição solar e usar proteção (roupa e protetor solar) durante e após o tratamento.,Avoid sun exposure and use protection (clothing and sunscreen) during and after treatment.,DailyMed/FDA (NIH/NLM) — rótulo aprovado Voriconazol: https://dailymed.nlm.nih.gov/dailymed/drugInfo.cfm?setid=c620b2d7-3c2b-4252-8cfc-2f322d624435,DailyMed/FDA (NIH/NLM) — approved Voriconazole label: https://dailymed.nlm.nih.gov/dailymed/drugInfo.cfm?setid=c620b2d7-3c2b-4252-8cfc-2f322d624435,publicado
fluconazol_doenca_hepatica,fluconazol,doenca_hepatica,precaution,moderate,"O fluconazol pode causar hepatotoxicidade, incluindo necrose hepática fatal; o risco aumenta em doença hepática prévia.","Fluconazole can cause hepatotoxicity, including fatal hepatic necrosis; the risk increases with prior liver disease.","Vigiar transaminases, sobretudo em tratamentos prolongados.","Monitor transaminases, especially in prolonged treatment.",DailyMed/FDA (NIH/NLM) — rótulo aprovado Fluconazol: https://dailymed.nlm.nih.gov/dailymed/drugInfo.cfm?setid=7961c029-746c-48c3-888b-8f8344102873,DailyMed/FDA (NIH/NLM) — approved Fluconazole label: https://dailymed.nlm.nih.gov/dailymed/drugInfo.cfm?setid=7961c029-746c-48c3-888b-8f8344102873,publicado
fluconazol_insuficiencia_renal,fluconazol,insuficiencia_renal,precaution,moderate,O fluconazol é eliminado por via renal; a insuficiência renal exige redução da dose.,Fluconazole is renally eliminated; renal impairment requires dose reduction.,Ajustar a dose de acordo com a depuração de creatinina.,Adjust the dose according to creatinine clearance.,DailyMed/FDA (NIH/NLM) — rótulo aprovado Fluconazol: https://dailymed.nlm.nih.gov/dailymed/drugInfo.cfm?setid=7961c029-746c-48c3-888b-8f8344102873,DailyMed/FDA (NIH/NLM) — approved Fluconazole label: https://dailymed.nlm.nih.gov/dailymed/drugInfo.cfm?setid=7961c029-746c-48c3-888b-8f8344102873,publicado
eritromicina_prolongamento_qt,eritromicina,prolongamento_qt,precaution,moderate,"A eritromicina prolonga o intervalo QT e aumenta o risco de torsades de pointes, sobretudo em doentes de risco.","Erythromycin prolongs the QT interval and increases the risk of torsades de pointes, especially in at-risk patients.","Evitar em QT prolongado, hipocaliemia ou com fármacos que prolongam o QT.","Avoid in QT prolongation, hypokalaemia or with QT-prolonging drugs.",DailyMed/FDA (NIH/NLM) — rótulo aprovado Eritromicina: https://dailymed.nlm.nih.gov/dailymed/drugInfo.cfm?setid=ca65a48f-5fe6-4b31-8359-51dbc31f6d4e,DailyMed/FDA (NIH/NLM) — approved Erythromycin label: https://dailymed.nlm.nih.gov/dailymed/drugInfo.cfm?setid=ca65a48f-5fe6-4b31-8359-51dbc31f6d4e,publicado
eritromicina_estenose_hipertrofica,eritromicina,estenose_hipertrofica,precaution,moderate,A eritromicina usada no recém-nascido associa-se a estenose pilórica hipertrófica.,Erythromycin use in neonates is associated with infantile hypertrophic pyloric stenosis.,Evitar em recém-nascidos quando existirem alternativas; vigiar vómitos projetados.,Avoid in neonates when alternatives exist; watch for projectile vomiting.,DailyMed/FDA (NIH/NLM) — rótulo aprovado Eritromicina: https://dailymed.nlm.nih.gov/dailymed/drugInfo.cfm?setid=ca65a48f-5fe6-4b31-8359-51dbc31f6d4e,DailyMed/FDA (NIH/NLM) — approved Erythromycin label: https://dailymed.nlm.nih.gov/dailymed/drugInfo.cfm?setid=ca65a48f-5fe6-4b31-8359-51dbc31f6d4e,publicado
isoniazida_doenca_hepatica,isoniazida,doenca_hepatica,precaution,moderate,A isoniazida é hepatotóxica e o risco de lesão hepática grave aumenta em doentes com doença hepática prévia.,Isoniazid is hepatotoxic and the risk of severe liver injury increases in patients with prior liver disease.,Vigiar transaminases mensalmente; suspender se houver sintomas de hepatite.,Monitor transaminases monthly; stop if hepatitis symptoms occur.,DailyMed/FDA (NIH/NLM) — rótulo aprovado Isoniazida: https://dailymed.nlm.nih.gov/dailymed/drugInfo.cfm?setid=93252cc8-c8d4-401b-bde5-ca8a3b57651e,DailyMed/FDA (NIH/NLM) — approved Isoniazid label: https://dailymed.nlm.nih.gov/dailymed/drugInfo.cfm?setid=93252cc8-c8d4-401b-bde5-ca8a3b57651e,publicado
isoniazida_neuropatia_periferica,isoniazida,neuropatia_periferica,precaution,moderate,"A isoniazida interfere com o metabolismo da vitamina B6 e pode causar neuropatia periférica, sobretudo em doentes de risco.","Isoniazid interferes with vitamin B6 metabolism and can cause peripheral neuropathy, especially in at-risk patients.","Suplementar com vitamina B6 (piridoxina) em doentes de risco (diabetes, alcoolismo, gravidez, desnutrição).","Supplement with vitamin B6 (pyridoxine) in at-risk patients (diabetes, alcoholism, pregnancy, malnutrition).",DailyMed/FDA (NIH/NLM) — rótulo aprovado Isoniazida: https://dailymed.nlm.nih.gov/dailymed/drugInfo.cfm?setid=93252cc8-c8d4-401b-bde5-ca8a3b57651e,DailyMed/FDA (NIH/NLM) — approved Isoniazid label: https://dailymed.nlm.nih.gov/dailymed/drugInfo.cfm?setid=93252cc8-c8d4-401b-bde5-ca8a3b57651e,publicado
metronidazol_doenca_hepatica_grave,metronidazol,doenca_hepatica_grave,precaution,moderate,O metronidazol é metabolizado no fígado; na doença hepática grave a eliminação é reduzida e a acumulação pode causar neurotoxicidade.,Metronidazole is metabolised in the liver; in severe liver disease elimination is reduced and accumulation can cause neurotoxicity.,"Reduzir a dose e vigiar sinais de neurotoxicidade (parestesias, ataxia).","Reduce the dose and monitor for neurotoxicity signs (paraesthesia, ataxia).",DailyMed/FDA (NIH/NLM) — rótulo aprovado Metronidazol: https://dailymed.nlm.nih.gov/dailymed/drugInfo.cfm?setid=5cc3fd98-d579-432e-a4b5-b6d5586991a6,DailyMed/FDA (NIH/NLM) — approved Metronidazole label: https://dailymed.nlm.nih.gov/dailymed/drugInfo.cfm?setid=5cc3fd98-d579-432e-a4b5-b6d5586991a6,publicado
metronidazol_doenca_snc,metronidazol,doenca_snc,precaution,moderate,"O metronidazol pode causar encefalopatia, convulsões e neuropatia periférica, sobretudo em doses elevadas ou uso prolongado.","Metronidazole can cause encephalopathy, seizures and peripheral neuropathy, especially at high doses or with prolonged use.",Suspender se surgirem sintomas neurológicos; usar com precaução em doença do SNC.,Stop if neurological symptoms appear; use with caution in CNS disease.,DailyMed/FDA (NIH/NLM) — rótulo aprovado Metronidazol: https://dailymed.nlm.nih.gov/dailymed/drugInfo.cfm?setid=5cc3fd98-d579-432e-a4b5-b6d5586991a6,DailyMed/FDA (NIH/NLM) — approved Metronidazole label: https://dailymed.nlm.nih.gov/dailymed/drugInfo.cfm?setid=5cc3fd98-d579-432e-a4b5-b6d5586991a6,publicado
cotrimoxazol_deficiencia_folato,cotrimoxazol,deficiencia_folato,precaution,moderate,"O trimetoprim interfere com o metabolismo do folato e pode agravar a deficiência, com risco de anemia megaloblástica.","Trimethoprim interferes with folate metabolism and can worsen deficiency, with risk of megaloblastic anaemia.","Usar com precaução em deficiência de folato, alcoolismo e desnutrição; considerar suplementação.","Use with caution in folate deficiency, alcoholism and malnutrition; consider supplementation.",DailyMed/FDA (NIH/NLM) — rótulo aprovado Cotrimoxazol: https://dailymed.nlm.nih.gov/dailymed/drugInfo.cfm?setid=08500fcb-dbec-4ac2-91c3-189d27907ec0,DailyMed/FDA (NIH/NLM) — approved Co-trimoxazole label: https://dailymed.nlm.nih.gov/dailymed/drugInfo.cfm?setid=08500fcb-dbec-4ac2-91c3-189d27907ec0,publicado
cotrimoxazol_insuficiencia_renal,cotrimoxazol,insuficiencia_renal,precaution,moderate,O cotrimoxazol é excretado por via renal; a insuficiência renal aumenta o risco de toxicidade (incluindo hipercaliemia) e exige ajuste.,Co-trimoxazole is renally excreted; renal impairment increases the toxicity risk (including hyperkalaemia) and requires adjustment.,Ajustar a dose; vigiar função renal e caliemia.,Adjust the dose; monitor renal function and serum potassium.,DailyMed/FDA (NIH/NLM) — rótulo aprovado Cotrimoxazol: https://dailymed.nlm.nih.gov/dailymed/drugInfo.cfm?setid=08500fcb-dbec-4ac2-91c3-189d27907ec0,DailyMed/FDA (NIH/NLM) — approved Co-trimoxazole label: https://dailymed.nlm.nih.gov/dailymed/drugInfo.cfm?setid=08500fcb-dbec-4ac2-91c3-189d27907ec0,publicado
levofloxacina_tendinopatia,levofloxacina,tendinopatia,precaution,moderate,"As fluoroquinolonas podem causar tendinopatia e rutura tendinosa, sobretudo em idosos, com corticosteroides ou insuficiência renal.","Fluoroquinolones can cause tendinopathy and tendon rupture, especially in the elderly, with corticosteroids or renal impairment.",Suspender ao primeiro sinal de dor tendinosa; evitar em doentes com história de tendinopatia por quinolonas.,Stop at the first sign of tendon pain; avoid in patients with a history of quinolone tendinopathy.,DailyMed/FDA (NIH/NLM) — rótulo aprovado Levofloxacina: https://dailymed.nlm.nih.gov/dailymed/drugInfo.cfm?setid=857f256c-88ac-4f73-9815-c2724edf2f1e,DailyMed/FDA (NIH/NLM) — approved Levofloxacin label: https://dailymed.nlm.nih.gov/dailymed/drugInfo.cfm?setid=857f256c-88ac-4f73-9815-c2724edf2f1e,publicado
levofloxacina_prolongamento_qt,levofloxacina,prolongamento_qt,precaution,moderate,A levofloxacina prolonga o intervalo QT e aumenta o risco de arritmias ventriculares em doentes de risco.,Levofloxacin prolongs the QT interval and increases the risk of ventricular arrhythmias in at-risk patients.,Evitar em QT prolongado ou com fármacos que prolongam o QT; vigiar ECG.,Avoid in QT prolongation or with QT-prolonging drugs; monitor ECG.,DailyMed/FDA (NIH/NLM) — rótulo aprovado Levofloxacina: https://dailymed.nlm.nih.gov/dailymed/drugInfo.cfm?setid=857f256c-88ac-4f73-9815-c2724edf2f1e,DailyMed/FDA (NIH/NLM) — approved Levofloxacin label: https://dailymed.nlm.nih.gov/dailymed/drugInfo.cfm?setid=857f256c-88ac-4f73-9815-c2724edf2f1e,publicado
azitromicina_prolongamento_qt,azitromicina,prolongamento_qt,precaution,moderate,"A azitromicina pode prolongar o intervalo QT e aumentar o risco de arritmias, sobretudo em doentes de risco.","Azithromycin may prolong the QT interval and increase the arrhythmia risk, especially in at-risk patients.",Evitar em QT prolongado conhecido ou com fármacos que prolongam o QT.,Avoid in known QT prolongation or with QT-prolonging drugs.,DailyMed/FDA (NIH/NLM) — rótulo aprovado Azitromicina: https://dailymed.nlm.nih.gov/dailymed/drugInfo.cfm?setid=db52b91e-79f7-4cc1-9564-f2eee8e31c45,DailyMed/FDA (NIH/NLM) — approved Azithromycin label: https://dailymed.nlm.nih.gov/dailymed/drugInfo.cfm?setid=db52b91e-79f7-4cc1-9564-f2eee8e31c45,publicado
azitromicina_doenca_hepatica_grave,azitromicina,doenca_hepatica_grave,precaution,moderate,"A azitromicina pode causar hepatotoxicidade, incluindo necrose hepática, sobretudo em doença hepática prévia.","Azithromycin can cause hepatotoxicity, including hepatic necrosis, especially with prior liver disease.",Usar com precaução; vigiar sinais de lesão hepática.,Use with caution; monitor for signs of liver injury.,DailyMed/FDA (NIH/NLM) — rótulo aprovado Azitromicina: https://dailymed.nlm.nih.gov/dailymed/drugInfo.cfm?setid=db52b91e-79f7-4cc1-9564-f2eee8e31c45,DailyMed/FDA (NIH/NLM) — approved Azithromycin label: https://dailymed.nlm.nih.gov/dailymed/drugInfo.cfm?setid=db52b91e-79f7-4cc1-9564-f2eee8e31c45,publicado
doxiciclina_insuficiencia_hepatica_grave,doxiciclina,insuficiencia_hepatica_grave,precaution,moderate,A doxiciclina pode agravar a doença hepática; na insuficiência hepática grave exige precaução.,Doxycycline may worsen liver disease; caution is required in severe hepatic impairment.,Usar com precaução e vigiar função hepática.,Use with caution and monitor liver function.,DailyMed/FDA (NIH/NLM) — rótulo aprovado Doxiciclina: https://dailymed.nlm.nih.gov/dailymed/drugInfo.cfm?setid=bcc95094-80ed-4023-b2a6-955a4810bfbe,DailyMed/FDA (NIH/NLM) — approved Doxycycline label: https://dailymed.nlm.nih.gov/dailymed/drugInfo.cfm?setid=bcc95094-80ed-4023-b2a6-955a4810bfbe,publicado
doxiciclina_fotossensibilidade,doxiciclina,fotossensibilidade,precaution,moderate,As tetraciclinas causam fotossensibilidade; a exposição solar pode provocar queimaduras graves.,Tetracyclines cause photosensitivity; sun exposure can cause severe burns.,Evitar exposição solar e usar proteção durante o tratamento.,Avoid sun exposure and use protection during treatment.,DailyMed/FDA (NIH/NLM) — rótulo aprovado Doxiciclina: https://dailymed.nlm.nih.gov/dailymed/drugInfo.cfm?setid=bcc95094-80ed-4023-b2a6-955a4810bfbe,DailyMed/FDA (NIH/NLM) — approved Doxycycline label: https://dailymed.nlm.nih.gov/dailymed/drugInfo.cfm?setid=bcc95094-80ed-4023-b2a6-955a4810bfbe,publicado
pirazinamida_doenca_hepatica,pirazinamida,doenca_hepatica,precaution,moderate,"A pirazinamida é hepatotóxica e o risco de lesão hepática grave, sobretudo nos primeiros meses de tratamento, aumenta em doentes com doença hepática prévia.","Pyrazinamide is hepatotoxic and the risk of severe liver injury, especially in the first months of treatment, increases in patients with prior liver disease.","Vigiar transaminases; suspender perante sintomas de hepatite (icterícia, náuseas, dor abdominal).","Monitor transaminases; stop if hepatitis symptoms occur (jaundice, nausea, abdominal pain).",DailyMed/FDA (NIH/NLM) — rótulo aprovado Pirazinamida: https://dailymed.nlm.nih.gov/dailymed/drugInfo.cfm?setid=262d8829-728c-48db-b89b-88d13b87e684,DailyMed/FDA (NIH/NLM) — approved Pyrazinamide label: https://dailymed.nlm.nih.gov/dailymed/drugInfo.cfm?setid=262d8829-728c-48db-b89b-88d13b87e684,publicado
pirazinamida_hiperuricemia_gota,pirazinamida,hiperuricemia_gota,precaution,moderate,A pirazinamida inibe a excreção renal de ácido úrico e pode precipitar crises de gota em doentes com hiperuricemia ou história de gota.,Pyrazinamide inhibits renal uric acid excretion and may precipitate gout attacks in patients with hyperuricaemia or a history of gout.,Vigiar ácido úrico e usar com precaução em doentes com gota.,Monitor uric acid and use with caution in patients with gout.,DailyMed/FDA (NIH/NLM) — rótulo aprovado Pirazinamida: https://dailymed.nlm.nih.gov/dailymed/drugInfo.cfm?setid=262d8829-728c-48db-b89b-88d13b87e684,DailyMed/FDA (NIH/NLM) — approved Pyrazinamide label: https://dailymed.nlm.nih.gov/dailymed/drugInfo.cfm?setid=262d8829-728c-48db-b89b-88d13b87e684,publicado
etambutol_insuficiencia_renal,etambutol,insuficiencia_renal,precaution,moderate,O etambutol é excretado por via renal; na insuficiência renal a acumulação aumenta o risco de neurite ótica — é necessário ajustar a dose.,Ethambutol is renally excreted; in renal impairment accumulation increases the risk of optic neuritis — dose adjustment is required.,Ajustar a dose à função renal; vigiar acuidade visual e discriminação de cores.,Adjust the dose to renal function; monitor visual acuity and colour discrimination.,DailyMed/FDA (NIH/NLM) — rótulo aprovado Etambutol: https://dailymed.nlm.nih.gov/dailymed/drugInfo.cfm?setid=c12b3482-55f0-4324-bdcd-b129ca2dae73,DailyMed/FDA (NIH/NLM) — approved Ethambutol label: https://dailymed.nlm.nih.gov/dailymed/drugInfo.cfm?setid=c12b3482-55f0-4324-bdcd-b129ca2dae73,publicado
etambutol_neurite_optica,etambutol,neurite_optica,contraindication,moderate,O etambutol causa neurite ótica dose-dependente; está contraindicado em doentes com neurite ótica prévia ou alterações da visão inexplicadas.,Ethambutol causes dose-dependent optic neuritis; it is contraindicated in patients with prior optic neuritis or unexplained visual changes.,Contraindicado em neurite ótica prévia; excluir alterações visuais antes e durante o tratamento.,Contraindicated in prior optic neuritis; rule out visual changes before and during treatment.,DailyMed/FDA (NIH/NLM) — rótulo aprovado Etambutol: https://dailymed.nlm.nih.gov/dailymed/drugInfo.cfm?setid=c12b3482-55f0-4324-bdcd-b129ca2dae73,DailyMed/FDA (NIH/NLM) — approved Ethambutol label: https://dailymed.nlm.nih.gov/dailymed/drugInfo.cfm?setid=c12b3482-55f0-4324-bdcd-b129ca2dae73,publicado
rifabutina_doenca_hepatica,rifabutina,doenca_hepatica,precaution,moderate,"A rifabutina é hepatotóxica e deve ser usada com precaução em doentes com doença hepática, com vigilância de transaminases.","Rifabutin is hepatotoxic and should be used with caution in patients with liver disease, with transaminase monitoring.",Vigiar transaminases; ajustar ou suspender perante lesão hepática.,Monitor transaminases; adjust or stop if liver injury occurs.,DailyMed/FDA (NIH/NLM) — rótulo aprovado Rifabutina: https://dailymed.nlm.nih.gov/dailymed/drugInfo.cfm?setid=c2026b67-4755-4236-96b6-a6b5e7399707,DailyMed/FDA (NIH/NLM) — approved Rifabutin label: https://dailymed.nlm.nih.gov/dailymed/drugInfo.cfm?setid=c2026b67-4755-4236-96b6-a6b5e7399707,publicado
rifabutina_neutropenia,rifabutina,neutropenia,precaution,moderate,A rifabutina causa neutropenia e leucopenia; o risco aumenta em doentes com contagens baixas prévias ou em combinação com fármacos mielossupressores.,Rifabutin causes neutropenia and leucopenia; the risk increases in patients with prior low counts or in combination with myelosuppressive drugs.,Vigiar hemograma; suspender perante neutropenia grave.,Monitor the blood count; stop if severe neutropenia occurs.,DailyMed/FDA (NIH/NLM) — rótulo aprovado Rifabutina: https://dailymed.nlm.nih.gov/dailymed/drugInfo.cfm?setid=c2026b67-4755-4236-96b6-a6b5e7399707,DailyMed/FDA (NIH/NLM) — approved Rifabutin label: https://dailymed.nlm.nih.gov/dailymed/drugInfo.cfm?setid=c2026b67-4755-4236-96b6-a6b5e7399707,publicado
estreptomicina_insuficiencia_renal,estreptomicina,insuficiencia_renal,precaution,moderate,A estreptomicina é nefrotóxica e excretada por via renal; na insuficiência renal a acumulação aumenta o risco de ototoxicidade — ajustar a dose.,Streptomycin is nephrotoxic and renally excreted; in renal impairment accumulation increases the risk of ototoxicity — adjust the dose.,Ajustar a dose à função renal; vigiar função renal e sinais de ototoxicidade.,Adjust the dose to renal function; monitor renal function and signs of ototoxicity.,DailyMed/FDA (NIH/NLM) — rótulo aprovado Estreptomicina: https://dailymed.nlm.nih.gov/dailymed/drugInfo.cfm?setid=abd1f64e-4283-4370-aae8-3666316aa36e,DailyMed/FDA (NIH/NLM) — approved Streptomycin label: https://dailymed.nlm.nih.gov/dailymed/drugInfo.cfm?setid=abd1f64e-4283-4370-aae8-3666316aa36e,publicado
estreptomicina_hipoacusia_doenca_vestibular,estreptomicina,hipoacusia_doenca_vestibular,contraindication,moderate,A estreptomicina é ototóxica (coclear e vestibular); está contraindicada em doentes com hipoacusia prévia ou doença vestibular pelo risco de surdez irreversível.,Streptomycin is ototoxic (cochlear and vestibular); it is contraindicated in patients with prior hearing loss or vestibular disease due to the risk of irreversible deafness.,Contraindicado em hipoacusia prévia; vigiar acuidade auditiva e equilíbrio.,Contraindicated in prior hearing loss; monitor hearing acuity and balance.,DailyMed/FDA (NIH/NLM) — rótulo aprovado Estreptomicina: https://dailymed.nlm.nih.gov/dailymed/drugInfo.cfm?setid=abd1f64e-4283-4370-aae8-3666316aa36e,DailyMed/FDA (NIH/NLM) — approved Streptomycin label: https://dailymed.nlm.nih.gov/dailymed/drugInfo.cfm?setid=abd1f64e-4283-4370-aae8-3666316aa36e,publicado
linezolida_hipertensao_nao_controlada,linezolida,hipertensao_nao_controlada,precaution,moderate,A linezolida inibe a monoamina oxidase e pode causar aumentos significativos da pressão arterial em doentes com hipertensão não controlada.,Linezolid inhibits monoamine oxidase and can cause significant blood pressure increases in patients with uncontrolled hypertension.,Usar com precaução e vigiar a pressão arterial durante o tratamento.,Use with caution and monitor blood pressure during treatment.,DailyMed/FDA (NIH/NLM) — rótulo aprovado Linezolida: https://dailymed.nlm.nih.gov/dailymed/drugInfo.cfm?setid=90dd8c13-c428-4472-91e5-5b1fcdc4fce3,DailyMed/FDA (NIH/NLM) — approved Linezolid label: https://dailymed.nlm.nih.gov/dailymed/drugInfo.cfm?setid=90dd8c13-c428-4472-91e5-5b1fcdc4fce3,publicado
linezolida_depressao_medula_ossea,linezolida,depressao_medula_ossea,precaution,moderate,"A linezolida causa mielossupressão (anemia, leucopenia, trombocitopenia), sobretudo em tratamentos prolongados ou em doentes com depressão medular prévia.","Linezolid causes myelosuppression (anaemia, leucopenia, thrombocytopenia), especially with prolonged courses or in patients with prior marrow depression.",Vigiar hemograma semanalmente em tratamentos superiores a 2 semanas.,Monitor the blood count weekly in courses longer than 2 weeks.,DailyMed/FDA (NIH/NLM) — rótulo aprovado Linezolida: https://dailymed.nlm.nih.gov/dailymed/drugInfo.cfm?setid=90dd8c13-c428-4472-91e5-5b1fcdc4fce3,DailyMed/FDA (NIH/NLM) — approved Linezolid label: https://dailymed.nlm.nih.gov/dailymed/drugInfo.cfm?setid=90dd8c13-c428-4472-91e5-5b1fcdc4fce3,publicado
bedaquilina_prolongamento_qt,bedaquilina,prolongamento_qt,precaution,moderate,A bedaquilina prolonga o intervalo QT e o risco de arritmias aumenta em doentes com QT prolongado ou com fármacos que prolongam o QT.,Bedaquiline prolongs the QT interval and the arrhythmia risk increases in patients with QT prolongation or with QT-prolonging drugs.,Evitar em QT prolongado conhecido; vigiar ECG e eletrólitos.,Avoid in known QT prolongation; monitor ECG and electrolytes.,DailyMed/FDA (NIH/NLM) — rótulo aprovado Bedaquilina: https://dailymed.nlm.nih.gov/dailymed/drugInfo.cfm?setid=1534c9ae-4948-4cf4-9f66-222a99db6d0e,DailyMed/FDA (NIH/NLM) — approved Bedaquiline label: https://dailymed.nlm.nih.gov/dailymed/drugInfo.cfm?setid=1534c9ae-4948-4cf4-9f66-222a99db6d0e,publicado
bedaquilina_doenca_hepatica,bedaquilina,doenca_hepatica,precaution,moderate,"A bedaquilina é hepatotóxica e deve ser usada com precaução em doentes com doença hepática, com vigilância de transaminases.","Bedaquiline is hepatotoxic and should be used with caution in patients with liver disease, with transaminase monitoring.",Vigiar transaminases; suspender perante elevações significativas ou sintomas de hepatite.,Monitor transaminases; stop with significant elevations or hepatitis symptoms.,DailyMed/FDA (NIH/NLM) — rótulo aprovado Bedaquilina: https://dailymed.nlm.nih.gov/dailymed/drugInfo.cfm?setid=1534c9ae-4948-4cf4-9f66-222a99db6d0e,DailyMed/FDA (NIH/NLM) — approved Bedaquiline label: https://dailymed.nlm.nih.gov/dailymed/drugInfo.cfm?setid=1534c9ae-4948-4cf4-9f66-222a99db6d0e,publicado
atazanavir_doenca_hepatica,atazanavir,doenca_hepatica,precaution,moderate,"O atazanavir é hepatotóxico, sobretudo em doentes com hepatite B ou C; a doença hepática prévia aumenta o risco de descompensação.","Atazanavir is hepatotoxic, especially in patients with hepatitis B or C; prior liver disease increases the risk of decompensation.",Vigiar transaminases; considerar alternativas em doença hepática grave.,Monitor transaminases; consider alternatives in severe liver disease.,DailyMed/FDA (NIH/NLM) — rótulo aprovado Atazanavir: https://dailymed.nlm.nih.gov/dailymed/drugInfo.cfm?setid=165cff62-b284-4a27-a65d-9ec8a5bfcdd8,DailyMed/FDA (NIH/NLM) — approved Atazanavir label: https://dailymed.nlm.nih.gov/dailymed/drugInfo.cfm?setid=165cff62-b284-4a27-a65d-9ec8a5bfcdd8,publicado
atazanavir_bloqueio_av,atazanavir,bloqueio_av,precaution,moderate,O atazanavir prolonga o intervalo PR e pode causar bloqueio auriculoventricular assintomático; o risco aumenta em doença de condução prévia.,Atazanavir prolongs the PR interval and can cause asymptomatic atrioventricular block; the risk increases with pre-existing conduction disease.,Usar com precaução em bloqueio AV prévio ou com fármacos que prolongam o PR; vigiar ECG.,Use with caution in prior AV block or with PR-prolonging drugs; monitor ECG.,DailyMed/FDA (NIH/NLM) — rótulo aprovado Atazanavir: https://dailymed.nlm.nih.gov/dailymed/drugInfo.cfm?setid=165cff62-b284-4a27-a65d-9ec8a5bfcdd8,DailyMed/FDA (NIH/NLM) — approved Atazanavir label: https://dailymed.nlm.nih.gov/dailymed/drugInfo.cfm?setid=165cff62-b284-4a27-a65d-9ec8a5bfcdd8,publicado
efavirenz_doenca_hepatica,efavirenz,doenca_hepatica,precaution,moderate,"O efavirenz é hepatotóxico, sobretudo nos primeiros meses e em coinfecção com hepatite B ou C; a doença hepática prévia aumenta o risco.","Efavirenz is hepatotoxic, especially in the first months and in hepatitis B or C coinfection; prior liver disease increases the risk.",Vigiar transaminases; suspender perante sintomas de hepatite.,Monitor transaminases; stop if hepatitis symptoms occur.,DailyMed/FDA (NIH/NLM) — rótulo aprovado Efavirenz: https://dailymed.nlm.nih.gov/dailymed/drugInfo.cfm?setid=92603fa5-7a2c-4bfb-9a70-aadb4fba952c,DailyMed/FDA (NIH/NLM) — approved Efavirenz label: https://dailymed.nlm.nih.gov/dailymed/drugInfo.cfm?setid=92603fa5-7a2c-4bfb-9a70-aadb4fba952c,publicado
efavirenz_doenca_psiquiatrica,efavirenz,doenca_psiquiatrica,precaution,moderate,"O efavirenz causa efeitos neuropsiquiátricos (depressão, ideação suicida, psicose), com risco aumentado em doentes com doença psiquiátrica prévia.","Efavirenz causes neuropsychiatric effects (depression, suicidal ideation, psychosis), with increased risk in patients with prior psychiatric disease.",Vigiar sintomas neuropsiquiátricos; suspender perante depressão grave ou ideação suicida.,Monitor neuropsychiatric symptoms; stop with severe depression or suicidal ideation.,DailyMed/FDA (NIH/NLM) — rótulo aprovado Efavirenz: https://dailymed.nlm.nih.gov/dailymed/drugInfo.cfm?setid=92603fa5-7a2c-4bfb-9a70-aadb4fba952c,DailyMed/FDA (NIH/NLM) — approved Efavirenz label: https://dailymed.nlm.nih.gov/dailymed/drugInfo.cfm?setid=92603fa5-7a2c-4bfb-9a70-aadb4fba952c,publicado
lamivudina_insuficiencia_renal,lamivudina,insuficiencia_renal,precaution,moderate,A lamivudina é excretada predominantemente por via renal; na insuficiência renal a dose deve ser ajustada para evitar toxicidade.,Lamivudine is predominantly renally excreted; in renal impairment the dose must be adjusted to avoid toxicity.,Ajustar a dose à clearance de creatinina.,Adjust the dose to creatinine clearance.,DailyMed/FDA (NIH/NLM) — rótulo aprovado Lamivudina: https://dailymed.nlm.nih.gov/dailymed/drugInfo.cfm?setid=6bd6b9da-df69-46db-813e-4e7f3bdecf95,DailyMed/FDA (NIH/NLM) — approved Lamivudine label: https://dailymed.nlm.nih.gov/dailymed/drugInfo.cfm?setid=6bd6b9da-df69-46db-813e-4e7f3bdecf95,publicado
lamivudina_acidose_lactica_esteatose_hepatica,lamivudina,acidose_lactica_esteatose_hepatica,precaution,moderate,"Os análogos nucleósidos, incluindo a lamivudina, podem causar acidose láctica e esteatose hepática grave, por vezes fatais.","Nucleoside analogues, including lamivudine, can cause lactic acidosis and severe hepatic steatosis, sometimes fatal.","Suspender perante sintomas (náuseas, dor abdominal, dispneia) ou acidose láctica confirmada.","Stop with symptoms (nausea, abdominal pain, dyspnoea) or confirmed lactic acidosis.",DailyMed/FDA (NIH/NLM) — rótulo aprovado Lamivudina: https://dailymed.nlm.nih.gov/dailymed/drugInfo.cfm?setid=6bd6b9da-df69-46db-813e-4e7f3bdecf95,DailyMed/FDA (NIH/NLM) — approved Lamivudine label: https://dailymed.nlm.nih.gov/dailymed/drugInfo.cfm?setid=6bd6b9da-df69-46db-813e-4e7f3bdecf95,publicado
nevirapina_doenca_hepatica,nevirapina,doenca_hepatica,precaution,moderate,"A nevirapina causa hepatotoxicidade grave, sobretudo nas primeiras 18 semanas e em mulheres com CD4 elevado; a doença hepática prévia aumenta o risco.","Nevirapine causes severe hepatotoxicity, especially in the first 18 weeks and in women with high CD4 counts; prior liver disease increases the risk.",Vigiar transaminases nas primeiras semanas; suspender perante lesão hepática ou sintomas de hepatite.,Monitor transaminases in the first weeks; stop with liver injury or hepatitis symptoms.,DailyMed/FDA (NIH/NLM) — rótulo aprovado Nevirapina: https://dailymed.nlm.nih.gov/dailymed/drugInfo.cfm?setid=c6e93829-7024-48f6-8023-da6ff27dfc0a,DailyMed/FDA (NIH/NLM) — approved Nevirapine label: https://dailymed.nlm.nih.gov/dailymed/drugInfo.cfm?setid=c6e93829-7024-48f6-8023-da6ff27dfc0a,publicado
nevirapina_erupcao_cutanea_grave,nevirapina,erupcao_cutanea_grave,precaution,moderate,"A nevirapina causa erupções cutâneas, incluindo síndrome de Stevens-Johnson e necrólise epidérmica tóxica, sobretudo nas primeiras semanas.","Nevirapine causes skin rashes, including Stevens-Johnson syndrome and toxic epidermal necrolysis, especially in the first weeks.","Suspender imediatamente perante erupção grave, bolhas ou envolvimento mucoso.","Stop immediately with a severe rash, blistering or mucosal involvement.",DailyMed/FDA (NIH/NLM) — rótulo aprovado Nevirapina: https://dailymed.nlm.nih.gov/dailymed/drugInfo.cfm?setid=c6e93829-7024-48f6-8023-da6ff27dfc0a,DailyMed/FDA (NIH/NLM) — approved Nevirapine label: https://dailymed.nlm.nih.gov/dailymed/drugInfo.cfm?setid=c6e93829-7024-48f6-8023-da6ff27dfc0a,publicado
ritonavir_doenca_hepatica,ritonavir,doenca_hepatica,precaution,moderate,"O ritonavir é hepatotóxico, sobretudo em coinfecção com hepatite B ou C; a doença hepática prévia aumenta o risco de descompensação.","Ritonavir is hepatotoxic, especially in hepatitis B or C coinfection; prior liver disease increases the risk of decompensation.",Vigiar transaminases; considerar alternativas em doença hepática grave.,Monitor transaminases; consider alternatives in severe liver disease.,DailyMed/FDA (NIH/NLM) — rótulo aprovado Ritonavir: https://dailymed.nlm.nih.gov/dailymed/drugInfo.cfm?setid=d2f8c6ba-5e06-4b03-8ca5-b4fd7e5a8925,DailyMed/FDA (NIH/NLM) — approved Ritonavir label: https://dailymed.nlm.nih.gov/dailymed/drugInfo.cfm?setid=d2f8c6ba-5e06-4b03-8ca5-b4fd7e5a8925,publicado
ritonavir_diabetes_mellitus,ritonavir,diabetes_mellitus,precaution,moderate,"O ritonavir pode causar hiperglicemia, intolerância à glicose e diabetes de novo; o risco é maior em doentes diabéticos ou com fatores de risco.","Ritonavir can cause hyperglycaemia, glucose intolerance and new-onset diabetes; the risk is higher in diabetic patients or those with risk factors.",Vigiar glicemia em doentes diabéticos ou em risco; ajustar a terapêutica antidiabética se necessário.,Monitor blood glucose in diabetic or at-risk patients; adjust antidiabetic therapy if needed.,DailyMed/FDA (NIH/NLM) — rótulo aprovado Ritonavir: https://dailymed.nlm.nih.gov/dailymed/drugInfo.cfm?setid=d2f8c6ba-5e06-4b03-8ca5-b4fd7e5a8925,DailyMed/FDA (NIH/NLM) — approved Ritonavir label: https://dailymed.nlm.nih.gov/dailymed/drugInfo.cfm?setid=d2f8c6ba-5e06-4b03-8ca5-b4fd7e5a8925,publicado
zidovudina_anemia_neutropenia,zidovudina,anemia_neutropenia,precaution,moderate,"A zidovudina causa mielossupressão (anemia, neutropenia); o risco aumenta em doentes com contagens baixas prévias ou deficiência de B12/folato.","Zidovudine causes myelosuppression (anaemia, neutropenia); the risk increases in patients with prior low counts or B12/folate deficiency.",Vigiar hemograma; ajustar a dose ou suspender perante anemia ou neutropenia graves.,Monitor the blood count; adjust the dose or stop with severe anaemia or neutropenia.,DailyMed/FDA (NIH/NLM) — rótulo aprovado Zidovudina: https://dailymed.nlm.nih.gov/dailymed/drugInfo.cfm?setid=e816e8f5-1e50-4f49-8bea-92da0121d26e,DailyMed/FDA (NIH/NLM) — approved Zidovudine label: https://dailymed.nlm.nih.gov/dailymed/drugInfo.cfm?setid=e816e8f5-1e50-4f49-8bea-92da0121d26e,publicado
zidovudina_insuficiencia_renal,zidovudina,insuficiencia_renal,precaution,moderate,A zidovudina é eliminada predominantemente por via renal; na insuficiência renal avançada a dose deve ser reduzida.,Zidovudine is predominantly eliminated renally; in advanced renal impairment the dose should be reduced.,Ajustar a dose na insuficiência renal grave; vigiar função renal e hemograma.,Adjust the dose in severe renal impairment; monitor renal function and blood count.,DailyMed/FDA (NIH/NLM) — rótulo aprovado Zidovudina: https://dailymed.nlm.nih.gov/dailymed/drugInfo.cfm?setid=e816e8f5-1e50-4f49-8bea-92da0121d26e,DailyMed/FDA (NIH/NLM) — approved Zidovudine label: https://dailymed.nlm.nih.gov/dailymed/drugInfo.cfm?setid=e816e8f5-1e50-4f49-8bea-92da0121d26e,publicado
artesunato_prolongamento_qt,artesunato,prolongamento_qt,precaution,moderate,Os derivados da artemisinina podem prolongar ligeiramente o intervalo QT; usar com precaução em doentes com QT prolongado ou com fármacos que prolongam o QT.,Artemisinin derivatives may slightly prolong the QT interval; use with caution in patients with QT prolongation or with QT-prolonging drugs.,Vigiar ECG em doentes de risco.,Monitor ECG in at-risk patients.,SmPC-padrão WHO-prequalificado (MA152) e EMA (Artesunate Amivas) — Directrizes da OMS para a malária: https://www.who.int/teams/global-malaria-programme/guidelines-for-malaria,WHO-prequalified model SmPC (MA152) and EMA (Artesunate Amivas) — WHO Guidelines for malaria: https://www.who.int/teams/global-malaria-programme/guidelines-for-malaria,publicado
artesunato_doenca_hepatica_grave,artesunato,doenca_hepatica_grave,precaution,moderate,"Os dados em insuficiência hepática grave são limitados; o artesunato deve ser usado com precaução, com vigilância.","Data in severe hepatic impairment are limited; artesunate should be used with caution, with monitoring.",Usar com precaução na doença hepática grave.,Use with caution in severe liver disease.,SmPC-padrão WHO-prequalificado (MA152) e EMA (Artesunate Amivas) — Directrizes da OMS para a malária: https://www.who.int/teams/global-malaria-programme/guidelines-for-malaria,WHO-prequalified model SmPC (MA152) and EMA (Artesunate Amivas) — WHO Guidelines for malaria: https://www.who.int/teams/global-malaria-programme/guidelines-for-malaria,publicado
artemeter-lumefantrina_prolongamento_qt,artemeter-lumefantrina,prolongamento_qt,precaution,moderate,O lumefantrina prolonga o intervalo QT; o risco de arritmias aumenta em doentes com QT prolongado ou com fármacos que prolongam o QT.,Lumefantrine prolongs the QT interval; the arrhythmia risk increases in patients with QT prolongation or with QT-prolonging drugs.,Evitar em QT prolongado conhecido ou com fármacos que prolongam o QT; vigiar ECG.,Avoid in known QT prolongation or with QT-prolonging drugs; monitor ECG.,DailyMed/FDA (NIH/NLM) — rótulo aprovado Arteméter + Lumefantrina: https://dailymed.nlm.nih.gov/dailymed/drugInfo.cfm?setid=7866ec19-dfac-47d4-a53f-511a12643cbf,DailyMed/FDA (NIH/NLM) — approved Artemether + Lumefantrine label: https://dailymed.nlm.nih.gov/dailymed/drugInfo.cfm?setid=7866ec19-dfac-47d4-a53f-511a12643cbf,publicado
artemeter-lumefantrina_doenca_hepatica_grave,artemeter-lumefantrina,doenca_hepatica_grave,precaution,moderate,O arteméter e o lumefantrina são metabolizados no fígado (CYP3A4); na doença hepática grave a exposição pode aumentar e exige precaução.,Artemether and lumefantrine are metabolised in the liver (CYP3A4); in severe liver disease exposure may increase and requires caution.,Usar com precaução na doença hepática grave.,Use with caution in severe liver disease.,DailyMed/FDA (NIH/NLM) — rótulo aprovado Arteméter + Lumefantrina: https://dailymed.nlm.nih.gov/dailymed/drugInfo.cfm?setid=7866ec19-dfac-47d4-a53f-511a12643cbf,DailyMed/FDA (NIH/NLM) — approved Artemether + Lumefantrine label: https://dailymed.nlm.nih.gov/dailymed/drugInfo.cfm?setid=7866ec19-dfac-47d4-a53f-511a12643cbf,publicado
artesunato-amodiaquina_prolongamento_qt,artesunato-amodiaquina,prolongamento_qt,precaution,moderate,A amodiaquina prolonga o intervalo QT; o risco aumenta em doentes com QT prolongado ou com fármacos que prolongam o QT.,Amodiaquine prolongs the QT interval; the risk increases in patients with QT prolongation or with QT-prolonging drugs.,Vigiar ECG em doentes de risco; evitar com fármacos que prolongam o QT.,Monitor ECG in at-risk patients; avoid with QT-prolonging drugs.,"OMS (WHO) — Directrizes para a malária (artesunato + amodiaquina, Coarsucam): https://www.who.int/teams/global-malaria-programme/guidelines-for-malaria","WHO — Malaria guidelines (artesunate + amodiaquine, Coarsucam): https://www.who.int/teams/global-malaria-programme/guidelines-for-malaria",publicado
artesunato-amodiaquina_doenca_hepatica,artesunato-amodiaquina,doenca_hepatica,precaution,moderate,A amodiaquina é hepatotóxica (incluindo hepatite grave); usar com precaução em doentes com doença hepática.,Amodiaquine is hepatotoxic (including severe hepatitis); use with caution in patients with liver disease.,Vigiar função hepática; suspender perante sintomas de hepatite.,Monitor liver function; stop with hepatitis symptoms.,"OMS (WHO) — Directrizes para a malária (artesunato + amodiaquina, Coarsucam): https://www.who.int/teams/global-malaria-programme/guidelines-for-malaria","WHO — Malaria guidelines (artesunate + amodiaquine, Coarsucam): https://www.who.int/teams/global-malaria-programme/guidelines-for-malaria",publicado
diidroartemisinina-piperaquina_prolongamento_qt,diidroartemisinina-piperaquina,prolongamento_qt,precaution,moderate,A piperaquina prolonga de forma significativa o intervalo QT; o risco de arritmias aumenta em doentes com QT prolongado ou com fármacos que prolongam o QT.,Piperaquine significantly prolongs the QT interval; the arrhythmia risk increases in patients with QT prolongation or with QT-prolonging drugs.,Evitar em QT prolongado conhecido ou com fármacos que prolongam o QT; vigiar ECG.,Avoid in known QT prolongation or with QT-prolonging drugs; monitor ECG.,EMA — EPAR Eurartesim (diidroartemisinina + piperaquina): https://www.ema.europa.eu/en/medicines/human/EPAR/eurartesim,EMA — EPAR Eurartesim (dihydroartemisinin + piperaquine): https://www.ema.europa.eu/en/medicines/human/EPAR/eurartesim,publicado
diidroartemisinina-piperaquina_doenca_hepatica_grave,diidroartemisinina-piperaquina,doenca_hepatica_grave,precaution,moderate,A diidroartemisinina e a piperaquina são metabolizadas no fígado; na doença hepática grave a exposição pode aumentar e exige precaução.,Dihydroartemisinin and piperaquine are metabolised in the liver; in severe liver disease exposure may increase and requires caution.,Usar com precaução na doença hepática grave.,Use with caution in severe liver disease.,EMA — EPAR Eurartesim (diidroartemisinina + piperaquina): https://www.ema.europa.eu/en/medicines/human/EPAR/eurartesim,EMA — EPAR Eurartesim (dihydroartemisinin + piperaquine): https://www.ema.europa.eu/en/medicines/human/EPAR/eurartesim,publicado
sulfadoxina-pirimetamina_alergia_sulfonamidas,sulfadoxina-pirimetamina,alergia_sulfonamidas,contraindication,moderate,"A sulfadoxina é uma sulfonamida; está contraindicada em doentes com alergia prévia a sulfonamidas (risco de reações graves, incluindo SJS/TEN).","Sulfadoxine is a sulphonamide; it is contraindicated in patients with prior sulphonamide allergy (risk of severe reactions, including SJS/TEN).",Contraindicado em alergia a sulfonamidas; escolher alternativa antimalárica.,Contraindicated in sulphonamide allergy; choose an alternative antimalarial.,OMS (WHO) — Directrizes para a malária (sulfadoxina + pirimetamina): https://www.who.int/teams/global-malaria-programme/guidelines-for-malaria,WHO — Malaria guidelines (sulfadoxine + pyrimethamine): https://www.who.int/teams/global-malaria-programme/guidelines-for-malaria,publicado
sulfadoxina-pirimetamina_deficiencia_g6pd,sulfadoxina-pirimetamina,deficiencia_g6pd,precaution,moderate,A sulfadoxina pode causar hemólise em doentes com deficiência de G6PD; usar com precaução e vigiar sinais de hemólise.,Sulfadoxine can cause haemolysis in patients with G6PD deficiency; use with caution and monitor for signs of haemolysis.,Usar com precaução na deficiência de G6PD; vigiar hemoglobina e sinais de hemólise.,Use with caution in G6PD deficiency; monitor haemoglobin and signs of haemolysis.,OMS (WHO) — Directrizes para a malária (sulfadoxina + pirimetamina): https://www.who.int/teams/global-malaria-programme/guidelines-for-malaria,WHO — Malaria guidelines (sulfadoxine + pyrimethamine): https://www.who.int/teams/global-malaria-programme/guidelines-for-malaria,publicado
mefloquina_epilepsia,mefloquina,epilepsia,contraindication,moderate,A mefloquina pode baixar o limiar convulsivo; está contraindicada em doentes com epilepsia ou antecedentes de convulsões.,Mefloquine can lower the seizure threshold; it is contraindicated in patients with epilepsy or a history of seizures.,Contraindicada em epilepsia ou antecedentes convulsivos; escolher alternativa antimalárica.,Contraindicated in epilepsy or a history of seizures; choose an alternative antimalarial.,DailyMed/FDA (NIH/NLM) — rótulo aprovado Mefloquina: https://dailymed.nlm.nih.gov/dailymed/drugInfo.cfm?setid=09716a24-d7da-42b2-af29-c03a1b6670bd,DailyMed/FDA (NIH/NLM) — approved Mefloquine label: https://dailymed.nlm.nih.gov/dailymed/drugInfo.cfm?setid=09716a24-d7da-42b2-af29-c03a1b6670bd,publicado
mefloquina_doenca_psiquiatrica,mefloquina,doenca_psiquiatrica,contraindication,moderate,"A mefloquina causa efeitos neuropsiquiátricos graves (ansiedade, depressão, psicose, ideação suicida); está contraindicada em doença psiquiátrica ativa ou história de psicose.","Mefloquine causes severe neuropsychiatric effects (anxiety, depression, psychosis, suicidal ideation); it is contraindicated in active psychiatric disease or a history of psychosis.",Contraindicada em depressão ativa ou psicose; suspender perante sintomas neuropsiquiátricos.,Contraindicated in active depression or psychosis; stop with neuropsychiatric symptoms.,DailyMed/FDA (NIH/NLM) — rótulo aprovado Mefloquina: https://dailymed.nlm.nih.gov/dailymed/drugInfo.cfm?setid=09716a24-d7da-42b2-af29-c03a1b6670bd,DailyMed/FDA (NIH/NLM) — approved Mefloquine label: https://dailymed.nlm.nih.gov/dailymed/drugInfo.cfm?setid=09716a24-d7da-42b2-af29-c03a1b6670bd,publicado
primaquina_deficiencia_g6pd,primaquina,deficiencia_g6pd,contraindication,moderate,A primaquina causa hemólise grave em doentes com deficiência de G6PD; está contraindicada sem rastreio prévio do défice.,Primaquine causes severe haemolysis in patients with G6PD deficiency; it is contraindicated without prior screening for the deficiency.,Rastrear G6PD antes de prescrever; contraindicada na deficiência ou estado desconhecido.,Screen for G6PD before prescribing; contraindicated in deficiency or unknown status.,DailyMed/FDA (NIH/NLM) — rótulo aprovado Primaquina: https://dailymed.nlm.nih.gov/dailymed/drugInfo.cfm?setid=3f16166d-678e-51aa-e054-00144ff88e88,DailyMed/FDA (NIH/NLM) — approved Primaquine label: https://dailymed.nlm.nih.gov/dailymed/drugInfo.cfm?setid=3f16166d-678e-51aa-e054-00144ff88e88,publicado
primaquina_metemoglobinemia,primaquina,metemoglobinemia,precaution,moderate,"A primaquina pode causar metemoglobinemia, sobretudo em doses elevadas ou em doentes com défice de metemoglobina redutase.","Primaquine can cause methaemoglobinaemia, especially at high doses or in patients with methaemoglobin reductase deficiency.","Vigiar cianose, cefaleia e dispneia; suspender perante metemoglobinemia.","Monitor for cyanosis, headache and dyspnoea; stop with methaemoglobinaemia.",DailyMed/FDA (NIH/NLM) — rótulo aprovado Primaquina: https://dailymed.nlm.nih.gov/dailymed/drugInfo.cfm?setid=3f16166d-678e-51aa-e054-00144ff88e88,DailyMed/FDA (NIH/NLM) — approved Primaquine label: https://dailymed.nlm.nih.gov/dailymed/drugInfo.cfm?setid=3f16166d-678e-51aa-e054-00144ff88e88,publicado
quinina_prolongamento_qt,quinina,prolongamento_qt,precaution,moderate,A quinina prolonga o intervalo QT e pode causar arritmias ventriculares; o risco aumenta em QT prolongado ou com fármacos que prolongam o QT.,Quinine prolongs the QT interval and can cause ventricular arrhythmias; the risk increases in QT prolongation or with QT-prolonging drugs.,Evitar em QT prolongado conhecido; vigiar ECG e eletrólitos.,Avoid in known QT prolongation; monitor ECG and electrolytes.,DailyMed/FDA (NIH/NLM) — rótulo aprovado Quinina: https://dailymed.nlm.nih.gov/dailymed/drugInfo.cfm?setid=1f32f05c-a215-40be-b951-e41a7b54a8a0,DailyMed/FDA (NIH/NLM) — approved Quinine label: https://dailymed.nlm.nih.gov/dailymed/drugInfo.cfm?setid=1f32f05c-a215-40be-b951-e41a7b54a8a0,publicado
quinina_diabetes_mellitus,quinina,diabetes_mellitus,precaution,moderate,"A quinina estimula a libertação de insulina e pode causar hipoglicemia, sobretudo em doentes diabéticos, desnutridos ou com insuficiência renal.","Quinine stimulates insulin release and can cause hypoglycaemia, especially in diabetic, malnourished or renally impaired patients.",Vigiar glicemia em doentes de risco; tratar a hipoglicemia prontamente.,Monitor blood glucose in at-risk patients; treat hypoglycaemia promptly.,DailyMed/FDA (NIH/NLM) — rótulo aprovado Quinina: https://dailymed.nlm.nih.gov/dailymed/drugInfo.cfm?setid=1f32f05c-a215-40be-b951-e41a7b54a8a0,DailyMed/FDA (NIH/NLM) — approved Quinine label: https://dailymed.nlm.nih.gov/dailymed/drugInfo.cfm?setid=1f32f05c-a215-40be-b951-e41a7b54a8a0,publicado
atovaquona-proguanil_insuficiencia_renal_grave,atovaquona-proguanil,insuficiencia_renal_grave,precaution,moderate,A atovaquona não é dialisável e a sua excreção depende da via biliar; na insuficiência renal grave (CrCl < 30 ml/min) a profilaxia não é recomendada e o tratamento exige precaução.,Atovaquone is not dialysable and its excretion depends on the biliary route; in severe renal impairment (CrCl < 30 ml/min) prophylaxis is not recommended and treatment requires caution.,Evitar a profilaxia em CrCl < 30 ml/min; usar com precaução no tratamento.,Avoid prophylaxis in CrCl < 30 ml/min; use with caution for treatment.,DailyMed/FDA (NIH/NLM) — rótulo aprovado Atovaquona + Proguanil: https://dailymed.nlm.nih.gov/dailymed/drugInfo.cfm?setid=fc22e8d8-3bfb-4f70-a599-dd81262a4887,DailyMed/FDA (NIH/NLM) — approved Atovaquone + Proguanil label: https://dailymed.nlm.nih.gov/dailymed/drugInfo.cfm?setid=fc22e8d8-3bfb-4f70-a599-dd81262a4887,publicado
atovaquona-proguanil_doenca_hepatica,atovaquona-proguanil,doenca_hepatica,precaution,moderate,O proguanil é metabolizado no fígado; na doença hepática a exposição pode aumentar e exige precaução.,Proguanil is metabolised in the liver; in liver disease exposure may increase and requires caution.,Usar com precaução na doença hepática.,Use with caution in liver disease.,DailyMed/FDA (NIH/NLM) — rótulo aprovado Atovaquona + Proguanil: https://dailymed.nlm.nih.gov/dailymed/drugInfo.cfm?setid=fc22e8d8-3bfb-4f70-a599-dd81262a4887,DailyMed/FDA (NIH/NLM) — approved Atovaquone + Proguanil label: https://dailymed.nlm.nih.gov/dailymed/drugInfo.cfm?setid=fc22e8d8-3bfb-4f70-a599-dd81262a4887,publicado
tafenoquina_deficiencia_g6pd,tafenoquina,deficiencia_g6pd,contraindication,moderate,A tafenoquina causa hemólise grave em doentes com deficiência de G6PD; está contraindicada na deficiência ou quando o estado de G6PD é desconhecido.,Tafenoquine causes severe haemolysis in patients with G6PD deficiency; it is contraindicated in deficiency or when G6PD status is unknown.,Rastreio obrigatório de G6PD antes de prescrever; contraindicada na deficiência ou estado desconhecido.,Mandatory G6PD screening before prescribing; contraindicated in deficiency or unknown status.,DailyMed/FDA (NIH/NLM) — rótulo aprovado Tafenoquina (KRINTAFEL): https://dailymed.nlm.nih.gov/dailymed/drugInfo.cfm?setid=5cf989d5-36f5-4561-a30b-9fcb9deb6b6a,DailyMed/FDA (NIH/NLM) — approved Tafenoquine label (KRINTAFEL): https://dailymed.nlm.nih.gov/dailymed/drugInfo.cfm?setid=5cf989d5-36f5-4561-a30b-9fcb9deb6b6a,publicado
tafenoquina_doenca_psiquiatrica,tafenoquina,doenca_psiquiatrica,precaution,moderate,"A tafenoquina causa efeitos psiquiátricos (insónia, ansiedade, depressão, sonhos anormais); usar com precaução em doentes com doença psiquiátrica.","Tafenoquine causes psychiatric effects (insomnia, anxiety, depression, abnormal dreams); use with caution in patients with psychiatric disease.",Vigiar sintomas psiquiátricos; suspender perante sintomas graves.,Monitor psychiatric symptoms; stop with severe symptoms.,DailyMed/FDA (NIH/NLM) — rótulo aprovado Tafenoquina (KRINTAFEL): https://dailymed.nlm.nih.gov/dailymed/drugInfo.cfm?setid=5cf989d5-36f5-4561-a30b-9fcb9deb6b6a,DailyMed/FDA (NIH/NLM) — approved Tafenoquine label (KRINTAFEL): https://dailymed.nlm.nih.gov/dailymed/drugInfo.cfm?setid=5cf989d5-36f5-4561-a30b-9fcb9deb6b6a,publicado
ampicilina_alergia_penicilinas,ampicilina,alergia_penicilinas,contraindication,moderate,A ampicilina é uma penicilina; está contraindicada em doentes com alergia prévia a penicilinas (risco de anafilaxia).,Ampicillin is a penicillin; it is contraindicated in patients with prior penicillin allergy (risk of anaphylaxis).,Contraindicada em alergia a penicilinas; escolher alternativa de outra classe.,Contraindicated in penicillin allergy; choose an alternative from another class.,DailyMed/FDA (NIH/NLM) — rótulo aprovado Ampicilina: https://dailymed.nlm.nih.gov/dailymed/drugInfo.cfm?setid=402e7cc7-5ae8-c113-e063-6394a90aa54a,DailyMed/FDA (NIH/NLM) — approved Ampicillin label: https://dailymed.nlm.nih.gov/dailymed/drugInfo.cfm?setid=402e7cc7-5ae8-c113-e063-6394a90aa54a,publicado
ampicilina_mononucleose_infecciosa,ampicilina,mononucleose_infecciosa,precaution,moderate,A ampicilina causa erupção cutânea maculopapular frequente em doentes com mononucleose infecciosa.,Ampicillin frequently causes a maculopapular rash in patients with infectious mononucleosis.,Evitar ampicilina na mononucleose; preferir alternativa quando possível.,Avoid ampicillin in mononucleosis; prefer an alternative when possible.,DailyMed/FDA (NIH/NLM) — rótulo aprovado Ampicilina: https://dailymed.nlm.nih.gov/dailymed/drugInfo.cfm?setid=402e7cc7-5ae8-c113-e063-6394a90aa54a,DailyMed/FDA (NIH/NLM) — approved Ampicillin label: https://dailymed.nlm.nih.gov/dailymed/drugInfo.cfm?setid=402e7cc7-5ae8-c113-e063-6394a90aa54a,publicado
amoxicilina-clavulanato_alergia_penicilinas,amoxicilina-clavulanato,alergia_penicilinas,contraindication,moderate,A amoxicilina é uma penicilina; a associação está contraindicada em doentes com alergia prévia a penicilinas.,Amoxicillin is a penicillin; the combination is contraindicated in patients with prior penicillin allergy.,Contraindicada em alergia a penicilinas; escolher alternativa de outra classe.,Contraindicated in penicillin allergy; choose an alternative from another class.,DailyMed/FDA (NIH/NLM) — rótulo aprovado Amoxicilina + Ácido Clavulânico: https://dailymed.nlm.nih.gov/dailymed/drugInfo.cfm?setid=5250085e-5509-c577-e063-6294a90a9b87,DailyMed/FDA (NIH/NLM) — approved Amoxicillin + Clavulanate label: https://dailymed.nlm.nih.gov/dailymed/drugInfo.cfm?setid=5250085e-5509-c577-e063-6294a90a9b87,publicado
amoxicilina-clavulanato_historia_ictericia_clavulanato,amoxicilina-clavulanato,historia_ictericia_clavulanato,contraindication,moderate,O ácido clavulânico associa-se a hepatite colestática; a associação está contraindicada em doentes com história de icterícia ou disfunção hepática atribuída ao clavulanato.,Clavulanic acid is associated with cholestatic hepatitis; the combination is contraindicated in patients with a history of jaundice or hepatic dysfunction attributed to clavulanate.,Contraindicada em história de icterícia com amoxicilina + clavulanato.,Contraindicated in a history of jaundice with amoxicillin + clavulanate.,DailyMed/FDA (NIH/NLM) — rótulo aprovado Amoxicilina + Ácido Clavulânico: https://dailymed.nlm.nih.gov/dailymed/drugInfo.cfm?setid=5250085e-5509-c577-e063-6294a90a9b87,DailyMed/FDA (NIH/NLM) — approved Amoxicillin + Clavulanate label: https://dailymed.nlm.nih.gov/dailymed/drugInfo.cfm?setid=5250085e-5509-c577-e063-6294a90a9b87,publicado
piperacilina-tazobactam_alergia_penicilinas,piperacilina-tazobactam,alergia_penicilinas,contraindication,moderate,A piperacilina é uma penicilina; a associação está contraindicada em doentes com alergia prévia a penicilinas.,Piperacillin is a penicillin; the combination is contraindicated in patients with prior penicillin allergy.,Contraindicada em alergia a penicilinas; escolher alternativa de outra classe.,Contraindicated in penicillin allergy; choose an alternative from another class.,DailyMed/FDA (NIH/NLM) — rótulo aprovado Piperacilina + Tazobactam: https://dailymed.nlm.nih.gov/dailymed/drugInfo.cfm?setid=7aebc0e6-89db-4ef0-b5ab-d6b3199bcfc4,DailyMed/FDA (NIH/NLM) — approved Piperacillin + Tazobactam label: https://dailymed.nlm.nih.gov/dailymed/drugInfo.cfm?setid=7aebc0e6-89db-4ef0-b5ab-d6b3199bcfc4,publicado
piperacilina-tazobactam_insuficiencia_renal,piperacilina-tazobactam,insuficiencia_renal,precaution,moderate,A piperacilina e o tazobactam são excretados por via renal; na insuficiência renal é necessário ajustar a dose e o intervalo.,Piperacillin and tazobactam are renally excreted; in renal impairment the dose and interval must be adjusted.,Ajustar a dose à clearance de creatinina.,Adjust the dose to creatinine clearance.,DailyMed/FDA (NIH/NLM) — rótulo aprovado Piperacilina + Tazobactam: https://dailymed.nlm.nih.gov/dailymed/drugInfo.cfm?setid=7aebc0e6-89db-4ef0-b5ab-d6b3199bcfc4,DailyMed/FDA (NIH/NLM) — approved Piperacillin + Tazobactam label: https://dailymed.nlm.nih.gov/dailymed/drugInfo.cfm?setid=7aebc0e6-89db-4ef0-b5ab-d6b3199bcfc4,publicado
ceftriaxona_alergia_cefalosporinas,ceftriaxona,alergia_cefalosporinas,precaution,moderate,A ceftriaxona é uma cefalosporina; está contraindicada em alergia prévia a cefalosporinas e exige precaução em alergia grave a penicilinas (reatividade cruzada).,Ceftriaxone is a cephalosporin; it is contraindicated in prior cephalosporin allergy and requires caution in severe penicillin allergy (cross-reactivity).,Contraindicada em alergia a cefalosporinas; precaução em alergia grave a penicilinas.,Contraindicated in cephalosporin allergy; caution in severe penicillin allergy.,DailyMed/FDA (NIH/NLM) — rótulo aprovado Ceftriaxona: https://dailymed.nlm.nih.gov/dailymed/drugInfo.cfm?setid=9efed4c4-72a7-4669-88ae-c80e882c1b37,DailyMed/FDA (NIH/NLM) — approved Ceftriaxone label: https://dailymed.nlm.nih.gov/dailymed/drugInfo.cfm?setid=9efed4c4-72a7-4669-88ae-c80e882c1b37,publicado
ceftriaxona_hiperbilirrubinemia_neonatal,ceftriaxona,hiperbilirrubinemia_neonatal,contraindication,moderate,A ceftriaxona desloca a bilirrubina da albumina e está contraindicada em recém-nascidos com hiperbilirrubinemia (risco de encefalopatia bilirrubínica).,Ceftriaxone displaces bilirubin from albumin and is contraindicated in neonates with hyperbilirubinaemia (risk of bilirubin encephalopathy).,Contraindicada em recém-nascidos com hiperbilirrubinemia; preferir alternativa.,Contraindicated in neonates with hyperbilirubinaemia; prefer an alternative.,DailyMed/FDA (NIH/NLM) — rótulo aprovado Ceftriaxona: https://dailymed.nlm.nih.gov/dailymed/drugInfo.cfm?setid=9efed4c4-72a7-4669-88ae-c80e882c1b37,DailyMed/FDA (NIH/NLM) — approved Ceftriaxone label: https://dailymed.nlm.nih.gov/dailymed/drugInfo.cfm?setid=9efed4c4-72a7-4669-88ae-c80e882c1b37,publicado
cefalexina_alergia_cefalosporinas,cefalexina,alergia_cefalosporinas,precaution,moderate,A cefalexina é uma cefalosporina; está contraindicada em alergia prévia a cefalosporinas e exige precaução em alergia grave a penicilinas.,Cephalexin is a cephalosporin; it is contraindicated in prior cephalosporin allergy and requires caution in severe penicillin allergy.,Contraindicada em alergia a cefalosporinas; precaução em alergia grave a penicilinas.,Contraindicated in cephalosporin allergy; caution in severe penicillin allergy.,DailyMed/FDA (NIH/NLM) — rótulo aprovado Cefalexina: https://dailymed.nlm.nih.gov/dailymed/drugInfo.cfm?setid=b73593ce-0b1f-4371-bae1-140742de3b42,DailyMed/FDA (NIH/NLM) — approved Cephalexin label: https://dailymed.nlm.nih.gov/dailymed/drugInfo.cfm?setid=b73593ce-0b1f-4371-bae1-140742de3b42,publicado
cefalexina_insuficiencia_renal,cefalexina,insuficiencia_renal,precaution,moderate,A cefalexina é excretada por via renal; na insuficiência renal é necessário ajustar a dose.,Cephalexin is renally excreted; in renal impairment the dose must be adjusted.,Ajustar a dose à função renal.,Adjust the dose to renal function.,DailyMed/FDA (NIH/NLM) — rótulo aprovado Cefalexina: https://dailymed.nlm.nih.gov/dailymed/drugInfo.cfm?setid=b73593ce-0b1f-4371-bae1-140742de3b42,DailyMed/FDA (NIH/NLM) — approved Cephalexin label: https://dailymed.nlm.nih.gov/dailymed/drugInfo.cfm?setid=b73593ce-0b1f-4371-bae1-140742de3b42,publicado
cefuroxima_alergia_cefalosporinas,cefuroxima,alergia_cefalosporinas,precaution,moderate,A cefuroxima é uma cefalosporina; está contraindicada em alergia prévia a cefalosporinas e exige precaução em alergia grave a penicilinas.,Cefuroxime is a cephalosporin; it is contraindicated in prior cephalosporin allergy and requires caution in severe penicillin allergy.,Contraindicada em alergia a cefalosporinas; precaução em alergia grave a penicilinas.,Contraindicated in cephalosporin allergy; caution in severe penicillin allergy.,DailyMed/FDA (NIH/NLM) — rótulo aprovado Cefuroxima Axetil: https://dailymed.nlm.nih.gov/dailymed/drugInfo.cfm?setid=76cec54f-d167-4298-951b-5411a3c47f4a,DailyMed/FDA (NIH/NLM) — approved Cefuroxime Axetil label: https://dailymed.nlm.nih.gov/dailymed/drugInfo.cfm?setid=76cec54f-d167-4298-951b-5411a3c47f4a,publicado
cefuroxima_insuficiencia_renal,cefuroxima,insuficiencia_renal,precaution,moderate,A cefuroxima é excretada por via renal; na insuficiência renal é necessário ajustar a dose.,Cefuroxime is renally excreted; in renal impairment the dose must be adjusted.,Ajustar a dose à função renal.,Adjust the dose to renal function.,DailyMed/FDA (NIH/NLM) — rótulo aprovado Cefuroxima Axetil: https://dailymed.nlm.nih.gov/dailymed/drugInfo.cfm?setid=76cec54f-d167-4298-951b-5411a3c47f4a,DailyMed/FDA (NIH/NLM) — approved Cefuroxime Axetil label: https://dailymed.nlm.nih.gov/dailymed/drugInfo.cfm?setid=76cec54f-d167-4298-951b-5411a3c47f4a,publicado
alprazolam_depressao_respiratoria,alprazolam,depressao_respiratoria,precaution,moderate,"As benzodiazepinas podem deprimir o centro respiratório, com risco aumentado em doença pulmonar grave (DPOC, apneia do sono).","Benzodiazepines can depress the respiratory centre, with an increased risk in severe lung disease (COPD, sleep apnoea).",Usar com precaução e considerar doses mais baixas em doentes com doença respiratória.,Use with caution and consider lower doses in patients with respiratory disease.,DailyMed/FDA (NIH/NLM) — rótulo aprovado Alprazolam: https://dailymed.nlm.nih.gov/dailymed/drugInfo.cfm?setid=0cf8b567-201b-44fa-8fd3-c74023aff44f,DailyMed/FDA (NIH/NLM) — approved Alprazolam label: https://dailymed.nlm.nih.gov/dailymed/drugInfo.cfm?setid=0cf8b567-201b-44fa-8fd3-c74023aff44f,publicado
alprazolam_doenca_hepatica,alprazolam,doenca_hepatica,precaution,moderate,O alprazolam é metabolizado no fígado; a insuficiência hepática reduz a sua eliminação e aumenta o risco de acumulação.,Alprazolam is metabolised in the liver; hepatic impairment reduces its elimination and increases the risk of accumulation.,Reduzir a dose e monitorizar sedação em doentes com insuficiência hepática.,Reduce the dose and monitor sedation in patients with hepatic impairment.,DailyMed/FDA (NIH/NLM) — rótulo aprovado Alprazolam: https://dailymed.nlm.nih.gov/dailymed/drugInfo.cfm?setid=0cf8b567-201b-44fa-8fd3-c74023aff44f,DailyMed/FDA (NIH/NLM) — approved Alprazolam label: https://dailymed.nlm.nih.gov/dailymed/drugInfo.cfm?setid=0cf8b567-201b-44fa-8fd3-c74023aff44f,publicado
amicacina_insuficiencia_renal,amicacina,insuficiencia_renal,precaution,moderate,A amicacina é eliminada por via renal; a insuficiência renal aumenta o risco de nefrotoxicidade e ototoxicidade.,Amikacin is eliminated renally; renal impairment increases the risk of nephrotoxicity and ototoxicity.,Ajustar a dose e o intervalo com base na função renal e monitorizar níveis séricos e função renal.,Adjust the dose and interval based on renal function and monitor serum levels and renal function.,DailyMed/FDA (NIH/NLM) — rótulo aprovado Amicacina: https://dailymed.nlm.nih.gov/dailymed/drugInfo.cfm?setid=f260ff2a-76a0-4672-9516-91c344b67890,DailyMed/FDA (NIH/NLM) — approved Amikacin label: https://dailymed.nlm.nih.gov/dailymed/drugInfo.cfm?setid=f260ff2a-76a0-4672-9516-91c344b67890,publicado
amicacina_hipoacusia_doenca_vestibular,amicacina,hipoacusia_doenca_vestibular,precaution,moderate,Os aminoglicosídeos são ototóxicos; doentes com hipoacusia ou doença vestibular prévia têm risco aumentado.,Aminoglycosides are ototoxic; patients with pre-existing hearing loss or vestibular disease are at increased risk.,"Monitorizar sintomas ototóxicos (tinitus, vertigem, hipoacusia) e considerar audiometria em tratamentos prolongados.","Monitor for ototoxic symptoms (tinnitus, vertigo, hearing loss) and consider audiometry in prolonged treatment.",DailyMed/FDA (NIH/NLM) — rótulo aprovado Amicacina: https://dailymed.nlm.nih.gov/dailymed/drugInfo.cfm?setid=f260ff2a-76a0-4672-9516-91c344b67890,DailyMed/FDA (NIH/NLM) — approved Amikacin label: https://dailymed.nlm.nih.gov/dailymed/drugInfo.cfm?setid=f260ff2a-76a0-4672-9516-91c344b67890,publicado
amlodipina_doenca_hepatica_grave,amlodipina,doenca_hepatica_grave,precaution,moderate,A amlodipina é extensamente metabolizada no fígado; a insuficiência hepática grave aumenta a semivida e o risco de efeitos adversos.,Amlodipine is extensively metabolised in the liver; severe hepatic impairment increases the half-life and the risk of adverse effects.,Iniciar com doses mais baixas e titular lentamente em doentes com insuficiência hepática.,Start with lower doses and titrate slowly in patients with hepatic impairment.,DailyMed/FDA (NIH/NLM) — rótulo aprovado Amlodipina: https://dailymed.nlm.nih.gov/dailymed/drugInfo.cfm?setid=edf9b22c-e37e-4b4e-8a64-20bb036c7d2d,DailyMed/FDA (NIH/NLM) — approved Amlodipine label: https://dailymed.nlm.nih.gov/dailymed/drugInfo.cfm?setid=edf9b22c-e37e-4b4e-8a64-20bb036c7d2d,publicado
amlodipina_estenose_aortica,amlodipina,estenose_aortica,precaution,moderate,A vasodilatação induzida pela amlodipina pode causar hipotensão significativa em doentes com estenose aórtica grave.,Amlodipine-induced vasodilation can cause significant hypotension in patients with severe aortic stenosis.,Usar com precaução e monitorizar a pressão arterial.,Use with caution and monitor blood pressure.,DailyMed/FDA (NIH/NLM) — rótulo aprovado Amlodipina: https://dailymed.nlm.nih.gov/dailymed/drugInfo.cfm?setid=edf9b22c-e37e-4b4e-8a64-20bb036c7d2d,DailyMed/FDA (NIH/NLM) — approved Amlodipine label: https://dailymed.nlm.nih.gov/dailymed/drugInfo.cfm?setid=edf9b22c-e37e-4b4e-8a64-20bb036c7d2d,publicado
amoxicilina_alergia_penicilinas,amoxicilina,alergia_penicilinas,contraindication,critical,A amoxicilina está contraindicada em doentes com alergia documentada às penicilinas (risco de anafilaxia).,Amoxicillin is contraindicated in patients with documented penicillin allergy (risk of anaphylaxis).,Confirmar história de alergia antes de prescrever; considerar alternativa de outra classe.,Confirm allergy history before prescribing; consider an alternative class.,DailyMed/FDA (NIH/NLM) — rótulo aprovado Amoxicilina (cápsulas): https://dailymed.nlm.nih.gov/dailymed/drugInfo.cfm?setid=afb4149a-0714-4a85-b9e8-2379a8e6a302,DailyMed/FDA (NIH/NLM) — approved Amoxicillin label (capsules): https://dailymed.nlm.nih.gov/dailymed/drugInfo.cfm?setid=afb4149a-0714-4a85-b9e8-2379a8e6a302,publicado
amoxicilina_mononucleose_infecciosa,amoxicilina,mononucleose_infecciosa,precaution,moderate,A amoxicilina em doentes com mononucleose infecciosa causa frequentemente erupção cutânea maculopapular.,Amoxicillin in patients with infectious mononucleosis frequently causes a maculopapular rash.,Evitar amoxicilina/ampicilina na mononucleose; considerar alternativa.,Avoid amoxicillin/ampicillin in mononucleosis; consider an alternative.,DailyMed/FDA (NIH/NLM) — rótulo aprovado Amoxicilina (cápsulas): https://dailymed.nlm.nih.gov/dailymed/drugInfo.cfm?setid=afb4149a-0714-4a85-b9e8-2379a8e6a302,DailyMed/FDA (NIH/NLM) — approved Amoxicillin label (capsules): https://dailymed.nlm.nih.gov/dailymed/drugInfo.cfm?setid=afb4149a-0714-4a85-b9e8-2379a8e6a302,publicado
benzilpenicilina-benzatina_alergia_penicilinas,benzilpenicilina-benzatina,alergia_penicilinas,contraindication,critical,A benzilpenicilina benzatina está contraindicada em doentes com alergia documentada às penicilinas (risco de anafilaxia).,Benzathine benzylpenicillin is contraindicated in patients with documented penicillin allergy (risk of anaphylaxis).,Confirmar história de alergia antes de administrar; considerar alternativa de outra classe.,Confirm allergy history before administering; consider an alternative class.,DailyMed/FDA (NIH/NLM) — rótulo aprovado Bicillin L-A (Pfizer): https://dailymed.nlm.nih.gov/dailymed/drugInfo.cfm?setid=012d46f1-d0a0-4676-a879-cd320297ab16,DailyMed/FDA (NIH/NLM) — approved Bicillin L-A label (Pfizer): https://dailymed.nlm.nih.gov/dailymed/drugInfo.cfm?setid=012d46f1-d0a0-4676-a879-cd320297ab16,publicado
benzilpenicilina-benzatina_insuficiencia_renal,benzilpenicilina-benzatina,insuficiencia_renal,precaution,moderate,"A eliminação da penicilina G é reduzida na insuficiência renal, com risco de neurotoxicidade em doses elevadas.","Penicillin G elimination is reduced in renal impairment, with a risk of neurotoxicity at high doses.",Ajustar o intervalo de administração em insuficiência renal grave.,Adjust the dosing interval in severe renal impairment.,DailyMed/FDA (NIH/NLM) — rótulo aprovado Bicillin L-A (Pfizer): https://dailymed.nlm.nih.gov/dailymed/drugInfo.cfm?setid=012d46f1-d0a0-4676-a879-cd320297ab16,DailyMed/FDA (NIH/NLM) — approved Bicillin L-A label (Pfizer): https://dailymed.nlm.nih.gov/dailymed/drugInfo.cfm?setid=012d46f1-d0a0-4676-a879-cd320297ab16,publicado
cefazolina_alergia_cefalosporinas,cefazolina,alergia_cefalosporinas,contraindication,critical,A cefazolina está contraindicada em doentes com alergia documentada às cefalosporinas (risco de anafilaxia).,Cefazolin is contraindicated in patients with documented cephalosporin allergy (risk of anaphylaxis).,Confirmar história de alergia antes de administrar.,Confirm allergy history before administering.,DailyMed/FDA (NIH/NLM) — rótulo aprovado Cefazolin Injection (WG Critical Care): https://dailymed.nlm.nih.gov/dailymed/drugInfo.cfm?setid=1999084a-124c-45f9-801f-416a1b942c96,DailyMed/FDA (NIH/NLM) — approved Cefazolin Injection label (WG Critical Care): https://dailymed.nlm.nih.gov/dailymed/drugInfo.cfm?setid=1999084a-124c-45f9-801f-416a1b942c96,publicado
cefazolina_insuficiencia_renal,cefazolina,insuficiencia_renal,precaution,moderate,A cefazolina é eliminada por via renal; a insuficiência renal requer ajuste de dose.,Cefazolin is eliminated renally; renal impairment requires dose adjustment.,Ajustar a dose com base na função renal.,Adjust the dose based on renal function.,DailyMed/FDA (NIH/NLM) — rótulo aprovado Cefazolin Injection (WG Critical Care): https://dailymed.nlm.nih.gov/dailymed/drugInfo.cfm?setid=1999084a-124c-45f9-801f-416a1b942c96,DailyMed/FDA (NIH/NLM) — approved Cefazolin Injection label (WG Critical Care): https://dailymed.nlm.nih.gov/dailymed/drugInfo.cfm?setid=1999084a-124c-45f9-801f-416a1b942c96,publicado
cefepima_alergia_cefalosporinas,cefepima,alergia_cefalosporinas,contraindication,critical,A cefepima está contraindicada em doentes com alergia documentada às cefalosporinas (risco de anafilaxia).,Cefepime is contraindicated in patients with documented cephalosporin allergy (risk of anaphylaxis).,Confirmar história de alergia antes de administrar.,Confirm allergy history before administering.,DailyMed/FDA (NIH/NLM) — rótulo aprovado Cefepime Injection (WG Critical Care): https://dailymed.nlm.nih.gov/dailymed/drugInfo.cfm?setid=5fd857e5-591f-44ca-80cf-fd903660b03c,DailyMed/FDA (NIH/NLM) — approved Cefepime Injection label (WG Critical Care): https://dailymed.nlm.nih.gov/dailymed/drugInfo.cfm?setid=5fd857e5-591f-44ca-80cf-fd903660b03c,publicado
cefepima_insuficiencia_renal,cefepima,insuficiencia_renal,precaution,moderate,A cefepima é eliminada por via renal; a insuficiência renal requer ajuste de dose e monitorização (risco de neurotoxicidade em doses não ajustadas).,Cefepime is eliminated renally; renal impairment requires dose adjustment and monitoring (risk of neurotoxicity at unadjusted doses).,Ajustar a dose com base na função renal e monitorizar sintomas neurológicos.,Adjust the dose based on renal function and monitor neurological symptoms.,DailyMed/FDA (NIH/NLM) — rótulo aprovado Cefepime Injection (WG Critical Care): https://dailymed.nlm.nih.gov/dailymed/drugInfo.cfm?setid=5fd857e5-591f-44ca-80cf-fd903660b03c,DailyMed/FDA (NIH/NLM) — approved Cefepime Injection label (WG Critical Care): https://dailymed.nlm.nih.gov/dailymed/drugInfo.cfm?setid=5fd857e5-591f-44ca-80cf-fd903660b03c,publicado
cefotaxima_alergia_cefalosporinas,cefotaxima,alergia_cefalosporinas,contraindication,critical,A cefotaxima está contraindicada em doentes com alergia documentada às cefalosporinas (risco de anafilaxia).,Cefotaxime is contraindicated in patients with documented cephalosporin allergy (risk of anaphylaxis).,Confirmar história de alergia antes de administrar.,Confirm allergy history before administering.,DailyMed/FDA (NIH/NLM) — rótulo aprovado Cefotaxime Injection: https://dailymed.nlm.nih.gov/dailymed/drugInfo.cfm?setid=8efe3bd0-c43a-2bd6-e053-2a95a90a92fa,DailyMed/FDA (NIH/NLM) — approved Cefotaxime Injection label: https://dailymed.nlm.nih.gov/dailymed/drugInfo.cfm?setid=8efe3bd0-c43a-2bd6-e053-2a95a90a92fa,publicado
cefotaxima_insuficiencia_renal,cefotaxima,insuficiencia_renal,precaution,moderate,A cefotaxima é eliminada por via renal; a insuficiência renal requer ajuste de dose.,Cefotaxime is eliminated renally; renal impairment requires dose adjustment.,Ajustar a dose com base na função renal.,Adjust the dose based on renal function.,DailyMed/FDA (NIH/NLM) — rótulo aprovado Cefotaxime Injection: https://dailymed.nlm.nih.gov/dailymed/drugInfo.cfm?setid=8efe3bd0-c43a-2bd6-e053-2a95a90a92fa,DailyMed/FDA (NIH/NLM) — approved Cefotaxime Injection label: https://dailymed.nlm.nih.gov/dailymed/drugInfo.cfm?setid=8efe3bd0-c43a-2bd6-e053-2a95a90a92fa,publicado
ceftazidima_alergia_cefalosporinas,ceftazidima,alergia_cefalosporinas,contraindication,critical,A ceftazidima está contraindicada em doentes com alergia documentada às cefalosporinas (risco de anafilaxia).,Ceftazidime is contraindicated in patients with documented cephalosporin allergy (risk of anaphylaxis).,Confirmar história de alergia antes de administrar.,Confirm allergy history before administering.,DailyMed/FDA (NIH/NLM) — rótulo aprovado Ceftazidima: https://dailymed.nlm.nih.gov/dailymed/drugInfo.cfm?setid=78982c98-7866-49f1-989f-a289c4242358,DailyMed/FDA (NIH/NLM) — approved Ceftazidime label: https://dailymed.nlm.nih.gov/dailymed/drugInfo.cfm?setid=78982c98-7866-49f1-989f-a289c4242358,publicado
ceftazidima_insuficiencia_renal,ceftazidima,insuficiencia_renal,precaution,moderate,A ceftazidima é eliminada por via renal; a insuficiência renal requer ajuste de dose (risco de neurotoxicidade).,Ceftazidime is eliminated renally; renal impairment requires dose adjustment (risk of neurotoxicity).,Ajustar a dose com base na função renal.,Adjust the dose based on renal function.,DailyMed/FDA (NIH/NLM) — rótulo aprovado Ceftazidima: https://dailymed.nlm.nih.gov/dailymed/drugInfo.cfm?setid=78982c98-7866-49f1-989f-a289c4242358,DailyMed/FDA (NIH/NLM) — approved Ceftazidime label: https://dailymed.nlm.nih.gov/dailymed/drugInfo.cfm?setid=78982c98-7866-49f1-989f-a289c4242358,publicado
clozapina_agranulocitose_historico,clozapina,agranulocitose_historico,precaution,moderate,A clozapina pode causar agranulocitose; doentes com história de agranulocitose ou discrasias sanguíneas têm risco aumentado.,Clozapine can cause agranulocytosis; patients with a history of agranulocytosis or blood dyscrasias are at increased risk.,Monitorizar hemograma de acordo com o protocolo (semanalmente nas primeiras 18 semanas).,Monitor the blood count according to the protocol (weekly for the first 18 weeks).,DailyMed/FDA (NIH/NLM) — rótulo aprovado Clozapina: https://dailymed.nlm.nih.gov/dailymed/drugInfo.cfm?setid=61fe53d5-ed5c-4e45-9189-709d08d386cb,DailyMed/FDA (NIH/NLM) — approved Clozapine label: https://dailymed.nlm.nih.gov/dailymed/drugInfo.cfm?setid=61fe53d5-ed5c-4e45-9189-709d08d386cb,publicado
clozapina_epilepsia,clozapina,epilepsia,precaution,moderate,"A clozapina reduz o limiar convulsivo, com risco aumentado de convulsões em doentes com epilepsia.","Clozapine lowers the seizure threshold, with an increased risk of seizures in patients with epilepsy.","Usar com precaução, titular lentamente e considerar doses mais baixas.","Use with caution, titrate slowly and consider lower doses.",DailyMed/FDA (NIH/NLM) — rótulo aprovado Clozapina: https://dailymed.nlm.nih.gov/dailymed/drugInfo.cfm?setid=61fe53d5-ed5c-4e45-9189-709d08d386cb,DailyMed/FDA (NIH/NLM) — approved Clozapine label: https://dailymed.nlm.nih.gov/dailymed/drugInfo.cfm?setid=61fe53d5-ed5c-4e45-9189-709d08d386cb,publicado
daptomicina_insuficiencia_renal,daptomicina,insuficiencia_renal,precaution,moderate,A daptomicina é eliminada por via renal; a insuficiência renal requer ajuste de dose.,Daptomycin is eliminated renally; renal impairment requires dose adjustment.,Ajustar a dose com base na função renal (CrCl < 30 ml/min).,Adjust the dose based on renal function (CrCl < 30 ml/min).,DailyMed/FDA (NIH/NLM) — rótulo aprovado Daptomicina: https://dailymed.nlm.nih.gov/dailymed/drugInfo.cfm?setid=f4ad8613-f25e-4b82-9621-cc5ff9525d3e,DailyMed/FDA (NIH/NLM) — approved Daptomycin label: https://dailymed.nlm.nih.gov/dailymed/drugInfo.cfm?setid=f4ad8613-f25e-4b82-9621-cc5ff9525d3e,publicado
daptomicina_fatores_rabdomiolise,daptomicina,fatores_rabdomiolise,precaution,moderate,"A daptomicina pode causar miopatia/rabdomiólise; o risco é maior com doses elevadas, estatina concomitante ou insuficiência renal.","Daptomycin can cause myopathy/rhabdomyolysis; the risk is higher with high doses, concomitant statins or renal impairment.",Monitorizar CPK semanalmente e vigiar sintomas musculares.,Monitor CK weekly and watch for muscle symptoms.,DailyMed/FDA (NIH/NLM) — rótulo aprovado Daptomicina: https://dailymed.nlm.nih.gov/dailymed/drugInfo.cfm?setid=f4ad8613-f25e-4b82-9621-cc5ff9525d3e,DailyMed/FDA (NIH/NLM) — approved Daptomycin label: https://dailymed.nlm.nih.gov/dailymed/drugInfo.cfm?setid=f4ad8613-f25e-4b82-9621-cc5ff9525d3e,publicado
fenitoina_doenca_hepatica,fenitoina,doenca_hepatica,precaution,moderate,A fenitoína é extensamente metabolizada no fígado; a insuficiência hepática altera os níveis e aumenta o risco de toxicidade.,Phenytoin is extensively metabolised in the liver; hepatic impairment alters levels and increases the risk of toxicity.,Monitorizar níveis de fenitoína e ajustar a dose; vigiar sinais de toxicidade.,Monitor phenytoin levels and adjust the dose; watch for signs of toxicity.,DailyMed/FDA (NIH/NLM) — rótulo aprovado Fenitoína: https://dailymed.nlm.nih.gov/dailymed/drugInfo.cfm?setid=ef4e97a7-cd18-47a9-a016-2eca5481a87e,DailyMed/FDA (NIH/NLM) — approved Phenytoin label: https://dailymed.nlm.nih.gov/dailymed/drugInfo.cfm?setid=ef4e97a7-cd18-47a9-a016-2eca5481a87e,publicado
fenitoina_porfiria,fenitoina,porfiria,precaution,moderate,A fenitoína pode precipitar crises agudas de porfiria em doentes suscetíveis.,Phenytoin can precipitate acute porphyria attacks in susceptible patients.,Evitar ou usar com muita precaução em doentes com porfiria.,Avoid or use with great caution in patients with porphyria.,DailyMed/FDA (NIH/NLM) — rótulo aprovado Fenitoína: https://dailymed.nlm.nih.gov/dailymed/drugInfo.cfm?setid=ef4e97a7-cd18-47a9-a016-2eca5481a87e,DailyMed/FDA (NIH/NLM) — approved Phenytoin label: https://dailymed.nlm.nih.gov/dailymed/drugInfo.cfm?setid=ef4e97a7-cd18-47a9-a016-2eca5481a87e,publicado
fenobarbital_porfiria,fenobarbital,porfiria,contraindication,critical,"O fenobarbital está contraindicado na porfiria, pois induz a síntese de porfirinas e precipita crises agudas.","Phenobarbital is contraindicated in porphyria, as it induces porphyrin synthesis and precipitates acute attacks.",Não utilizar em doentes com porfiria; considerar alternativa.,Do not use in patients with porphyria; consider an alternative.,DailyMed/FDA (NIH/NLM) — rótulo aprovado Fenobarbital: https://dailymed.nlm.nih.gov/dailymed/drugInfo.cfm?setid=fa09b4f2-edb0-4594-a2d2-b16f7b9686b4,DailyMed/FDA (NIH/NLM) — approved Phenobarbital label: https://dailymed.nlm.nih.gov/dailymed/drugInfo.cfm?setid=fa09b4f2-edb0-4594-a2d2-b16f7b9686b4,publicado
fenobarbital_depressao_respiratoria,fenobarbital,depressao_respiratoria,precaution,moderate,"O fenobarbital deprime o sistema nervoso central e o centro respiratório, com risco aumentado em doença pulmonar grave.","Phenobarbital depresses the central nervous system and the respiratory centre, with an increased risk in severe lung disease.",Usar com precaução em doença respiratória grave e monitorizar a sedação.,Use with caution in severe respiratory disease and monitor sedation.,DailyMed/FDA (NIH/NLM) — rótulo aprovado Fenobarbital: https://dailymed.nlm.nih.gov/dailymed/drugInfo.cfm?setid=fa09b4f2-edb0-4594-a2d2-b16f7b9686b4,DailyMed/FDA (NIH/NLM) — approved Phenobarbital label: https://dailymed.nlm.nih.gov/dailymed/drugInfo.cfm?setid=fa09b4f2-edb0-4594-a2d2-b16f7b9686b4,publicado
fenoximetilpenicilina_alergia_penicilinas,fenoximetilpenicilina,alergia_penicilinas,contraindication,critical,A fenoximetilpenicilina está contraindicada em doentes com alergia documentada às penicilinas (risco de anafilaxia).,Phenoxymethylpenicillin is contraindicated in patients with documented penicillin allergy (risk of anaphylaxis).,Confirmar história de alergia antes de prescrever.,Confirm allergy history before prescribing.,DailyMed/FDA (NIH/NLM) — rótulo aprovado Penicillin V Potassium: https://dailymed.nlm.nih.gov/dailymed/drugInfo.cfm?setid=64ac283c-fe6a-49f0-ae85-90ab98e38272,DailyMed/FDA (NIH/NLM) — approved Penicillin V Potassium label: https://dailymed.nlm.nih.gov/dailymed/drugInfo.cfm?setid=64ac283c-fe6a-49f0-ae85-90ab98e38272,publicado
fenoximetilpenicilina_insuficiencia_renal,fenoximetilpenicilina,insuficiencia_renal,precaution,moderate,"A eliminação da fenoximetilpenicilina é reduzida na insuficiência renal grave, com risco de acumulação.","Phenoxymethylpenicillin elimination is reduced in severe renal impairment, with a risk of accumulation.",Ajustar o intervalo em insuficiência renal grave.,Adjust the interval in severe renal impairment.,DailyMed/FDA (NIH/NLM) — rótulo aprovado Penicillin V Potassium: https://dailymed.nlm.nih.gov/dailymed/drugInfo.cfm?setid=64ac283c-fe6a-49f0-ae85-90ab98e38272,DailyMed/FDA (NIH/NLM) — approved Penicillin V Potassium label: https://dailymed.nlm.nih.gov/dailymed/drugInfo.cfm?setid=64ac283c-fe6a-49f0-ae85-90ab98e38272,publicado
fluoxetina_doenca_hepatica,fluoxetina,doenca_hepatica,precaution,moderate,A fluoxetina é metabolizada no fígado; a insuficiência hepática reduz a eliminação e aumenta o risco de acumulação.,Fluoxetine is metabolised in the liver; hepatic impairment reduces elimination and increases the risk of accumulation.,Reduzir a dose e monitorizar efeitos adversos em insuficiência hepática.,Reduce the dose and monitor adverse effects in hepatic impairment.,DailyMed/FDA (NIH/NLM) — rótulo aprovado Fluoxetina: https://dailymed.nlm.nih.gov/dailymed/drugInfo.cfm?setid=583c5021-2948-7db4-e063-6294a90ae7dc,DailyMed/FDA (NIH/NLM) — approved Fluoxetine label: https://dailymed.nlm.nih.gov/dailymed/drugInfo.cfm?setid=583c5021-2948-7db4-e063-6294a90ae7dc,publicado
fluoxetina_prolongamento_qt,fluoxetina,prolongamento_qt,precaution,moderate,A fluoxetina pode prolongar o intervalo QT; o risco é maior em doses elevadas e em doentes com fatores de risco.,Fluoxetine can prolong the QT interval; the risk is higher at high doses and in patients with risk factors.,Vigiar ECG em doentes com fatores de risco e evitar associações que prolonguem o QT.,Monitor the ECG in patients with risk factors and avoid QT-prolonging combinations.,DailyMed/FDA (NIH/NLM) — rótulo aprovado Fluoxetina: https://dailymed.nlm.nih.gov/dailymed/drugInfo.cfm?setid=583c5021-2948-7db4-e063-6294a90ae7dc,DailyMed/FDA (NIH/NLM) — approved Fluoxetine label: https://dailymed.nlm.nih.gov/dailymed/drugInfo.cfm?setid=583c5021-2948-7db4-e063-6294a90ae7dc,publicado
fosfomicina_insuficiencia_renal,fosfomicina,insuficiencia_renal,precaution,moderate,A fosfomicina é eliminada por via renal; a insuficiência renal pode exigir ajuste da dose ou do intervalo.,Fosfomycin is eliminated renally; renal impairment may require dose or interval adjustment.,"Ajustar com base na função renal (dose única habitualmente não ajustada, mas reavaliar em IR grave).","Adjust based on renal function (single dose usually unadjusted, but reassess in severe RI).",DailyMed/FDA (NIH/NLM) — rótulo aprovado Fosfomicina trometamol: https://dailymed.nlm.nih.gov/dailymed/drugInfo.cfm?setid=4f206750-8126-99a3-e063-6294a90ade4c,DailyMed/FDA (NIH/NLM) — approved Fosfomycin trometamol label: https://dailymed.nlm.nih.gov/dailymed/drugInfo.cfm?setid=4f206750-8126-99a3-e063-6294a90ade4c,publicado
fosfomicina_hipertensao,fosfomicina,hipertensao,precaution,moderate,"A fosfomicina trometamol contém uma quantidade relevante de sódio, que pode agravar a hipertensão e a insuficiência cardíaca.","Fosfomycin trometamol contains a relevant amount of sodium, which can worsen hypertension and heart failure.",Considerar o teor de sódio em doentes com hipertensão não controlada ou insuficiência cardíaca.,Consider the sodium content in patients with uncontrolled hypertension or heart failure.,DailyMed/FDA (NIH/NLM) — rótulo aprovado Fosfomicina trometamol: https://dailymed.nlm.nih.gov/dailymed/drugInfo.cfm?setid=4f206750-8126-99a3-e063-6294a90ade4c,DailyMed/FDA (NIH/NLM) — approved Fosfomycin trometamol label: https://dailymed.nlm.nih.gov/dailymed/drugInfo.cfm?setid=4f206750-8126-99a3-e063-6294a90ade4c,publicado
gentamicina_insuficiencia_renal,gentamicina,insuficiencia_renal,precaution,moderate,A gentamicina é eliminada por via renal; a insuficiência renal aumenta o risco de nefrotoxicidade e ototoxicidade.,Gentamicin is eliminated renally; renal impairment increases the risk of nephrotoxicity and ototoxicity.,Ajustar a dose e monitorizar níveis séricos e função renal.,Adjust the dose and monitor serum levels and renal function.,DailyMed/FDA (NIH/NLM) — rótulo aprovado Gentamicina: https://dailymed.nlm.nih.gov/dailymed/drugInfo.cfm?setid=441b6232-bb60-40ad-85ec-7c41ba43fd5f,DailyMed/FDA (NIH/NLM) — approved Gentamicin label: https://dailymed.nlm.nih.gov/dailymed/drugInfo.cfm?setid=441b6232-bb60-40ad-85ec-7c41ba43fd5f,publicado
gentamicina_hipoacusia_doenca_vestibular,gentamicina,hipoacusia_doenca_vestibular,precaution,moderate,Os aminoglicosídeos são ototóxicos; doentes com hipoacusia ou doença vestibular prévia têm risco aumentado.,Aminoglycosides are ototoxic; patients with pre-existing hearing loss or vestibular disease are at increased risk.,Monitorizar sintomas ototóxicos e considerar audiometria em tratamentos prolongados.,Monitor for ototoxic symptoms and consider audiometry in prolonged treatment.,DailyMed/FDA (NIH/NLM) — rótulo aprovado Gentamicina: https://dailymed.nlm.nih.gov/dailymed/drugInfo.cfm?setid=441b6232-bb60-40ad-85ec-7c41ba43fd5f,DailyMed/FDA (NIH/NLM) — approved Gentamicin label: https://dailymed.nlm.nih.gov/dailymed/drugInfo.cfm?setid=441b6232-bb60-40ad-85ec-7c41ba43fd5f,publicado
haloperidol_prolongamento_qt,haloperidol,prolongamento_qt,precaution,moderate,"O haloperidol pode prolongar o intervalo QT e causar torsade de pointes, sobretudo em doses elevadas ou com fatores de risco.","Haloperidol can prolong the QT interval and cause torsade de pointes, especially at high doses or with risk factors.",Vigiar ECG e eletrólitos; evitar associações que prolonguem o QT.,Monitor the ECG and electrolytes; avoid QT-prolonging combinations.,DailyMed/FDA (NIH/NLM) — rótulo aprovado Haloperidol: https://dailymed.nlm.nih.gov/dailymed/drugInfo.cfm?setid=e2eed126-cb82-42b1-9b48-9cbeb6873b50,DailyMed/FDA (NIH/NLM) — approved Haloperidol label: https://dailymed.nlm.nih.gov/dailymed/drugInfo.cfm?setid=e2eed126-cb82-42b1-9b48-9cbeb6873b50,publicado
haloperidol_doenca_parkinson,haloperidol,doenca_parkinson,precaution,moderate,Os antipsicóticos bloqueiam os recetores dopaminérgicos e podem agravar os sintomas da doença de Parkinson.,Antipsychotics block dopaminergic receptors and can worsen the symptoms of Parkinson disease.,Evitar ou usar com muita precaução em doentes com doença de Parkinson.,Avoid or use with great caution in patients with Parkinson disease.,DailyMed/FDA (NIH/NLM) — rótulo aprovado Haloperidol: https://dailymed.nlm.nih.gov/dailymed/drugInfo.cfm?setid=e2eed126-cb82-42b1-9b48-9cbeb6873b50,DailyMed/FDA (NIH/NLM) — approved Haloperidol label: https://dailymed.nlm.nih.gov/dailymed/drugInfo.cfm?setid=e2eed126-cb82-42b1-9b48-9cbeb6873b50,publicado
lamotrigina_sindrome_hipersensibilidade,lamotrigina,sindrome_hipersensibilidade,precaution,moderate,A lamotrigina pode causar erupção cutânea grave (SJS/TEN); o risco é maior com titulação rápida e em doentes suscetíveis.,Lamotrigine can cause severe skin rash (SJS/TEN); the risk is higher with rapid titration and in susceptible patients.,Titular lentamente conforme o protocolo e suspender perante qualquer erupção cutânea.,Titrate slowly per protocol and stop at any skin rash.,DailyMed/FDA (NIH/NLM) — rótulo aprovado Lamotrigina: https://dailymed.nlm.nih.gov/dailymed/drugInfo.cfm?setid=57f04b9b-06cd-8044-e063-6394a90ae733,DailyMed/FDA (NIH/NLM) — approved Lamotrigine label: https://dailymed.nlm.nih.gov/dailymed/drugInfo.cfm?setid=57f04b9b-06cd-8044-e063-6394a90ae733,publicado
lamotrigina_doenca_renal_cronica,lamotrigina,doenca_renal_cronica,precaution,moderate,A lamotrigina é eliminada por via renal; a insuficiência renal reduz a depuração e aumenta o risco de toxicidade.,Lamotrigine is eliminated renally; renal impairment reduces clearance and increases the risk of toxicity.,Reduzir a dose de manutenção em insuficiência renal e ajustar na hemodiálise.,Reduce the maintenance dose in renal impairment and adjust in haemodialysis.,DailyMed/FDA (NIH/NLM) — rótulo aprovado Lamotrigina: https://dailymed.nlm.nih.gov/dailymed/drugInfo.cfm?setid=57f04b9b-06cd-8044-e063-6394a90ae733,DailyMed/FDA (NIH/NLM) — approved Lamotrigine label: https://dailymed.nlm.nih.gov/dailymed/drugInfo.cfm?setid=57f04b9b-06cd-8044-e063-6394a90ae733,publicado
litio_insuficiencia_renal,litio,insuficiencia_renal,precaution,moderate,O lítio é eliminado quase exclusivamente por via renal; a insuficiência renal reduz a depuração e aumenta o risco de toxicidade.,Lithium is eliminated almost exclusively renally; renal impairment reduces clearance and increases the risk of toxicity.,Monitorizar a litemia com frequência e ajustar a dose; evitar AINEs e diuréticos tiazídicos.,Monitor serum lithium frequently and adjust the dose; avoid NSAIDs and thiazide diuretics.,DailyMed/FDA (NIH/NLM) — rótulo aprovado Lítio: https://dailymed.nlm.nih.gov/dailymed/drugInfo.cfm?setid=0e6b0a2d-b79c-44d8-b785-5267df9e8f72,DailyMed/FDA (NIH/NLM) — approved Lithium label: https://dailymed.nlm.nih.gov/dailymed/drugInfo.cfm?setid=0e6b0a2d-b79c-44d8-b785-5267df9e8f72,publicado
litio_hiponatremia,litio,hiponatremia,precaution,moderate,"A depleção de sódio (dieta pobre em sal, diuréticos, desidratação) aumenta a reabsorção tubular do lítio e a litemia.","Sodium depletion (low-salt diet, diuretics, dehydration) increases tubular lithium reabsorption and serum lithium.",Corrigir e evitar fatores de depleção de sódio; monitorizar litemia e eletrólitos.,Correct and avoid sodium-depleting factors; monitor serum lithium and electrolytes.,DailyMed/FDA (NIH/NLM) — rótulo aprovado Lítio: https://dailymed.nlm.nih.gov/dailymed/drugInfo.cfm?setid=0e6b0a2d-b79c-44d8-b785-5267df9e8f72,DailyMed/FDA (NIH/NLM) — approved Lithium label: https://dailymed.nlm.nih.gov/dailymed/drugInfo.cfm?setid=0e6b0a2d-b79c-44d8-b785-5267df9e8f72,publicado
moxifloxacina_prolongamento_qt,moxifloxacina,prolongamento_qt,precaution,moderate,A moxifloxacina prolonga o intervalo QT de forma significativa; evitar em doentes com QT prolongado ou fatores de risco.,Moxifloxacin prolongs the QT interval significantly; avoid in patients with QT prolongation or risk factors.,Vigiar ECG e eletrólitos; evitar associações que prolonguem o QT.,Monitor the ECG and electrolytes; avoid QT-prolonging combinations.,DailyMed/FDA (NIH/NLM) — rótulo aprovado Moxifloxacina: https://dailymed.nlm.nih.gov/dailymed/drugInfo.cfm?setid=1ed191f5-7df5-488c-bb72-91ac0b618d9a,DailyMed/FDA (NIH/NLM) — approved Moxifloxacin label: https://dailymed.nlm.nih.gov/dailymed/drugInfo.cfm?setid=1ed191f5-7df5-488c-bb72-91ac0b618d9a,publicado
moxifloxacina_tendinopatia,moxifloxacina,tendinopatia,precaution,moderate,"As fluoroquinolonas aumentam o risco de tendinite e rutura do tendão, sobretudo no tendão de Aquiles.","Fluoroquinolones increase the risk of tendinitis and tendon rupture, especially of the Achilles tendon.",Suspender ao primeiro sinal de dor ou inflamação tendinosa; precaução em idosos e com corticosteroides.,Stop at the first sign of tendon pain or inflammation; caution in the elderly and with corticosteroids.,DailyMed/FDA (NIH/NLM) — rótulo aprovado Moxifloxacina: https://dailymed.nlm.nih.gov/dailymed/drugInfo.cfm?setid=1ed191f5-7df5-488c-bb72-91ac0b618d9a,DailyMed/FDA (NIH/NLM) — approved Moxifloxacin label: https://dailymed.nlm.nih.gov/dailymed/drugInfo.cfm?setid=1ed191f5-7df5-488c-bb72-91ac0b618d9a,publicado
nitroglicerina_estenose_hipertrofica,nitroglicerina,estenose_hipertrofica,precaution,moderate,A vasodilatação induzida pela nitroglicerina pode agravar a obstrução do trato de saída na cardiomiopatia hipertrófica obstrutiva.,Nitroglycerin-induced vasodilation can worsen outflow tract obstruction in hypertrophic obstructive cardiomyopathy.,Usar com precaução e monitorizar sintomas nesta população.,Use with caution and monitor symptoms in this population.,DailyMed/FDA (NIH/NLM) — rótulo aprovado Nitroglicerina: https://dailymed.nlm.nih.gov/dailymed/drugInfo.cfm?setid=3c11c1c2-8e62-4f63-8293-2f8b8d845f7e,DailyMed/FDA (NIH/NLM) — approved Nitroglycerin label: https://dailymed.nlm.nih.gov/dailymed/drugInfo.cfm?setid=3c11c1c2-8e62-4f63-8293-2f8b8d845f7e,publicado
nitroglicerina_hipotensao_nao_controlada,nitroglicerina,hipotensao_nao_controlada,precaution,moderate,A nitroglicerina é um vasodilatador potente e pode agravar a hipotensão pré-existente.,Nitroglycerin is a potent vasodilator and can worsen pre-existing hypotension.,Evitar em hipotensão não controlada e monitorizar a pressão arterial durante o uso.,Avoid in uncontrolled hypotension and monitor blood pressure during use.,DailyMed/FDA (NIH/NLM) — rótulo aprovado Nitroglicerina: https://dailymed.nlm.nih.gov/dailymed/drugInfo.cfm?setid=3c11c1c2-8e62-4f63-8293-2f8b8d845f7e,DailyMed/FDA (NIH/NLM) — approved Nitroglycerin label: https://dailymed.nlm.nih.gov/dailymed/drugInfo.cfm?setid=3c11c1c2-8e62-4f63-8293-2f8b8d845f7e,publicado
paracetamol_doenca_hepatica,paracetamol,doenca_hepatica,precaution,moderate,O paracetamol é hepatotóxico em doses elevadas; doentes com doença hepática têm risco aumentado de lesão hepática.,Paracetamol is hepatotoxic at high doses; patients with liver disease are at increased risk of liver injury.,Reduzir a dose diária máxima e evitar o uso prolongado em doença hepática.,Reduce the maximum daily dose and avoid prolonged use in liver disease.,DailyMed/FDA (NIH/NLM) — rótulo aprovado Paracetamol: https://dailymed.nlm.nih.gov/dailymed/drugInfo.cfm?setid=4c737cd6-fe56-4cef-887c-cd6cf83b254c,DailyMed/FDA (NIH/NLM) — approved Paracetamol label: https://dailymed.nlm.nih.gov/dailymed/drugInfo.cfm?setid=4c737cd6-fe56-4cef-887c-cd6cf83b254c,publicado
paracetamol_alcoolismo,paracetamol,alcoolismo,precaution,moderate,"O consumo crónico de álcool aumenta o risco de hepatotoxicidade do paracetamol, mesmo em doses terapêuticas.","Chronic alcohol consumption increases the risk of paracetamol hepatotoxicity, even at therapeutic doses.",Limitar a dose diária máxima e informar o doente sobre o risco.,Limit the maximum daily dose and inform the patient about the risk.,DailyMed/FDA (NIH/NLM) — rótulo aprovado Paracetamol: https://dailymed.nlm.nih.gov/dailymed/drugInfo.cfm?setid=4c737cd6-fe56-4cef-887c-cd6cf83b254c,DailyMed/FDA (NIH/NLM) — approved Paracetamol label: https://dailymed.nlm.nih.gov/dailymed/drugInfo.cfm?setid=4c737cd6-fe56-4cef-887c-cd6cf83b254c,publicado
praziquantel_doenca_hepatica_grave,praziquantel,doenca_hepatica_grave,precaution,moderate,O praziquantel é extensamente metabolizado no fígado; a insuficiência hepática grave aumenta as concentrações do fármaco ativo.,Praziquantel is extensively metabolised in the liver; severe hepatic impairment raises active drug concentrations.,Usar com precaução e considerar redução da dose em doença hepática grave.,Use with caution and consider dose reduction in severe liver disease.,DailyMed/FDA (NIH/NLM) — rótulo aprovado Praziquantel: https://dailymed.nlm.nih.gov/dailymed/drugInfo.cfm?setid=34ce1cdd-648e-4f1e-8512-bf3d4cc22eb9,DailyMed/FDA (NIH/NLM) — approved Praziquantel label: https://dailymed.nlm.nih.gov/dailymed/drugInfo.cfm?setid=34ce1cdd-648e-4f1e-8512-bf3d4cc22eb9,publicado
praziquantel_epilepsia,praziquantel,epilepsia,precaution,moderate,"O praziquantel pode causar cefaleias, tonturas e, na neurocisticercose, convulsões, sobretudo em doentes com epilepsia.","Praziquantel can cause headache, dizziness and, in neurocysticercosis, seizures, especially in patients with epilepsy.",Usar com precaução em doentes com epilepsia e vigiar sintomas neurológicos.,Use with caution in patients with epilepsy and monitor neurological symptoms.,DailyMed/FDA (NIH/NLM) — rótulo aprovado Praziquantel: https://dailymed.nlm.nih.gov/dailymed/drugInfo.cfm?setid=34ce1cdd-648e-4f1e-8512-bf3d4cc22eb9,DailyMed/FDA (NIH/NLM) — approved Praziquantel label: https://dailymed.nlm.nih.gov/dailymed/drugInfo.cfm?setid=34ce1cdd-648e-4f1e-8512-bf3d4cc22eb9,publicado
sertralina_doenca_hepatica,sertralina,doenca_hepatica,precaution,moderate,A sertralina é metabolizada no fígado; a insuficiência hepática reduz a eliminação e aumenta o risco de acumulação.,Sertraline is metabolised in the liver; hepatic impairment reduces elimination and increases the risk of accumulation.,Reduzir a dose em insuficiência hepática e monitorizar efeitos adversos.,Reduce the dose in hepatic impairment and monitor adverse effects.,DailyMed/FDA (NIH/NLM) — rótulo aprovado Sertralina: https://dailymed.nlm.nih.gov/dailymed/drugInfo.cfm?setid=91e24d17-ff0a-449c-9472-b9df74c98456,DailyMed/FDA (NIH/NLM) — approved Sertraline label: https://dailymed.nlm.nih.gov/dailymed/drugInfo.cfm?setid=91e24d17-ff0a-449c-9472-b9df74c98456,publicado
sertralina_epilepsia,sertralina,epilepsia,precaution,moderate,Os inibidores seletivos da recaptação da serotonina podem reduzir o limiar convulsivo.,Selective serotonin reuptake inhibitors can lower the seizure threshold.,Usar com precaução em doentes com epilepsia.,Use with caution in patients with epilepsy.,DailyMed/FDA (NIH/NLM) — rótulo aprovado Sertralina: https://dailymed.nlm.nih.gov/dailymed/drugInfo.cfm?setid=91e24d17-ff0a-449c-9472-b9df74c98456,DailyMed/FDA (NIH/NLM) — approved Sertraline label: https://dailymed.nlm.nih.gov/dailymed/drugInfo.cfm?setid=91e24d17-ff0a-449c-9472-b9df74c98456,publicado
tobramicina_insuficiencia_renal,tobramicina,insuficiencia_renal,precaution,moderate,A tobramicina é eliminada por via renal; a insuficiência renal aumenta o risco de nefrotoxicidade e ototoxicidade.,Tobramycin is eliminated renally; renal impairment increases the risk of nephrotoxicity and ototoxicity.,Ajustar a dose e monitorizar níveis séricos e função renal.,Adjust the dose and monitor serum levels and renal function.,DailyMed/FDA (NIH/NLM) — rótulo aprovado Tobramicina: https://dailymed.nlm.nih.gov/dailymed/drugInfo.cfm?setid=c4751a4f-c9c1-60c5-e053-2995a90aeba9,DailyMed/FDA (NIH/NLM) — approved Tobramycin label: https://dailymed.nlm.nih.gov/dailymed/drugInfo.cfm?setid=c4751a4f-c9c1-60c5-e053-2995a90aeba9,publicado
tobramicina_hipoacusia_doenca_vestibular,tobramicina,hipoacusia_doenca_vestibular,precaution,moderate,Os aminoglicosídeos são ototóxicos; doentes com hipoacusia ou doença vestibular prévia têm risco aumentado.,Aminoglycosides are ototoxic; patients with pre-existing hearing loss or vestibular disease are at increased risk.,Monitorizar sintomas ototóxicos e considerar audiometria em tratamentos prolongados.,Monitor for ototoxic symptoms and consider audiometry in prolonged treatment.,DailyMed/FDA (NIH/NLM) — rótulo aprovado Tobramicina: https://dailymed.nlm.nih.gov/dailymed/drugInfo.cfm?setid=c4751a4f-c9c1-60c5-e053-2995a90aeba9,DailyMed/FDA (NIH/NLM) — approved Tobramycin label: https://dailymed.nlm.nih.gov/dailymed/drugInfo.cfm?setid=c4751a4f-c9c1-60c5-e053-2995a90aeba9,publicado
tramadol_epilepsia,tramadol,epilepsia,precaution,moderate,"O tramadol reduz o limiar convulsivo e aumenta o risco de convulsões, sobretudo em doses elevadas ou com fármacos serotoninérgicos.","Tramadol lowers the seizure threshold and increases the risk of seizures, especially at high doses or with serotonergic drugs.",Usar com precaução em doentes com epilepsia e evitar doses elevadas.,Use with caution in patients with epilepsy and avoid high doses.,DailyMed/FDA (NIH/NLM) — rótulo aprovado Tramadol: https://dailymed.nlm.nih.gov/dailymed/drugInfo.cfm?setid=9f0e33bd-65f8-446a-886f-e7e16a142ce5,DailyMed/FDA (NIH/NLM) — approved Tramadol label: https://dailymed.nlm.nih.gov/dailymed/drugInfo.cfm?setid=9f0e33bd-65f8-446a-886f-e7e16a142ce5,publicado
tramadol_depressao_respiratoria,tramadol,depressao_respiratoria,precaution,moderate,O tramadol deprime o centro respiratório; o risco é maior em doentes com doença respiratória grave ou em doses elevadas.,Tramadol depresses the respiratory centre; the risk is higher in patients with severe respiratory disease or at high doses.,"Usar com precaução e monitorizar a respiração, sobretudo no início do tratamento.","Use with caution and monitor respiration, especially at treatment start.",DailyMed/FDA (NIH/NLM) — rótulo aprovado Tramadol: https://dailymed.nlm.nih.gov/dailymed/drugInfo.cfm?setid=9f0e33bd-65f8-446a-886f-e7e16a142ce5,DailyMed/FDA (NIH/NLM) — approved Tramadol label: https://dailymed.nlm.nih.gov/dailymed/drugInfo.cfm?setid=9f0e33bd-65f8-446a-886f-e7e16a142ce5,publicado
valproato_doenca_hepatica,valproato,doenca_hepatica,contraindication,critical,O valproato está contraindicado em doentes com doença hepática significativa ou disfunção hepática grave (risco de insuficiência hepática fatal).,Valproate is contraindicated in patients with significant hepatic disease or severe hepatic dysfunction (risk of fatal hepatic failure).,Não utilizar em doença hepática; avaliar função hepática antes e durante o tratamento.,Do not use in liver disease; assess liver function before and during treatment.,DailyMed/FDA (NIH/NLM) — rótulo aprovado Valproato: https://dailymed.nlm.nih.gov/dailymed/drugInfo.cfm?setid=a33f7657-ad0f-43e9-ba48-024746e6d08e,DailyMed/FDA (NIH/NLM) — approved Valproate label: https://dailymed.nlm.nih.gov/dailymed/drugInfo.cfm?setid=a33f7657-ad0f-43e9-ba48-024746e6d08e,publicado
valproato_doenca_de_leber,valproato,doenca_de_leber,contraindication,critical,O valproato está contraindicado em doentes com distúrbios mitocondriais como a doença de Leber (risco de insuficiência hepática).,Valproate is contraindicated in patients with mitochondrial disorders such as Leber disease (risk of hepatic failure).,Não utilizar; considerar alternativa anticonvulsivante.,Do not use; consider an alternative anticonvulsant.,DailyMed/FDA (NIH/NLM) — rótulo aprovado Valproato: https://dailymed.nlm.nih.gov/dailymed/drugInfo.cfm?setid=a33f7657-ad0f-43e9-ba48-024746e6d08e,DailyMed/FDA (NIH/NLM) — approved Valproate label: https://dailymed.nlm.nih.gov/dailymed/drugInfo.cfm?setid=a33f7657-ad0f-43e9-ba48-024746e6d08e,publicado
vancomicina_insuficiencia_renal,vancomicina,insuficiencia_renal,precaution,moderate,A vancomicina é eliminada por via renal; a insuficiência renal aumenta o risco de nefrotoxicidade e ototoxicidade.,Vancomycin is eliminated renally; renal impairment increases the risk of nephrotoxicity and ototoxicity.,Monitorizar níveis séricos (vales) e função renal; ajustar a dose e o intervalo.,Monitor serum levels (troughs) and renal function; adjust dose and interval.,DailyMed/FDA (NIH/NLM) — rótulo aprovado Vancomicina: https://dailymed.nlm.nih.gov/dailymed/drugInfo.cfm?setid=b01aaa02-8f1d-4b57-96a5-337503428af1,DailyMed/FDA (NIH/NLM) — approved Vancomycin label: https://dailymed.nlm.nih.gov/dailymed/drugInfo.cfm?setid=b01aaa02-8f1d-4b57-96a5-337503428af1,publicado
vancomicina_hipoacusia_doenca_vestibular,vancomicina,hipoacusia_doenca_vestibular,precaution,moderate,A vancomicina pode causar ototoxicidade; doentes com hipoacusia prévia têm risco aumentado.,Vancomycin can cause ototoxicity; patients with pre-existing hearing loss are at increased risk.,Monitorizar sintomas ototóxicos em tratamentos prolongados ou com níveis elevados.,Monitor for ototoxic symptoms in prolonged treatment or with high levels.,DailyMed/FDA (NIH/NLM) — rótulo aprovado Vancomicina: https://dailymed.nlm.nih.gov/dailymed/drugInfo.cfm?setid=b01aaa02-8f1d-4b57-96a5-337503428af1,DailyMed/FDA (NIH/NLM) — approved Vancomycin label: https://dailymed.nlm.nih.gov/dailymed/drugInfo.cfm?setid=b01aaa02-8f1d-4b57-96a5-337503428af1,publicado
filgrastim_doenca_renal_cronica,filgrastim,doenca_renal_cronica,precaution,moderate,O filgrastim pode causar glomerulonefrite; doentes com doença renal prévia têm risco aumentado de eventos renais.,Filgrastim can cause glomerulonephritis; patients with pre-existing renal disease are at increased risk of renal events.,Monitorizar a função renal e a proteinúria durante o tratamento.,Monitor renal function and proteinuria during treatment.,"DailyMed (NEUPOGEN, Amgen; setID 97cc73cc-b5b7-458a-a933-77b00523e193).","DailyMed approved label (NEUPOGEN, Amgen; setID 97cc73cc-b5b7-458a-a933-77b00523e193).",publicado
filgrastim_doenca_pulmonar,filgrastim,doenca_pulmonar,precaution,moderate,"O filgrastim associa-se a pneumonite intersticial e síndrome de dificuldade respiratória do adulto, sobretudo com quimioterapia concomitante.","Filgrastim is associated with interstitial pneumonitis and adult respiratory distress syndrome, especially with concomitant chemotherapy.",Vigiar sintomas respiratórios e suspender perante sinais de pneumonite.,Watch for respiratory symptoms and stop at signs of pneumonitis.,"DailyMed (NEUPOGEN, Amgen; setID 97cc73cc-b5b7-458a-a933-77b00523e193).","DailyMed approved label (NEUPOGEN, Amgen; setID 97cc73cc-b5b7-458a-a933-77b00523e193).",publicado
levonorgestrel_historico_tromboembolismo_venoso,levonorgestrel,historico_tromboembolismo_venoso,contraindication,critical,Os contracetivos hormonais combinados estão contraindicados em doentes com história de trombose venosa ou arterial (risco aumentado de eventos tromboembólicos).,Combined hormonal contraceptives are contraindicated in patients with a history of venous or arterial thrombosis (increased risk of thromboembolic events).,Não utilizar contracetivos combinados; considerar métodos sem estrogénio.,Do not use combined contraceptives; consider oestrogen-free methods.,DailyMed/FDA (NIH/NLM) — rótulo aprovado Levonorgestrel: https://dailymed.nlm.nih.gov/dailymed/drugInfo.cfm?setid=07567b80-d8a1-41c0-95e4-33afa584bbc4,DailyMed/FDA (NIH/NLM) — approved Levonorgestrel label: https://dailymed.nlm.nih.gov/dailymed/drugInfo.cfm?setid=07567b80-d8a1-41c0-95e4-33afa584bbc4,publicado
levonorgestrel_hipertensao_nao_controlada,levonorgestrel,hipertensao_nao_controlada,contraindication,critical,A hipertensão não controlada é contraindicação relativa/absoluta aos contracetivos combinados (risco de AVC e eventos cardiovasculares).,Uncontrolled hypertension is a relative/absolute contraindication to combined contraceptives (risk of stroke and cardiovascular events).,Controlar a pressão arterial antes de iniciar; considerar alternativa se PA persistentemente elevada.,Control blood pressure before starting; consider an alternative if BP remains elevated.,DailyMed/FDA (NIH/NLM) — rótulo aprovado Levonorgestrel: https://dailymed.nlm.nih.gov/dailymed/drugInfo.cfm?setid=07567b80-d8a1-41c0-95e4-33afa584bbc4,DailyMed/FDA (NIH/NLM) — approved Levonorgestrel label: https://dailymed.nlm.nih.gov/dailymed/drugInfo.cfm?setid=07567b80-d8a1-41c0-95e4-33afa584bbc4,publicado
poractant_alfa_hemorragia_pulmonar,poractant_alfa,hemorragia_pulmonar,precaution,moderate,"O poractanto alfa pode associar-se a hemorragia pulmonar no recém-nascido prematuro, sobretudo nos primeiros dias.","Poractant alfa can be associated with pulmonary haemorrhage in the premature newborn, especially in the first days.","Vigiar sinais de hemorragia pulmonar (secreções sanguinolentas, deterioração respiratória) após a administração.","Watch for signs of pulmonary haemorrhage (bloody secretions, respiratory deterioration) after administration.","DailyMed (CUROSURF, Chiesi USA; setID 99bef307-00bd-4379-9f45-ede1380e74d4).","DailyMed approved label (CUROSURF, Chiesi USA; setID 99bef307-00bd-4379-9f45-ede1380e74d4).",publicado
poractant_alfa_doenca_pulmonar_intersticial,poractant_alfa,doenca_pulmonar_intersticial,precaution,moderate,O poractanto alfa é usado precisamente na síndrome de dificuldade respiratória do recém-nascido; a sua administração requer monitorização ventilatória apertada.,Poractant alfa is used precisely in neonatal respiratory distress syndrome; its administration requires close ventilatory monitoring.,Monitorizar a oxigenação e a ventilação após a administração.,Monitor oxygenation and ventilation after administration.,"DailyMed (CUROSURF, Chiesi USA; setID 99bef307-00bd-4379-9f45-ede1380e74d4).","DailyMed approved label (CUROSURF, Chiesi USA; setID 99bef307-00bd-4379-9f45-ede1380e74d4).",publicado
tiamazol_agranulocitose_historico,tiamazol,agranulocitose_historico,precaution,moderate,"O tiamazol pode causar agranulocitose, sobretudo nas primeiras semanas; doentes com história de discrasias têm risco aumentado.","Methimazole can cause agranulocytosis, especially in the first weeks; patients with a history of blood dyscrasias are at increased risk.",Monitorizar hemograma perante febre ou faringite e suspender se agranulocitose.,Monitor the blood count in the presence of fever or pharyngitis and stop if agranulocytosis.,DailyMed/FDA (NIH/NLM) — rótulo aprovado Tiamazol: https://dailymed.nlm.nih.gov/dailymed/drugInfo.cfm?setid=b53f84ac-4263-478c-883d-aca7ab44fef5,DailyMed/FDA (NIH/NLM) — approved Methimazole label: https://dailymed.nlm.nih.gov/dailymed/drugInfo.cfm?setid=b53f84ac-4263-478c-883d-aca7ab44fef5,publicado
tiamazol_doenca_hepatica,tiamazol,doenca_hepatica,precaution,moderate,O tiamazol pode causar colestase e lesão hepática; usar com precaução em doença hepática prévia.,Methimazole can cause cholestasis and liver injury; use with caution in pre-existing liver disease.,Monitorizar provas hepáticas durante o tratamento.,Monitor liver function tests during treatment.,DailyMed/FDA (NIH/NLM) — rótulo aprovado Tiamazol: https://dailymed.nlm.nih.gov/dailymed/drugInfo.cfm?setid=b53f84ac-4263-478c-883d-aca7ab44fef5,DailyMed/FDA (NIH/NLM) — approved Methimazole label: https://dailymed.nlm.nih.gov/dailymed/drugInfo.cfm?setid=b53f84ac-4263-478c-883d-aca7ab44fef5,publicado
dextrometorfano_asma_grave,dextrometorfano,asma_grave,precaution,moderate,"O dextrometorfano é um antitússico central; em doença respiratória grave com hipersecreção, a supressão da tosse pode agravar a retenção de secreções.","Dextromethorphan is a central antitussive; in severe respiratory disease with hypersecretion, cough suppression can worsen secretion retention.",Usar com precaução em doença respiratória grave e avaliar a necessidade real do antitússico.,Use with caution in severe respiratory disease and assess the real need for the antitussive.,DailyMed/FDA (NIH/NLM) — rótulo aprovado Dextrometorfano (Drug Facts): https://dailymed.nlm.nih.gov/dailymed/drugInfo.cfm?setid=0d99237c-0b52-0af6-e063-6394a90aba14,DailyMed/FDA (NIH/NLM) — approved Dextromethorphan label (Drug Facts): https://dailymed.nlm.nih.gov/dailymed/drugInfo.cfm?setid=0d99237c-0b52-0af6-e063-6394a90aba14,publicado
dextrometorfano_epilepsia,dextrometorfano,epilepsia,precaution,moderate,O dextrometorfano pode reduzir o limiar convulsivo em doses elevadas ou em doentes suscetíveis.,Dextromethorphan can lower the seizure threshold at high doses or in susceptible patients.,Usar com precaução em doentes com epilepsia e evitar doses elevadas.,Use with caution in patients with epilepsy and avoid high doses.,DailyMed/FDA (NIH/NLM) — rótulo aprovado Dextrometorfano (Drug Facts): https://dailymed.nlm.nih.gov/dailymed/drugInfo.cfm?setid=0d99237c-0b52-0af6-e063-6394a90aba14,DailyMed/FDA (NIH/NLM) — approved Dextromethorphan label (Drug Facts): https://dailymed.nlm.nih.gov/dailymed/drugInfo.cfm?setid=0d99237c-0b52-0af6-e063-6394a90aba14,publicado
nistatina_alergia_antifungicos,nistatina,alergia_antifungicos,precaution,moderate,"A nistatina é geralmente bem tolerada; reações de hipersensibilidade são raras, mas possíveis em doentes sensibilizados.",Nystatin is generally well tolerated; hypersensitivity reactions are rare but possible in sensitised patients.,Suspender perante reação de hipersensibilidade.,Stop at a hypersensitivity reaction.,DailyMed (Nystatin Tablet; setID 197e3046-3e58-4246-b260-f3995dce41a1).,DailyMed approved label (Nystatin Tablet; setID 197e3046-3e58-4246-b260-f3995dce41a1).,publicado
nistatina_doenca_gastrointestinal,nistatina,doenca_gastrointestinal,precaution,moderate,A nistatina oral atua localmente na mucosa; doença gastrointestinal grave pode reduzir a eficácia do contacto local.,Oral nystatin acts locally on the mucosa; severe gastrointestinal disease can reduce the efficacy of local contact.,Considerar formulações adaptadas e garantir o contacto prolongado com a mucosa.,Consider adapted formulations and ensure prolonged contact with the mucosa.,DailyMed (Nystatin Tablet; setID 197e3046-3e58-4246-b260-f3995dce41a1).,DailyMed approved label (Nystatin Tablet; setID 197e3046-3e58-4246-b260-f3995dce41a1).,publicado
