slug,farmaco_slug,pregnancy_category,risk_pt,risk_en,trimester_pt,trimester_en,lactation_pt,lactation_en,contraception_pt,contraception_en,fonte_pt,fonte_en,estado
warfarina_gravidez,warfarina,contraindicated,A varfarina é teratogénica (síndrome do feto varfarínico no 1.º trimestre) e está associada a hemorragia fetal ou morte fetal no 3.º trimestre.,Warfarin is teratogenic (fetal warfarin syndrome in the 1st trimester) and is associated with fetal bleeding or fetal death in the 3rd trimester.,Contraindicada no 1.º e no 3.º trimestres; está também contraindicada nas 48 horas após o parto.,Contraindicated in the 1st and 3rd trimesters; also contraindicated within 48 hours after delivery.,"A varfarina é excretada no leite em pequenas quantidades e, em doses terapêuticas, não demonstrou efeitos adversos no lactente.","Warfarin is excreted into breast milk in small amounts and, at therapeutic doses, has shown no adverse effects in the infant.",Mulheres em idade fértil devem utilizar contraceção eficaz durante o tratamento.,Women of child-bearing age must use effective contraception during treatment.,EMC-UK (MHRA) — SmPC aprovada Varfarina: https://www.medicines.org.uk/emc/product/2803/smpc,EMC-UK (MHRA) — approved Warfarin SmPC: https://www.medicines.org.uk/emc/product/2803/smpc,publicado
atorvastatina_gravidez,atorvastatina,contraindicated,Contraindicada na gravidez: a segurança não está estabelecida e existem relatos de anomalias congénitas após exposição intrauterina às estatinas.,Contraindicated in pregnancy: safety is not established and congenital anomalies have been reported after intrauterine statin exposure.,Suspender o tratamento durante a gravidez ou até se confirmar que a doente não está grávida.,Discontinue treatment during pregnancy or until it is confirmed that the woman is not pregnant.,Contraindicada na amamentação pela possibilidade de reações adversas graves no lactente.,Contraindicated during breastfeeding due to the potential for serious adverse reactions in the infant.,"Mulheres em idade fértil devem utilizar medidas contracetivas adequadas durante o tratamento; sem contraceção eficaz, o fármaco está contraindicado.","Women of child-bearing potential must use appropriate contraceptive measures during treatment; without effective contraception, the drug is contraindicated.",EMC-UK (MHRA) — SmPC aprovada Atorvastatina: https://www.medicines.org.uk/emc/product/13672/smpc,EMC-UK (MHRA) — approved Atorvastatin SmPC: https://www.medicines.org.uk/emc/product/13672/smpc,publicado
carbamazepina_gravidez,carbamazepina,caution,"A exposição no 1.º trimestre aumenta o risco de malformações major (defeitos do tubo neural, fissuras orofaciais, malformações cardiovasculares), com risco dependente da dose.","First-trimester exposure increases the risk of major malformations (neural tube defects, orofacial clefts, cardiovascular malformations), with a dose-dependent risk.","Utilizar apenas se o benefício exceder claramente o risco, em monoterapia na dose mínima eficaz e com vigilância pré-natal especializada; não suspender abruptamente. Recomenda-se suplementação de ácido fólico antes e durante a gravidez e vitamina K1 no final da gravidez.","Use only if benefit clearly outweighs risk, as monotherapy at the lowest effective dose and with specialised antenatal surveillance; do not stop abruptly. Folate supplementation is recommended before and during pregnancy and vitamin K1 at the end of pregnancy.","A amamentação é possível se os benefícios forem ponderados; observar o lactente quanto a reações adversas, incluindo efeitos hepatobiliares.","Breastfeeding is possible if benefits are weighed; observe the infant for adverse reactions, including hepatobiliary effects.","A carbamazepina induz enzimas e pode falhar a contraceção hormonal; utilizar contraceção altamente eficaz (ex.: DIU) ou métodos complementares, com pelo menos 50 µg de estrogénio se hormonal.","Carbamazepine induces enzymes and can fail hormonal contraception; use highly effective contraception (e.g. IUD) or complementary methods, with at least 50 µg of oestrogen if hormonal.",EMC-UK (MHRA) — SmPC aprovada Carbamazepina: https://www.medicines.org.uk/emc/product/1040/smpc,EMC-UK (MHRA) — approved Carbamazepine SmPC: https://www.medicines.org.uk/emc/product/1040/smpc,publicado
levotiroxina_gravidez,levotiroxina,compatible,"Os estudos não demonstraram aumento do risco de malformações fetais; a hipotiroidia materna não tratada associa-se a aborto espontâneo, pré-eclâmpsia e parto prematuro.","Studies have not shown an increased risk of fetal malformations; untreated maternal hypothyroidism is associated with miscarriage, pre-eclampsia and preterm delivery.","Não suspender o tratamento durante a gravidez; monitorizar o TSH cerca de 4 em 4 semanas na primeira metade e pelo menos uma vez entre as 26 e 32 semanas, ajustando a dose.","Do not discontinue treatment during pregnancy; monitor TSH every 4 weeks in the first half and at least once between 26 and 32 weeks, adjusting the dose.",A levotiroxina em doses adequadas é geralmente compatível com a amamentação; quantidades mínimas são excretadas no leite.,Levothyroxine at adequate doses is generally compatible with breastfeeding; minimal amounts are excreted into milk.,Sem dados específicos; manter a monitorização habitual da função tiroideia em mulheres em idade fértil.,No specific data; keep routine thyroid function monitoring in women of child-bearing age.,EMC-UK (MHRA) — SmPC aprovada Levotiroxina: https://www.medicines.org.uk/emc/product/12781/smpc — corroboração: Health Canada Product Monograph: https://pdf.hres.ca/dpd_pm/00071854.PDF,EMC-UK (MHRA) — approved Levothyroxine SmPC: https://www.medicines.org.uk/emc/product/12781/smpc — corroborated by Health Canada Product Monograph: https://pdf.hres.ca/dpd_pm/00071854.PDF,publicado
metformina_gravidez,metformina,caution,Dados extensos (mais de 1000 gravidezes) não indicam aumento do risco de malformações congénitas nem de toxicidade fetal-neonatal com a metformina.,Extensive data (over 1000 pregnancies) indicate no increased risk of congenital malformations or feto-neonatal toxicity with metformin.,"O uso pode ser considerado na gravidez e na fase periconcecional como alternativa ou adição à insulina, se clinicamente necessário.","Use can be considered during pregnancy and in the periconceptional phase as an alternative or addition to insulin, if clinically needed.","A metformina é excretada no leite; sem efeitos adversos observados, mas com dados limitados — a amamentação não é recomendada durante o tratamento.",Metformin is excreted into breast milk; no adverse effects observed but data are limited — breastfeeding is not recommended during treatment.,,,EMC-UK (MHRA) — SmPC aprovada Metformina: https://www.medicines.org.uk/emc/product/987/smpc,EMC-UK (MHRA) — approved Metformin SmPC: https://www.medicines.org.uk/emc/product/987/smpc,publicado
morfina_gravidez,morfina,caution,A morfina atravessa a placenta; o uso crónico pode provocar síndrome de abstinência neonatal e depressão respiratória no recém-nascido.,Morphine crosses the placenta; chronic use may cause neonatal withdrawal syndrome and respiratory depression in the neonate.,Não recomendada a menos que o benefício justifique o risco; o uso no trabalho de parto pode deprimir a respiração do recém-nascido.,Not recommended unless benefit outweighs risk; use in labour may depress neonatal respiration.,Excretada no leite; não recomendada durante a amamentação.,Excreted into breast milk; not recommended while breastfeeding.,"Com uso crónico, aconselhar sobre contraceção eficaz.","With chronic use, advise on effective contraception.",EMC-UK (MHRA) — SmPC aprovada MST Continus (Morfina): https://www.medicines.org.uk/emc/product/7664/smpc,EMC-UK (MHRA) — approved MST Continus (Morphine) SmPC: https://www.medicines.org.uk/emc/product/7664/smpc,publicado
codeina_gravidez,codeina,caution,A codeína atravessa a placenta e pode causar privação e depressão respiratória no neonato.,Codeine crosses the placenta and may cause withdrawal and respiratory depression in the neonate.,Não recomendada; o uso no parto pode induzir depressão respiratória neonatal.,Not recommended; labour use may induce neonatal respiratory depression.,Contraindicada na lactação (risco de toxicidade em mães metabolizadoras ultra-rápidas).,Contraindicated in breastfeeding (risk of toxicity in ultra-rapid metaboliser mothers).,Recomendar evitar em idade fértil; preferir analgésico alternativo.,Advise avoiding in fertile age; prefer an alternative analgesic.,EMC-UK (MHRA) — SmPC aprovada Codeine Linctus (Codeína): https://www.medicines.org.uk/emc/product/4512/smpc,EMC-UK (MHRA) — approved Codeine Linctus (Codeine) SmPC: https://www.medicines.org.uk/emc/product/4512/smpc,publicado
fentanilo_gravidez,fentanilo,caution,O fentanilo atravessa a placenta e pode causar privação neonatal e depressão respiratória se usado perto do termo.,Fentanyl crosses the placenta and may cause neonatal withdrawal and respiratory depression near term.,"Não recomendado durante a gravidez, exceto se não existirem alternativas.",Not recommended during pregnancy unless alternatives are unavailable.,Não recomendado durante a amamentação; aguardar 48–72 h após remoção do adesivo.,Not recommended while nursing; wait 48–72 h after patch removal.,"Com uso crónico, aconselhar contraceção eficaz.","With chronic use, advise effective contraception.",EMC-UK (MHRA) — SmPC aprovada Durogesic (Fentanilo): https://www.medicines.org.uk/emc/product/6942/smpc,EMC-UK (MHRA) — approved Durogesic (Fentanyl) SmPC: https://www.medicines.org.uk/emc/product/6942/smpc,publicado
hidromorfona_gravidez,hidromorfona,caution,A hidromorfona atravessa a placenta e pode provocar privação neonatal se usada cronicamente.,Hydromorphone crosses the placenta and may cause neonatal withdrawal with chronic use.,Não recomendada a menos que seja claramente necessária; no parto pode deprimir a respiração neonatal.,Not recommended unless clearly necessary; in labour may depress neonatal respiration.,Excretada no leite; não recomendada durante a amamentação.,Excreted into breast milk; not recommended while breastfeeding.,"Em uso crónico, aconselhar contraceção eficaz.","With chronic use, advise effective contraception.",EMC-UK (MHRA) — SmPC aprovada Palladone (Hidromorfona): https://www.medicines.org.uk/emc/product/1018/smpc,EMC-UK (MHRA) — approved Palladone (Hydromorphone) SmPC: https://www.medicines.org.uk/emc/product/1018/smpc,publicado
buprenorfina_gravidez,buprenorfina,caution,A buprenorfina atravessa a placenta; o uso crónico pode causar abstinência neonatal.,Buprenorphine crosses the placenta; chronic use may cause neonatal withdrawal.,Não recomendada a menos que o benefício justifique o risco.,Not recommended unless benefit outweighs risk.,Excretada no leite; evitar durante a amamentação.,Excreted into breast milk; avoid while breastfeeding.,Aconselhar contraceção eficaz no uso crónico.,Advise effective contraception with chronic use.,EMC-UK (MHRA) — SmPC aprovado BuTrans (Buprenorfina): https://www.medicines.org.uk/emc/product/7645/smpc,EMC-UK (MHRA) — approved BuTrans (Buprenorphine) SmPC: https://www.medicines.org.uk/emc/product/7645/smpc,publicado
donepezilo_gravidez,donepezilo,caution,Dados limitados em humanos; a utilização deve ser evitada exceto quando essencial.,Limited human data; use should be avoided unless clearly necessary.,Não recomendado durante a gravidez.,Not recommended during pregnancy.,Excretado no leite; mulheres em tratamento devem evitar amamentar.,Excreted in milk; treated women should avoid breastfeeding.,Aconselhar contraceção eficaz.,Advise effective contraception.,EMC-UK (MHRA) — SmPC aprovada Aricept (Donepezilo): https://www.medicines.org.uk/emc/product/13283/smpc,EMC-UK (MHRA) — approved Aricept (Donepezil) SmPC: https://www.medicines.org.uk/emc/product/13283/smpc,publicado
memantina_gravidez,memantina,caution,Dados limitados; a segurança na gravidez é desconhecida.,Limited data; safety in pregnancy is unknown.,Não recomendado durante a gravidez.,Not recommended during pregnancy.,Excretado no leite; evitar durante a amamentação.,Excreted in milk; avoid while breastfeeding.,Aconselhar contraceção eficaz.,Advise effective contraception.,EMC-UK (MHRA) — SmPC aprovada Ebixa (Memantina): https://www.medicines.org.uk/emc/product/8222/smpc,EMC-UK (MHRA) — approved Ebixa (Memantine) SmPC: https://www.medicines.org.uk/emc/product/8222/smpc,publicado
metamizol_gravidez,metamizol,contraindicated,O metamizol está contraindicado no terceiro trimestre (risco de toxicidade renal fetal e de encerramento prematuro do canal arterial).,Metamizole is contraindicated in the third trimester (risk of fetal renal toxicity and premature closure of the ductus arteriosus).,"Contraindicado no terceiro trimestre; nos dois primeiros trimestres evitar, exceto uso de curta duração.",Contraindicated in the third trimester; in the first two trimesters avoid unless short-term use is needed.,Excretado no leite; evitar durante a amamentação.,Excreted in milk; avoid while breastfeeding.,Aconselhar contraceção eficaz.,Advise effective contraception.,"EMA — Metamizole (Article 31 referral), contraindicação no 3.º trimestre: https://www.ema.europa.eu/en/medicines/human/referrals/metamizole-containing-medicinal-products","EMA — Metamizole (Article 31 referral), 3rd-trimester contraindication: https://www.ema.europa.eu/en/medicines/human/referrals/metamizole-containing-medicinal-products",publicado
flecainida_gravidez,flecainida,caution,"A flecainida atravessa a placenta; os dados em grávidas são limitados, mas não indicaram teratogenicidade consistente.",Flecainide crosses the placenta; data in pregnancy are limited but have not shown consistent teratogenicity.,"Utilizar apenas se o benefício superar o risco, em particular no tratamento de arritmias maternas com significado clínico.","Use only if the benefit outweighs the risk, particularly for clinically significant maternal arrhythmias.",A flecainida é excretada no leite materno em pequenas quantidades; os dados disponíveis sugerem baixo risco no lactente.,Flecainide is excreted into breast milk in small amounts; available data suggest low risk to the infant.,"Não é exigida contraceção adicional específica, mas a decisão de tratar na gravidez deve ser documentada.","No specific additional contraception is required, but the decision to treat in pregnancy should be documented.",EMC-UK (MHRA) — SmPC aprovada Flecainida: https://www.medicines.org.uk/emc/product/3086/smpc,EMC-UK (MHRA) — approved Flecainide SmPC: https://www.medicines.org.uk/emc/product/3086/smpc,publicado
propafenona_gravidez,propafenona,caution,A propafenona atravessa a placenta; os dados em grávidas são limitados e não demonstraram teratogenicidade clara.,Propafenone crosses the placenta; data in pregnancy are limited and have not shown clear teratogenicity.,Utilizar apenas se o benefício materno superar o risco fetal.,Use only if the maternal benefit outweighs the fetal risk.,A propafenona é excretada no leite materno; preferir alternativa em lactentes de risco.,Propafenone is excreted into breast milk; prefer an alternative in at-risk infants.,Documentar a decisão de tratar em idade fértil; considerar contraceção se a terapêutica for nova.,Document the decision to treat women of childbearing age; consider contraception if therapy is new.,EMC-UK (MHRA) — SmPC aprovada Propafenona: https://www.medicines.org.uk/emc/product/1733/smpc,EMC-UK (MHRA) — approved Propafenone SmPC: https://www.medicines.org.uk/emc/product/1733/smpc,publicado
sotalol_gravidez,sotalol,caution,"O sotalol atravessa a placenta e pode causar efeitos beta-bloqueadores no feto (bradicardia, hipoglicemia); os dados não indicam teratogenicidade.","Sotalol crosses the placenta and may cause beta-blocking effects in the fetus (bradycardia, hypoglycaemia); data do not indicate teratogenicity.",Utilizar apenas se o benefício superar o risco; monitorizar o crescimento e a frequência cardíaca fetal.,Use only if the benefit outweighs the risk; monitor fetal growth and heart rate.,O sotalol é excretado no leite materno; vigiar o lactente para sinais de bloqueio beta.,Sotalol is excreted into breast milk; monitor the infant for signs of beta-blockade.,"Não é exigida contraceção específica, mas a terapêutica crónica em idade fértil deve ser revista antes da conceção.","No specific contraception is required, but chronic therapy in women of childbearing age should be reviewed before conception.",EMC-UK (MHRA) — SmPC aprovada Sotalol: https://www.medicines.org.uk/emc/product/7039/smpc,EMC-UK (MHRA) — approved Sotalol SmPC: https://www.medicines.org.uk/emc/product/7039/smpc,publicado
etilefrina_gravidez,etilefrina,caution,Os dados sobre o uso de etilefrina na gravidez são limitados; a utilização apenas se o benefício superar o risco.,Data on etilefrine use in pregnancy are limited; use only if the benefit outweighs the risk.,Evitar no 1.º trimestre; a utilização no parto deve ser ponderada pelo efeito pressor.,Avoid in the 1st trimester; use at delivery must balance the pressor effect.,Não há dados suficientes sobre a excreção no leite materno; ponderar alternativa.,No sufficient data on excretion into breast milk; consider an alternative.,"Em idade fértil, confirmar a ausência de gravidez antes de iniciar tratamento prolongado.","In women of childbearing age, rule out pregnancy before starting long-term treatment.","Prontuário Terapêutico do INFARMED (11.ª ed., 2012) — Etilefrina","Prontuário Terapêutico do INFARMED (11th ed., 2012) — Etilefrine",publicado
midodrina_gravidez,midodrina,caution,"A midodrina não deve ser utilizada na gravidez exceto se estritamente necessário, por falta de dados de segurança.",Midodrine should not be used in pregnancy unless strictly necessary because of a lack of safety data.,Utilizar apenas se o benefício superar claramente o risco.,Use only if the benefit clearly outweighs the risk.,Não há dados suficientes sobre a excreção no leite materno; ponderar alternativa.,No sufficient data on excretion into breast milk; consider an alternative.,"Em idade fértil, confirmar a ausência de gravidez antes de iniciar tratamento.","In women of childbearing age, rule out pregnancy before starting treatment.",EMC-UK (MHRA) — SmPC aprovada Midodrina: https://www.medicines.org.uk/emc/product/12040/smpc,EMC-UK (MHRA) — approved Midodrine SmPC: https://www.medicines.org.uk/emc/product/12040/smpc,publicado
bumetanida_gravidez,bumetanida,caution,A bumetanida atravessa a placenta; os dados em grávidas são limitados e a utilização apenas se o benefício superar o risco.,Bumetanide crosses the placenta; data in pregnancy are limited and use should only occur if the benefit outweighs the risk.,Evitar como diurético de rotina na gravidez; restringir a situações com indicação clara (ex.: edema pulmonar).,Avoid as routine diuretic therapy in pregnancy; restrict to clear indications (e.g. pulmonary oedema).,A bumetanida é excretada no leite materno; vigiar o lactente e considerar a supressão da lactação em doses elevadas.,Bumetanide is excreted into breast milk; monitor the infant and consider suppressing lactation at high doses.,Diuréticos não são indicados na gravidez normal; a sua utilização crónica em idade fértil deve ser revista.,Diuretics are not indicated in normal pregnancy; chronic use in women of childbearing age should be reviewed.,EMC-UK (MHRA) — SmPC aprovada Bumetanida: https://www.medicines.org.uk/emc/product/13372/smpc,EMC-UK (MHRA) — approved Bumetanide SmPC: https://www.medicines.org.uk/emc/product/13372/smpc,publicado
indapamida_gravidez,indapamida,caution,A indapamida atravessa a placenta; os dados em grávidas são limitados e a utilização apenas se o benefício superar o risco.,Indapamide crosses the placenta; data in pregnancy are limited and use should only occur if the benefit outweighs the risk.,"Evitar na gravidez, exceto se estritamente indicado; não é adequada como anti-hipertensor na gravidez.",Avoid in pregnancy unless strictly indicated; it is not appropriate as an antihypertensive in pregnancy.,A indapamida é excretada no leite materno; não é recomendada durante o aleitamento.,Indapamide is excreted into breast milk; it is not recommended during breastfeeding.,"Em idade fértil com hipertensão, preferir anti-hipertensores com perfil de segurança estabelecido na gravidez.","In women of childbearing age with hypertension, prefer antihypertensives with an established safety profile in pregnancy.",EMC-UK (MHRA) — SmPC aprovada Indapamida: https://www.medicines.org.uk/emc/product/6223/smpc,EMC-UK (MHRA) — approved Indapamide SmPC: https://www.medicines.org.uk/emc/product/6223/smpc,publicado
acetazolamida_gravidez,acetazolamida,caution,"A acetazolamida atravessa a placenta; há relatos de teratogenicidade em estudos animais, pelo que deve ser evitada no 1.º trimestre.","Acetazolamide crosses the placenta; teratogenicity has been reported in animal studies, so it should be avoided in the 1st trimester.",Evitar no 1.º trimestre; utilizar apenas se o benefício superar o risco.,Avoid in the 1st trimester; use only if the benefit outweighs the risk.,A acetazolamida é excretada no leite materno; evitar durante o aleitamento por falta de dados.,Acetazolamide is excreted into breast milk; avoid during breastfeeding because of a lack of data.,"Em idade fértil, utilizar contraceção eficaz durante o tratamento.",Use effective contraception during treatment in women of childbearing age.,EMC-UK (MHRA) — SmPC aprovada Acetazolamida: https://www.medicines.org.uk/emc/product/100949/smpc,EMC-UK (MHRA) — approved Acetazolamide SmPC: https://www.medicines.org.uk/emc/product/100949/smpc,publicado
ramipril_gravidez,ramipril,contraindicated,"Os IECA são contraindicados na gravidez: podem causar lesão renal fetal, oligohidrâmnios e hipoplasia do crânio, sobretudo no 2.º e 3.º trimestres.","ACE inhibitors are contraindicated in pregnancy: they may cause fetal renal injury, oligohydramnios and skull hypoplasia, especially in the 2nd and 3rd trimesters.","Não iniciar em grávidas; se a gravidez for detetada, suspender o ramipril imediatamente e mudar para terapêutica alternativa adequada.","Do not start in pregnancy; if pregnancy is detected, stop ramipril immediately and switch to appropriate alternative therapy.",Não é recomendado durante o aleitamento; preferir alternativa com perfil de segurança estabelecido.,Not recommended during breastfeeding; prefer an alternative with an established safety profile.,Mulheres em idade fértil devem utilizar contraceção eficaz durante o tratamento.,Women of childbearing age must use effective contraception during treatment.,EMC-UK (MHRA) — SmPC aprovada Ramipril: https://www.medicines.org.uk/emc/product/8067/smpc,EMC-UK (MHRA) — approved Ramipril SmPC: https://www.medicines.org.uk/emc/product/8067/smpc,publicado
valsartana_gravidez,valsartana,contraindicated,"Os ARA II são contraindicados na gravidez: podem causar lesão renal fetal, oligohidrâmnios e hipoplasia do crânio, sobretudo no 2.º e 3.º trimestres.","ARBs are contraindicated in pregnancy: they may cause fetal renal injury, oligohydramnios and skull hypoplasia, especially in the 2nd and 3rd trimesters.","Não iniciar em grávidas; se a gravidez for detetada, suspender a valsartana imediatamente.","Do not start in pregnancy; if pregnancy is detected, stop valsartan immediately.",Não é recomendado durante o aleitamento; preferir alternativa com perfil de segurança estabelecido.,Not recommended during breastfeeding; prefer an alternative with an established safety profile.,Mulheres em idade fértil devem utilizar contraceção eficaz durante o tratamento.,Women of childbearing age must use effective contraception during treatment.,EMC-UK (MHRA) — SmPC aprovada Valsartana: https://www.medicines.org.uk/emc/product/14212/smpc,EMC-UK (MHRA) — approved Valsartan SmPC: https://www.medicines.org.uk/emc/product/14212/smpc,publicado
digoxina_gravidez,digoxina,caution,"A digoxina atravessa a placenta; os dados em grávidas não indicam teratogenicidade, mas a dose materna pode precisar de ajuste.","Digoxin crosses the placenta; data in pregnancy do not indicate teratogenicity, but the maternal dose may need adjustment.","Utilizar se clinicamente indicado, com monitorização dos níveis séricos e ajuste posológico.","Use if clinically indicated, with serum level monitoring and dose adjustment.","A digoxina é excretada no leite materno em pequenas quantidades, compatíveis com o aleitamento.","Digoxin is excreted into breast milk in small amounts, compatible with breastfeeding.",Não é exigida contraceção adicional específica em terapêutica crónica.,No specific additional contraception is required in chronic therapy.,EMC-UK (MHRA) — SmPC aprovada Digoxina: https://www.medicines.org.uk/emc/product/5463/smpc,EMC-UK (MHRA) — approved Digoxin SmPC: https://www.medicines.org.uk/emc/product/5463/smpc,publicado
amiodarona_gravidez,amiodarona,contraindicated,A amiodarona está contraindicada na gravidez: contém iodo e pode causar disfunção tiroideia fetal e outras toxicidades.,Amiodarone is contraindicated in pregnancy: it contains iodine and may cause fetal thyroid dysfunction and other toxicities.,Não usar na gravidez; considerar terapêutica antiarrítmica alternativa.,Do not use in pregnancy; consider alternative antiarrhythmic therapy.,"Contraindicada durante o aleitamento, dado o risco de toxicidade tiroideia no lactente.",Contraindicated during breastfeeding because of the risk of thyroid toxicity in the infant.,Mulheres em idade fértil devem utilizar contraceção eficaz durante o tratamento.,Women of childbearing age must use effective contraception during treatment.,EMC-UK (MHRA) — SmPC aprovada Amiodarona: https://www.medicines.org.uk/emc/product/8739/smpc,EMC-UK (MHRA) — approved Amiodarone SmPC: https://www.medicines.org.uk/emc/product/8739/smpc,publicado
furosemida_gravidez,furosemida,caution,A furosemida atravessa a placenta; os dados em grávidas são limitados e a utilização apenas se o benefício superar o risco.,Furosemide crosses the placenta; data in pregnancy are limited and use should only occur if the benefit outweighs the risk.,Evitar como diurético de rotina na gravidez; restringir a situações com indicação clara.,Avoid as routine diuretic therapy in pregnancy; restrict to clear indications.,A furosemida é excretada no leite materno e pode suprimir a lactação; considerar a supressão da lactação em doses elevadas.,Furosemide is excreted into breast milk and may suppress lactation; consider suppressing lactation at high doses.,Diuréticos não são indicados na gravidez normal; rever a terapêutica crónica em idade fértil.,Diuretics are not indicated in normal pregnancy; review chronic therapy in women of childbearing age.,EMC-UK (MHRA) — SmPC aprovada Furosemida: https://www.medicines.org.uk/emc/product/2380/smpc,EMC-UK (MHRA) — approved Furosemide SmPC: https://www.medicines.org.uk/emc/product/2380/smpc,publicado
hidroclorotiazida_gravidez,hidroclorotiazida,caution,"A hidroclorotiazida atravessa a placenta; os dados em grávidas não indicam teratogenicidade, mas pode causar hipoperfusão placentária.","Hydrochlorothiazide crosses the placenta; data in pregnancy do not indicate teratogenicity, but it may cause placental hypoperfusion.",Evitar como anti-hipertensor na gravidez; a utilização apenas se o benefício superar o risco.,Avoid as an antihypertensive in pregnancy; use only if the benefit outweighs the risk.,A hidroclorotiazida é excretada no leite materno em pequenas quantidades; a utilização com precaução.,Hydrochlorothiazide is excreted into breast milk in small amounts; use with caution.,"Em idade fértil, a terapêutica diurética crónica deve ser revista antes da conceção.","In women of childbearing age, chronic diuretic therapy should be reviewed before conception.",EMC-UK (MHRA) — SmPC aprovada Hidroclorotiazida: https://www.medicines.org.uk/emc/product/11721/smpc,EMC-UK (MHRA) — approved Hydrochlorothiazide SmPC: https://www.medicines.org.uk/emc/product/11721/smpc,publicado
espironolactona_gravidez,espironolactona,caution,"A espironolactona atravessa a placenta; em estudos animais houve efeitos antiandrogénicos no feto masculino, pelo que se recomenda prudência.","Spironolactone crosses the placenta; antiandrogenic effects were seen in male fetuses in animal studies, so caution is advised.",Utilizar apenas se o benefício superar o risco; evitar no 1.º trimestre sempre que possível.,Use only if the benefit outweighs the risk; avoid in the 1st trimester whenever possible.,O canrenona (metabolito ativo) é excretado no leite materno; a utilização durante o aleitamento deve ser evitada.,Canrenone (active metabolite) is excreted into breast milk; use during breastfeeding should be avoided.,"Em idade fértil, confirmar a ausência de gravidez antes de iniciar tratamento prolongado.","In women of childbearing age, rule out pregnancy before starting long-term treatment.",EMC-UK (MHRA) — SmPC aprovada Espironolactona: https://www.medicines.org.uk/emc/product/2898/smpc,EMC-UK (MHRA) — approved Spironolactone SmPC: https://www.medicines.org.uk/emc/product/2898/smpc,publicado
captopril_gravidez,captopril,contraindicated,"O captopril está contraindicado na gravidez: os IECA podem causar lesão renal fetal, oligohidrâmnios e hipoplasia do crânio, sobretudo no 2.º e 3.º trimestres.","Captopril is contraindicated in pregnancy: ACE inhibitors may cause fetal renal injury, oligohydramnios and skull hypoplasia, especially in the 2nd and 3rd trimesters.","Não iniciar em grávidas; se a gravidez for detetada, suspender o captopril imediatamente.","Do not start in pregnancy; if pregnancy is detected, stop captopril immediately.",Não é recomendado durante o aleitamento; preferir alternativa com perfil de segurança estabelecido.,Not recommended during breastfeeding; prefer an alternative with an established safety profile.,Mulheres em idade fértil devem utilizar contraceção eficaz durante o tratamento.,Women of childbearing age must use effective contraception during treatment.,EMC-UK (MHRA) — SmPC aprovada Captopril: https://www.medicines.org.uk/emc/product/5250/smpc,EMC-UK (MHRA) — approved Captopril SmPC: https://www.medicines.org.uk/emc/product/5250/smpc,publicado
enalapril_gravidez,enalapril,contraindicated,"O enalapril está contraindicado na gravidez: os IECA podem causar lesão renal fetal, oligohidrâmnios e hipoplasia do crânio, sobretudo no 2.º e 3.º trimestres.","Enalapril is contraindicated in pregnancy: ACE inhibitors may cause fetal renal injury, oligohydramnios and skull hypoplasia, especially in the 2nd and 3rd trimesters.","Não iniciar em grávidas; se a gravidez for detetada, suspender o enalapril imediatamente.","Do not start in pregnancy; if pregnancy is detected, stop enalapril immediately.",Não é recomendado durante o aleitamento; preferir alternativa com perfil de segurança estabelecido.,Not recommended during breastfeeding; prefer an alternative with an established safety profile.,Mulheres em idade fértil devem utilizar contraceção eficaz durante o tratamento.,Women of childbearing age must use effective contraception during treatment.,EMC-UK (MHRA) — SmPC aprovada Enalapril: https://www.medicines.org.uk/emc/product/15458/smpc,EMC-UK (MHRA) — approved Enalapril SmPC: https://www.medicines.org.uk/emc/product/15458/smpc,publicado
losartano_gravidez,losartano,contraindicated,"O losartano está contraindicado na gravidez: os ARA II podem causar lesão renal fetal, oligohidrâmnios e hipoplasia do crânio, sobretudo no 2.º e 3.º trimestres.","Losartan is contraindicated in pregnancy: ARBs may cause fetal renal injury, oligohydramnios and skull hypoplasia, especially in the 2nd and 3rd trimesters.","Não iniciar em grávidas; se a gravidez for detetada, suspender o losartano imediatamente.","Do not start in pregnancy; if pregnancy is detected, stop losartan immediately.",Não é recomendado durante o aleitamento; preferir alternativa com perfil de segurança estabelecido.,Not recommended during breastfeeding; prefer an alternative with an established safety profile.,Mulheres em idade fértil devem utilizar contraceção eficaz durante o tratamento.,Women of childbearing age must use effective contraception during treatment.,EMC-UK (MHRA) — SmPC aprovada Losartano: https://www.medicines.org.uk/emc/product/7783/smpc,EMC-UK (MHRA) — approved Losartan SmPC: https://www.medicines.org.uk/emc/product/7783/smpc,publicado
ferro_gravidez,ferro,compatible,O ferro é um nutriente essencial na gravidez; a suplementação é segura nas doses recomendadas.,Iron is an essential nutrient in pregnancy; supplementation is safe at recommended doses.,"Pode ser usado em todos os trimestres, nas doses recomendadas para a prevenção/tratamento da ferropenia.",Can be used in all trimesters at recommended doses for prevention/treatment of iron deficiency.,"O ferro é excretado no leite em pequenas quantidades, sem risco relevante para o lactente.","Iron is excreted into breast milk in small amounts, with no relevant risk to the infant.",Sem contraceção adicional específica.,No specific additional contraception.,EMC-UK (MHRA) — SmPC aprovada Ferro: https://www.medicines.org.uk/emc/product/102243/smpc,EMC-UK (MHRA) — approved Iron SmPC: https://www.medicines.org.uk/emc/product/102243/smpc,publicado
acido_folico_gravidez,acido_folico,compatible,O ácido fólico é recomendado antes e durante a gravidez para prevenção de defeitos do tubo neural.,Folic acid is recommended before and during pregnancy to prevent neural tube defects.,Suplementar 400-800 µg/dia na pré-conceção e 1.º trimestre (doses maiores em risco elevado).,Supplement 400-800 µg/day preconception and in the 1st trimester (higher doses at high risk).,Excretado no leite; seguro durante o aleitamento.,Excreted into breast milk; safe during breastfeeding.,Sem contraceção adicional específica.,No specific additional contraception.,EMC-UK (MHRA) — SmPC aprovada Ácido fólico: https://www.medicines.org.uk/emc/product/6998/smpc,EMC-UK (MHRA) — approved Folic acid SmPC: https://www.medicines.org.uk/emc/product/6998/smpc,publicado
cianocobalamina_gravidez,cianocobalamina,compatible,A cianocobalamina pode ser usada na gravidez quando a deficiência de B12 a justifica.,Cyanocobalamin can be used in pregnancy when B12 deficiency justifies it.,Usar nas doses terapêuticas habituais; a deficiência não tratada é prejudicial ao feto.,Use at the usual therapeutic doses; untreated deficiency is harmful to the fetus.,Excretada no leite materno; compatível com o aleitamento.,Excreted into breast milk; compatible with breastfeeding.,Sem contraceção adicional específica.,No specific additional contraception.,EMC-UK (MHRA) — SmPC aprovada Cianocobalamina: https://www.medicines.org.uk/emc/product/5716/smpc,EMC-UK (MHRA) — approved Cyanocobalamin SmPC: https://www.medicines.org.uk/emc/product/5716/smpc,publicado
epoetina_alfa_gravidez,epoetina_alfa,caution,Os dados sobre epoetina alfa na gravidez são limitados; usar apenas se o benefício superar o risco.,Data on epoetin alfa in pregnancy are limited; use only if the benefit outweighs the risk.,Evitar no 1.º trimestre; usar apenas se estritamente necessário (ex.: anemia grave da doença renal).,Avoid in the 1st trimester; use only if strictly necessary (e.g. severe anaemia of kidney disease).,Não se conhece a excreção no leite; usar com precaução.,Excretion into breast milk is unknown; use with caution.,"Em idade fértil, confirmar a ausência de gravidez antes de iniciar tratamento prolongado.","In women of childbearing age, rule out pregnancy before starting long-term treatment.",EMC-UK (MHRA) — SmPC aprovada Epoetina alfa: https://www.medicines.org.uk/emc/product/3443/smpc,EMC-UK (MHRA) — approved Epoetin alfa SmPC: https://www.medicines.org.uk/emc/product/3443/smpc,publicado
filgrastim_gravidez,filgrastim,caution,Os dados sobre filgrastim na gravidez são limitados; usar apenas se o benefício superar o risco.,Data on filgrastim in pregnancy are limited; use only if the benefit outweighs the risk.,Evitar na gravidez exceto em situações com indicação clara (ex.: neutropenia grave).,Avoid in pregnancy except in clearly indicated situations (e.g. severe neutropenia).,Não se conhece a excreção no leite; evitar durante o aleitamento.,Excretion into breast milk is unknown; avoid during breastfeeding.,"Em idade fértil, confirmar a ausência de gravidez antes de iniciar.","In women of childbearing age, rule out pregnancy before starting.",EMC-UK (MHRA) — SmPC aprovada Filgrastim: https://www.medicines.org.uk/emc/product/3000/smpc,EMC-UK (MHRA) — approved Filgrastim SmPC: https://www.medicines.org.uk/emc/product/3000/smpc,publicado
apixabano_gravidez,apixabano,contraindicated,O apixabano está contraindicado na gravidez: os anticoagulantes orais diretos podem causar hemorragia materno-fetal.,Apixaban is contraindicated in pregnancy: direct oral anticoagulants may cause maternal-fetal bleeding.,Não usar na gravidez; usar HBPM quando anticoagulação for necessária.,Do not use in pregnancy; use LMWH when anticoagulation is needed.,Contraindicado durante o aleitamento.,Contraindicated during breastfeeding.,Mulheres em idade fértil devem utilizar contraceção eficaz durante o tratamento.,Women of childbearing age must use effective contraception during treatment.,EMC-UK (MHRA) — SmPC aprovada Apixabano: https://www.medicines.org.uk/emc/product/102130/smpc,EMC-UK (MHRA) — approved Apixaban SmPC: https://www.medicines.org.uk/emc/product/102130/smpc,publicado
rivaroxabano_gravidez,rivaroxabano,contraindicated,"O rivaroxabano está contraindicado na gravidez, pelo risco hemorrágico para a mãe e o feto.",Rivaroxaban is contraindicated in pregnancy because of the bleeding risk for the mother and fetus.,Não usar na gravidez; usar HBPM quando anticoagulação for necessária.,Do not use in pregnancy; use LMWH when anticoagulation is needed.,Contraindicado durante o aleitamento.,Contraindicated during breastfeeding.,Mulheres em idade fértil devem utilizar contraceção eficaz durante o tratamento.,Women of childbearing age must use effective contraception during treatment.,EMC-UK (MHRA) — SmPC aprovada Rivaroxabano: https://www.medicines.org.uk/emc/product/100864/smpc,EMC-UK (MHRA) — approved Rivaroxaban SmPC: https://www.medicines.org.uk/emc/product/100864/smpc,publicado
dabigatrano_gravidez,dabigatrano,contraindicated,"O dabigatrano está contraindicado na gravidez, pelo risco hemorrágico e falta de dados de segurança.",Dabigatran is contraindicated in pregnancy because of the bleeding risk and lack of safety data.,Não usar na gravidez; usar HBPM quando anticoagulação for necessária.,Do not use in pregnancy; use LMWH when anticoagulation is needed.,Contraindicado durante o aleitamento.,Contraindicated during breastfeeding.,Mulheres em idade fértil devem utilizar contraceção eficaz durante o tratamento.,Women of childbearing age must use effective contraception during treatment.,EMC-UK (MHRA) — SmPC aprovada Dabigatrano: https://www.medicines.org.uk/emc/product/100715/smpc,EMC-UK (MHRA) — approved Dabigatran SmPC: https://www.medicines.org.uk/emc/product/100715/smpc,publicado
enoxaparina_gravidez,enoxaparina,caution,A enoxaparina é a anticoagulação de escolha na gravidez quando indicada; usar sob supervisão médica.,Enoxaparin is the anticoagulant of choice in pregnancy when indicated; use under medical supervision.,"Pode ser usada nos trimestres em que a anticoagulação é necessária, com monitorização (anti-Xa se indicado).","Can be used in the trimesters in which anticoagulation is needed, with monitoring (anti-Xa if indicated).",A enoxaparina não é excretada em quantidade relevante no leite; compatível com o aleitamento.,Enoxaparin is not excreted in significant amounts into breast milk; compatible with breastfeeding.,Sem contraceção adicional específica; a indicação anticoagulante domina.,No specific additional contraception; the anticoagulant indication dominates.,EMC-UK (MHRA) — SmPC aprovada Enoxaparina: https://www.medicines.org.uk/emc/product/9329/smpc,EMC-UK (MHRA) — approved Enoxaparin SmPC: https://www.medicines.org.uk/emc/product/9329/smpc,publicado
fondaparinux_gravidez,fondaparinux,caution,Os dados sobre fondaparinux na gravidez são limitados; usar apenas se o benefício superar o risco.,Data on fondaparinux in pregnancy are limited; use only if the benefit outweighs the risk.,Evitar na gravidez exceto se estritamente necessário.,Avoid in pregnancy unless strictly necessary.,Não se conhece a excreção no leite; usar com precaução.,Excretion into breast milk is unknown; use with caution.,"Em idade fértil, confirmar a ausência de gravidez antes de iniciar.","In women of childbearing age, rule out pregnancy before starting.",EMC-UK (MHRA) — SmPC aprovada Fondaparinux: https://www.medicines.org.uk/emc/product/3340/smpc,EMC-UK (MHRA) — approved Fondaparinux SmPC: https://www.medicines.org.uk/emc/product/3340/smpc,publicado
acido_tranexamico_gravidez,acido_tranexamico,caution,O ácido tranexâmico atravessa a placenta; os dados são limitados e a utilização deve ser criteriosa.,Tranexamic acid crosses the placenta; data are limited and use should be judicious.,Usar apenas se o benefício superar o risco (ex.: hemorragia grave no pós-parto).,Use only if the benefit outweighs the risk (e.g. severe postpartum haemorrhage).,Excretado no leite em pequenas quantidades; a utilização pontual é compatível.,Excreted into breast milk in small amounts; occasional use is compatible.,"Em idade fértil, documentar a decisão de tratar.","In women of childbearing age, document the decision to treat.",EMC-UK (MHRA) — SmPC aprovada Ácido tranexâmico: https://www.medicines.org.uk/emc/product/1077/smpc,EMC-UK (MHRA) — approved Tranexamic acid SmPC: https://www.medicines.org.uk/emc/product/1077/smpc,publicado
fitomenadiona_gravidez,fitomenadiona,compatible,A fitomenadiona é usada na profilaxia da doença hemorrágica do recém-nascido; é segura nas doses recomendadas.,Phytomenadione is used for prophylaxis of haemorrhagic disease of the newborn; it is safe at recommended doses.,Pode ser usada na gravidez quando indicada (ex.: deficiência de vitamina K materna).,Can be used in pregnancy when indicated (e.g. maternal vitamin K deficiency).,Excretada no leite; a suplementação materna não é problemática.,Excreted into breast milk; maternal supplementation is not problematic.,Sem contraceção adicional específica.,No specific additional contraception.,EMC-UK (MHRA) — SmPC aprovada Fitomenadiona: https://www.medicines.org.uk/emc/product/9755/smpc,EMC-UK (MHRA) — approved Phytomenadione SmPC: https://www.medicines.org.uk/emc/product/9755/smpc,publicado
aspirina_gravidez,aspirina,caution,A aspirina em dose baixa pode ser usada na gravidez quando indicada (ex.: pré-eclâmpsia); doses elevadas devem ser evitadas.,Low-dose aspirin can be used in pregnancy when indicated (e.g. pre-eclampsia); high doses should be avoided.,Dose baixa (75-150 mg/dia) sob orientação médica; evitar doses analgésicas elevadas no 3.º trimestre.,Low dose (75-150 mg/day) under medical guidance; avoid high analgesic doses in the 3rd trimester.,"A aspirina passa ao leite em pequenas quantidades; o uso ocasional é aceite, doses elevadas devem ser evitadas.","Aspirin passes into milk in small amounts; occasional use is acceptable, high doses should be avoided.",Sem contraceção adicional específica.,No specific additional contraception.,EMC-UK (MHRA) — SmPC aprovada Aspirina: https://www.medicines.org.uk/emc/product/102206/smpc,EMC-UK (MHRA) — approved Aspirin SmPC: https://www.medicines.org.uk/emc/product/102206/smpc,publicado
clopidogrel_gravidez,clopidogrel,caution,"O clopidogrel não é recomendado na gravidez exceto se o benefício superar o risco, por falta de dados de segurança.","Clopidogrel is not recommended in pregnancy unless the benefit outweighs the risk, because of a lack of safety data.",Evitar na gravidez exceto em indicações vitais (ex.: stent recente).,Avoid in pregnancy except for vital indications (e.g. recent stent).,Não se conhece a excreção no leite; evitar durante o aleitamento.,Excretion into breast milk is unknown; avoid during breastfeeding.,"Em idade fértil, confirmar a ausência de gravidez antes de iniciar tratamento prolongado.","In women of childbearing age, rule out pregnancy before starting long-term treatment.",EMC-UK (MHRA) — SmPC aprovada Clopidogrel: https://www.medicines.org.uk/emc/product/5207/smpc,EMC-UK (MHRA) — approved Clopidogrel SmPC: https://www.medicines.org.uk/emc/product/5207/smpc,publicado
salbutamol_gravidez,salbutamol,compatible,O salbutamol é o broncodilatador mais usado na gravidez e é considerado seguro nas doses habituais.,Salbutamol is the most used bronchodilator in pregnancy and is considered safe at usual doses.,"Pode ser usado em todos os trimestres quando indicado, sob orientação médica.","Can be used in all trimesters when indicated, under medical guidance.",Excretado em pequenas quantidades no leite; compatível com o aleitamento.,Excreted in small amounts into breast milk; compatible with breastfeeding.,Sem contraceção adicional específica.,No specific additional contraception.,EMC-UK (MHRA) — SmPC aprovada Salbutamol: https://www.medicines.org.uk/emc/product/12983/smpc,EMC-UK (MHRA) — approved Salbutamol SmPC: https://www.medicines.org.uk/emc/product/12983/smpc,publicado
salmeterol_gravidez,salmeterol,caution,Os dados sobre salmeterol na gravidez são limitados; usar apenas se o benefício superar o risco.,Data on salmeterol in pregnancy are limited; use only if the benefit outweighs the risk.,Evitar no 1.º trimestre exceto se estritamente necessário.,Avoid in the 1st trimester unless strictly necessary.,Não se conhece a excreção no leite; usar com precaução.,Excretion into breast milk is unknown; use with caution.,Sem contraceção adicional específica.,No specific additional contraception.,EMC-UK (MHRA) — SmPC aprovada Salmeterol: https://www.medicines.org.uk/emc/product/848/smpc,EMC-UK (MHRA) — approved Salmeterol SmPC: https://www.medicines.org.uk/emc/product/848/smpc,publicado
formoterol_gravidez,formoterol,caution,Os dados sobre formoterol na gravidez são limitados; usar apenas se o benefício superar o risco.,Data on formoterol in pregnancy are limited; use only if the benefit outweighs the risk.,"Evitar exceto se a asma o exigir, com a menor dose eficaz.","Avoid unless asthma requires it, at the lowest effective dose.",Não se conhece a excreção no leite; usar com precaução.,Excretion into breast milk is unknown; use with caution.,Sem contraceção adicional específica.,No specific additional contraception.,EMC-UK (MHRA) — SmPC aprovada Formoterol: https://www.medicines.org.uk/emc/product/6316/smpc,EMC-UK (MHRA) — approved Formoterol SmPC: https://www.medicines.org.uk/emc/product/6316/smpc,publicado
budesonida_gravidez,budesonida,compatible,"A budesonida inalada é o corticoide de escolha na gravidez, com baixa exposição sistémica.","Inhaled budesonide is the corticosteroid of choice in pregnancy, with low systemic exposure.",Pode ser usada em todos os trimestres quando a asma o exigir.,Can be used in all trimesters when asthma requires it.,Excretada em pequenas quantidades no leite; compatível com o aleitamento.,Excreted in small amounts into breast milk; compatible with breastfeeding.,Sem contraceção adicional específica.,No specific additional contraception.,EMC-UK (MHRA) — SmPC aprovada Budesonida: https://www.medicines.org.uk/emc/product/9715/smpc,EMC-UK (MHRA) — approved Budesonide SmPC: https://www.medicines.org.uk/emc/product/9715/smpc,publicado
ipratropio_gravidez,ipratropio,caution,Os dados sobre ipratrópio na gravidez são limitados; usar apenas se necessário.,Data on ipratropium in pregnancy are limited; use only if needed.,Evitar exceto se os broncodilatadores habituais forem insuficientes.,Avoid unless usual bronchodilators are insufficient.,Excretado em pequenas quantidades no leite; provavelmente compatível.,Excreted in small amounts into breast milk; probably compatible.,Sem contraceção adicional específica.,No specific additional contraception.,EMC-UK (MHRA) — SmPC aprovada Brometo de ipratrópio: https://www.medicines.org.uk/emc/product/61/smpc,EMC-UK (MHRA) — approved Ipratropium bromide SmPC: https://www.medicines.org.uk/emc/product/61/smpc,publicado
tiotropio_gravidez,tiotropio,caution,Os dados sobre tiotrópio na gravidez são limitados; usar apenas se o benefício superar o risco.,Data on tiotropium in pregnancy are limited; use only if the benefit outweighs the risk.,Evitar no 1.º trimestre exceto se estritamente necessário.,Avoid in the 1st trimester unless strictly necessary.,Não se conhece a excreção no leite; usar com precaução.,Excretion into breast milk is unknown; use with caution.,Sem contraceção adicional específica.,No specific additional contraception.,EMC-UK (MHRA) — SmPC aprovada Tiotrópio: https://www.medicines.org.uk/emc/product/1693/smpc,EMC-UK (MHRA) — approved Tiotropium SmPC: https://www.medicines.org.uk/emc/product/1693/smpc,publicado
montelukast_gravidez,montelukast,caution,Os dados sobre montelucaste na gravidez são limitados; usar apenas se o benefício superar o risco.,Data on montelukast in pregnancy are limited; use only if the benefit outweighs the risk.,Pode ser usado se a asma não estiver controlada com CSI isolados.,Can be used if asthma is not controlled with ICS alone.,Excretado no leite em pequenas quantidades; provavelmente compatível.,Excreted into breast milk in small amounts; probably compatible.,Sem contraceção adicional específica.,No specific additional contraception.,EMC-UK (MHRA) — SmPC aprovada Montelucaste: https://www.medicines.org.uk/emc/product/1222/smpc,EMC-UK (MHRA) — approved Montelukast SmPC: https://www.medicines.org.uk/emc/product/1222/smpc,publicado
teofilina_gravidez,teofilina,caution,"A teofilina pode ser usada na gravidez se necessária, com monitorização apertada dos níveis.","Theophylline may be used in pregnancy if needed, with tight monitoring of levels.",Manter os níveis séricos na margem terapêutica baixa; vigiar taquicardia fetal.,Keep serum levels in the low therapeutic range; monitor fetal tachycardia.,Excretada no leite em pequenas quantidades; usar com precaução.,Excreted into breast milk in small amounts; use with caution.,Sem contraceção adicional específica.,No specific additional contraception.,EMC-UK (MHRA) — SmPC aprovada Teofilina: https://www.medicines.org.uk/emc/product/100851/smpc,EMC-UK (MHRA) — approved Theophylline SmPC: https://www.medicines.org.uk/emc/product/100851/smpc,publicado
dextrometorfano_gravidez,dextrometorfano,caution,Os dados sobre dextrometorfano na gravidez são limitados; usar apenas se necessário.,Data on dextromethorphan in pregnancy are limited; use only if needed.,Evitar no 1.º trimestre; usar a menor dose e duração possíveis.,Avoid in the 1st trimester; use the lowest dose and shortest duration possible.,Excretado no leite em pequenas quantidades; uso pontual provavelmente compatível.,Excreted into breast milk in small amounts; occasional use is probably compatible.,Sem contraceção adicional específica.,No specific additional contraception.,EMC-UK (MHRA) — SmPC aprovada Dextrometorfano: https://www.medicines.org.uk/emc/product/1523/smpc,EMC-UK (MHRA) — approved Dextromethorphan SmPC: https://www.medicines.org.uk/emc/product/1523/smpc,publicado
acetilcisteina_gravidez,acetilcisteina,caution,Os dados sobre acetilcisteína na gravidez são limitados; usar apenas se o benefício superar o risco.,Data on acetylcysteine in pregnancy are limited; use only if the benefit outweighs the risk.,"Em sobredosagem de paracetamol na gravidez, a acetilcisteína é o antídoto de eleição.","In paracetamol overdose in pregnancy, acetylcysteine is the antidote of choice.",Não se conhece a excreção no leite; uso pontual provavelmente compatível.,Excretion into breast milk is unknown; occasional use is probably compatible.,Sem contraceção adicional específica.,No specific additional contraception.,EMC-UK (MHRA) — SmPC aprovada Acetilcisteína: https://www.medicines.org.uk/emc/product/2488/smpc,EMC-UK (MHRA) — approved Acetylcysteine SmPC: https://www.medicines.org.uk/emc/product/2488/smpc,publicado
poractant_alfa_gravidez,poractant_alfa,compatible,"O poractanto alfa é administrado ao recém-nascido por via endotraqueal; não é usado na grávida, mas a sua indicação neonatal é bem estabelecida.","Poractant alfa is given to the newborn via the endotracheal route; it is not used in the mother, but its neonatal indication is well established.",Não aplicável à gravidez; uso exclusivamente neonatal (SDR do recém-nascido).,Not applicable to pregnancy; exclusively neonatal use (neonatal RDS).,Não se aplica ao aleitamento (uso neonatal).,Not applicable to breastfeeding (neonatal use).,Sem contraceção adicional específica.,No specific additional contraception.,EMC-UK (MHRA) — SmPC aprovada Poractanto alfa: https://www.medicines.org.uk/emc/product/6450/smpc,EMC-UK (MHRA) — approved Poractant alfa SmPC: https://www.medicines.org.uk/emc/product/6450/smpc,publicado
nistatina_gravidez,nistatina,compatible,A nistatina oral tem absorção sistémica mínima e é o antifúngico de escolha na candidíase oral na gravidez.,Oral nystatin has minimal systemic absorption and is the antifungal of choice for oral candidiasis in pregnancy.,Pode ser usada em todos os trimestres.,Can be used in all trimesters.,Excreção no leite insignificante; compatível com o aleitamento.,Excretion into breast milk is negligible; compatible with breastfeeding.,Sem contraceção adicional específica.,No specific additional contraception.,EMC-UK (MHRA) — SmPC aprovada Nistatina: https://www.medicines.org.uk/emc/product/408/smpc,EMC-UK (MHRA) — approved Nystatin SmPC: https://www.medicines.org.uk/emc/product/408/smpc,publicado
famotidina_gravidez,famotidina,caution,Os dados sobre famotidina na gravidez são limitados; os antagonistas H2 são usados quando os antiácidos são insuficientes.,Data on famotidine in pregnancy are limited; H2 antagonists are used when antacids are insufficient.,"Usar apenas se o benefício superar o risco, preferencialmente no 2.º/3.º trimestre.","Use only if the benefit outweighs the risk, preferably in the 2nd/3rd trimester.",Excretado no leite em pequenas quantidades; compatível com o aleitamento.,Excreted into breast milk in small amounts; compatible with breastfeeding.,Sem contraceção adicional específica.,No specific additional contraception.,EMC-UK (MHRA) — SmPC aprovada Famotidina: https://www.medicines.org.uk/emc/product/100584/smpc,EMC-UK (MHRA) — approved Famotidine SmPC: https://www.medicines.org.uk/emc/product/100584/smpc,publicado
sucralfato_gravidez,sucralfato,compatible,"O sucralfato tem absorção sistémica mínima, sendo considerado de baixo risco na gravidez.",Sucralfate has minimal systemic absorption and is considered low risk in pregnancy.,Pode ser usado em todos os trimestres se necessário.,Can be used in all trimesters if needed.,Excreção no leite insignificante; compatível com o aleitamento.,Excretion into breast milk is negligible; compatible with breastfeeding.,Sem contraceção adicional específica.,No specific additional contraception.,DailyMed (FDA) — rótulo aprovado Sucralfato: https://dailymed.nlm.nih.gov/dailymed/drugInfo.cfm?setid=1e781cc0-24ec-4028-8262-dcef9873ea1f,DailyMed (FDA) — approved Sucralfate label: https://dailymed.nlm.nih.gov/dailymed/drugInfo.cfm?setid=1e781cc0-24ec-4028-8262-dcef9873ea1f,publicado
metoclopramida_gravidez,metoclopramida,caution,"A metoclopramida é usada na gravidez (hiperémese), mas deve ser usada com precaução no 1.º trimestre e em doses baixas.","Metoclopramide is used in pregnancy (hyperemesis), but should be used with caution in the 1st trimester and at low doses.",Usar a menor dose eficaz e pelo menor tempo possível.,Use the lowest effective dose for the shortest time possible.,Excretado no leite em pequenas quantidades; uso pontual provavelmente compatível.,Excreted into breast milk in small amounts; occasional use is probably compatible.,Sem contraceção adicional específica.,No specific additional contraception.,EMC-UK (MHRA) — SmPC aprovada Metoclopramida: https://www.medicines.org.uk/emc/product/6213/smpc,EMC-UK (MHRA) — approved Metoclopramide SmPC: https://www.medicines.org.uk/emc/product/6213/smpc,publicado
domperidona_gravidez,domperidona,caution,Os dados sobre domperidona na gravidez são limitados; usar apenas se o benefício superar o risco.,Data on domperidone in pregnancy are limited; use only if the benefit outweighs the risk.,Evitar no 1.º trimestre exceto se estritamente necessário.,Avoid in the 1st trimester unless strictly necessary.,Excretado no leite em pequenas quantidades; compatível com o aleitamento nas doses habituais.,Excreted into breast milk in small amounts; compatible with breastfeeding at usual doses.,Sem contraceção adicional específica.,No specific additional contraception.,EMC-UK (MHRA) — SmPC aprovada Domperidona: https://www.medicines.org.uk/emc/product/3188/smpc,EMC-UK (MHRA) — approved Domperidone SmPC: https://www.medicines.org.uk/emc/product/3188/smpc,publicado
loperamida_gravidez,loperamida,caution,"A loperamida deve ser evitada na gravidez, sobretudo no 1.º trimestre, salvo sob indicação médica.","Loperamide should be avoided in pregnancy, especially in the 1st trimester, unless medically indicated.",Usar apenas se estritamente necessário e pelo menor tempo possível.,Use only if strictly necessary and for the shortest time.,Excretado no leite em pequenas quantidades; uso pontual provavelmente compatível.,Excreted into breast milk in small amounts; occasional use is probably compatible.,Sem contraceção adicional específica.,No specific additional contraception.,EMC-UK (MHRA) — SmPC aprovada Loperamida: https://www.medicines.org.uk/emc/product/2986/smpc,EMC-UK (MHRA) — approved Loperamide SmPC: https://www.medicines.org.uk/emc/product/2986/smpc,publicado
ondansetron_gravidez,ondansetron,caution,O ondansetrom é usado na hiperémese gravídica; a evidência sobre malformações é limitada e não conclui risco claro.,Ondansetron is used in hyperemesis gravidarum; evidence on malformations is limited and does not show a clear risk.,"Usar apenas se os antieméticos de primeira linha forem insuficientes, preferencialmente no 2.º/3.º trimestre.","Use only if first-line antiemetics are insufficient, preferably in the 2nd/3rd trimester.",Excretado no leite em pequenas quantidades; provavelmente compatível.,Excreted into breast milk in small amounts; probably compatible.,Sem contraceção adicional específica.,No specific additional contraception.,EMC-UK (MHRA) — SmPC aprovada Ondansetrom: https://www.medicines.org.uk/emc/product/5222/smpc,EMC-UK (MHRA) — approved Ondansetron SmPC: https://www.medicines.org.uk/emc/product/5222/smpc,publicado
butilbrometo_hioscina_gravidez,butilbrometo_hioscina,caution,Os dados sobre butilbrometo de hioscina na gravidez são limitados; o uso é aceite quando indicado por via oral.,Data on hyoscine butylbromide in pregnancy are limited; oral use is accepted when indicated.,"Evitar exceto se necessário, com a menor dose eficaz.","Avoid unless necessary, at the lowest effective dose.",Excretado no leite em pequenas quantidades; provavelmente compatível.,Excreted into breast milk in small amounts; probably compatible.,Sem contraceção adicional específica.,No specific additional contraception.,EMC-UK (MHRA) — SmPC aprovada Butilbrometo de hioscina: https://www.medicines.org.uk/emc/product/1775/smpc,EMC-UK (MHRA) — approved Hyoscine butylbromide SmPC: https://www.medicines.org.uk/emc/product/1775/smpc,publicado
orlistat_gravidez,orlistat,contraindicated,O orlistato não é recomendado na gravidez (fármaco para perda de peso; não há benefício e a perda de peso materna não é desejada).,Orlistat is not recommended in pregnancy (a weight-loss drug; there is no benefit and maternal weight loss is not desired).,Suspender antes de engravidar ou assim que a gravidez seja confirmada.,Stop before becoming pregnant or as soon as pregnancy is confirmed.,Desconhecida a excreção no leite; não recomendado durante o aleitamento.,Excretion into breast milk is unknown; not recommended during breastfeeding.,Sem contraceção adicional específica (manter a contraceção habitual).,No specific additional contraception (keep usual contraception).,EMC-UK (MHRA) — SmPC aprovada Orlistato: https://www.medicines.org.uk/emc/product/6533/smpc,EMC-UK (MHRA) — approved Orlistat SmPC: https://www.medicines.org.uk/emc/product/6533/smpc,publicado
mesalazina_gravidez,mesalazina,caution,A mesalazina pode ser usada na gravidez para controlo da doença inflamatória intestinal; o benefício geralmente supera o risco.,Mesalazine may be used in pregnancy to control inflammatory bowel disease; benefit usually outweighs risk.,Manter a dose eficaz mínima; não suspender o tratamento sem orientação médica.,Keep the minimum effective dose; do not stop treatment without medical advice.,Excretado no leite em pequenas quantidades; compatível com o aleitamento.,Excreted into breast milk in small amounts; compatible with breastfeeding.,Sem contraceção adicional específica.,No specific additional contraception.,EMC-UK (MHRA) — SmPC aprovada Mesalazina: https://www.medicines.org.uk/emc/product/6167/smpc,EMC-UK (MHRA) — approved Mesalazine SmPC: https://www.medicines.org.uk/emc/product/6167/smpc,publicado
sulfassalazina_gravidez,sulfassalazina,caution,A sulfassalazina interfere com o ácido fólico; suplementar folato durante a gravidez e usar com precaução no 3.º trimestre.,Sulfasalazine interferes with folic acid; supplement folate during pregnancy and use with caution in the 3rd trimester.,Manter a suplementação de ácido fólico (ex. 1 mg/dia) durante toda a gravidez.,Maintain folic acid supplementation (e.g. 1 mg/day) throughout pregnancy.,Compatível com o aleitamento; vigiar o recém-nascido (teoria: displasia da sulfapiridina).,Compatible with breastfeeding; monitor the newborn (sulfapyridine theoretical concerns).,Sem contraceção adicional específica.,No specific additional contraception.,EMC-UK (MHRA) — SmPC aprovada Sulfassalazina: https://www.medicines.org.uk/emc/product/6686/smpc,EMC-UK (MHRA) — approved Sulfasalazine SmPC: https://www.medicines.org.uk/emc/product/6686/smpc,publicado
acido_ursodesoxicolico_gravidez,acido_ursodesoxicolico,caution,O ácido ursodesoxicólico é usado na colestase intra-hepática da gravidez; pode ser usado quando indicado.,Ursodeoxycholic acid is used in intrahepatic cholestasis of pregnancy; it may be used when indicated.,"Usar sob orientação médica, geralmente no 2.º/3.º trimestre para colestase da gravidez.","Use under medical guidance, usually in the 2nd/3rd trimester for cholestasis of pregnancy.",Excretado no leite em pequenas quantidades; provavelmente compatível.,Excreted into breast milk in small amounts; probably compatible.,Sem contraceção adicional específica.,No specific additional contraception.,EMC-UK (MHRA) — SmPC aprovada Ácido ursodesoxicólico: https://www.medicines.org.uk/emc/product/101999/smpc,EMC-UK (MHRA) — approved Ursodeoxycholic acid SmPC: https://www.medicines.org.uk/emc/product/101999/smpc,publicado
omeprazol_gravidez,omeprazol,compatible,O omeprazol é amplamente usado na gravidez (refluxo/pirose); a evidência disponível não indica risco aumentado de malformações.,Omeprazole is widely used in pregnancy (reflux/heartburn); available evidence does not indicate an increased risk of malformations.,Pode ser usado em todos os trimestres quando indicado.,Can be used in all trimesters when indicated.,Excretado no leite em pequenas quantidades; compatível com o aleitamento.,Excreted into breast milk in small amounts; compatible with breastfeeding.,Sem contraceção adicional específica.,No specific additional contraception.,EMC-UK (MHRA) — SmPC aprovada Omeprazol: https://www.medicines.org.uk/emc/product/1509/smpc,EMC-UK (MHRA) — approved Omeprazole SmPC: https://www.medicines.org.uk/emc/product/1509/smpc,publicado
antiacidos_gravidez,antiacidos,compatible,Os antiácidos de alumínio e magnésio são considerados seguros na gravidez nas doses habituais e em curto prazo.,Aluminium and magnesium antacids are considered safe in pregnancy at usual doses and short term.,Pode ser usado em todos os trimestres; evitar doses altas prolongadas (acumulação de alumínio).,Can be used in all trimesters; avoid prolonged high doses (aluminium accumulation).,Excretado no leite em pequenas quantidades; compatível com o aleitamento.,Excreted into breast milk in small amounts; compatible with breastfeeding.,Sem contraceção adicional específica.,No specific additional contraception.,DailyMed (FDA) — rótulo aprovado Antiácidos: https://dailymed.nlm.nih.gov/dailymed/drugInfo.cfm?setid=5e346dc0-69ce-4cc5-bb5d-bfa833e11c1f,DailyMed (FDA) — approved Antacids label: https://dailymed.nlm.nih.gov/dailymed/drugInfo.cfm?setid=5e346dc0-69ce-4cc5-bb5d-bfa833e11c1f,publicado
naproxeno_gravidez,naproxeno,caution,"Os AINE devem ser evitados no 3.º trimestre (fecho prematuro do canal arterial, oligohidrâmnios). Uso ocasional no 1.º/2.º trimestre com precaução.","NSAIDs should be avoided in the 3rd trimester (premature ductus arteriosus closure, oligohydramnios). Occasional use in 1st/2nd trimester with caution.",Evitar no 3.º trimestre; usar a menor dose pelo menor tempo possível no 1.º/2.º trimestre.,Avoid in the 3rd trimester; use the lowest dose for the shortest time in the 1st/2nd trimester.,Preferir paracetamol na gravidez quando indicado.,Prefer paracetamol in pregnancy when indicated.,A concentração no leite é baixa; uso ocasional compatível com vigilância do lactente.,Milk levels are low; occasional use is compatible with infant monitoring.,EMC-UK (MHRA) — SmPC aprovada Naproxeno: https://www.medicines.org.uk/emc/product/13237/smpc,EMC-UK (MHRA) — approved Naproxen SmPC: https://www.medicines.org.uk/emc/product/13237/smpc,publicado
celecoxib_gravidez,celecoxib,caution,O celecoxib (AINE) deve ser evitado no 3.º trimestre; dados limitados no início da gravidez.,Celecoxib (NSAID) should be avoided in the 3rd trimester; limited data in early pregnancy.,Evitar no 3.º trimestre; evitar em mulheres que tentam engravidar (possível efeito na ovulação).,Avoid in the 3rd trimester; avoid in women trying to conceive (possible effect on ovulation).,Preferir paracetamol na gravidez.,Prefer paracetamol in pregnancy.,Dados limitados; preferir evitar durante a amamentação.,Limited data; prefer to avoid during breastfeeding.,EMC-UK (MHRA) — SmPC aprovada Celecoxib: https://www.medicines.org.uk/emc/product/5533/smpc,EMC-UK (MHRA) — approved Celecoxib SmPC: https://www.medicines.org.uk/emc/product/5533/smpc,publicado
metotrexato_gravidez,metotrexato,contraindicated,O metotrexato é teratogénico e abortivo; está contraindicado na gravidez e na conceção planeada.,Methotrexate is teratogenic and abortifacient; contraindicated in pregnancy and planned conception.,Contraindicado; usar contraceção eficaz durante e até 3-6 meses após o tratamento (homens: 3 meses).,Contraindicated; use effective contraception during and up to 3-6 months after treatment (men: 3 months).,Contraindicado na amamentação.,Contraindicated during breastfeeding.,Contraceção eficaz obrigatória durante e até 3-6 meses após a terapêutica.,Effective contraception mandatory during and up to 3-6 months after therapy.,EMC-UK (MHRA) — SmPC aprovada Metotrexato: https://www.medicines.org.uk/emc/product/511/smpc,EMC-UK (MHRA) — approved Methotrexate SmPC: https://www.medicines.org.uk/emc/product/511/smpc,publicado
leflunomida_gravidez,leflunomida,contraindicated,A leflunomida é teratogénica; está contraindicada na gravidez.,Leflunomide is teratogenic; contraindicated in pregnancy.,Contraindicado; contraceção eficaz obrigatória e procedimento de washout (colestiramina) antes da conceção.,Contraindicated; mandatory effective contraception and washout procedure (cholestyramine) before conception.,Contraindicado na amamentação.,Contraindicated during breastfeeding.,Contraceção eficaz obrigatória; washout com colestiramina antes de engravidar.,Effective contraception mandatory; cholestyramine washout before pregnancy.,EMC-UK (MHRA) — SmPC aprovada Leflunomida: https://www.medicines.org.uk/emc/product/4944/smpc,EMC-UK (MHRA) — approved Leflunomide SmPC: https://www.medicines.org.uk/emc/product/4944/smpc,publicado
colchicina_gravidez,colchicina,caution,"Dados limitados; doses baixas parecem ter baixo risco, mas a exposição deve ser minimizada.","Limited data; low doses appear to carry low risk, but exposure should be minimised.","Usar apenas se claramente necessário e à menor dose, sobretudo no 1.º trimestre.","Use only if clearly necessary and at the lowest dose, especially in the 1st trimester.",Dados limitados; preferir evitar durante a amamentação.,Limited data; prefer to avoid during breastfeeding.,"Não há recomendação formal de contraceção, mas minimizar a exposição.","No formal contraception requirement, but minimise exposure.",EMC-UK (MHRA) — SmPC aprovada Colchicina: https://www.medicines.org.uk/emc/product/14362/smpc,EMC-UK (MHRA) — approved Colchicine SmPC: https://www.medicines.org.uk/emc/product/14362/smpc,publicado
febuxostat_gravidez,febuxostat,no_data,Não existem dados suficientes em humanos; estudos animais mostraram efeitos adversos.,No adequate human data; animal studies showed adverse effects.,"Evitar durante a gravidez, exceto se o benefício justificar o risco.",Avoid during pregnancy unless benefit justifies risk.,Desconhecido; preferir evitar durante a amamentação.,Unknown; prefer to avoid during breastfeeding.,Usar contraceção eficaz dadas as incertezas quanto ao risco.,Use effective contraception given uncertainty about risk.,EMC-UK (MHRA) — SmPC aprovada Febuxostat: https://www.medicines.org.uk/emc/product/487/smpc,EMC-UK (MHRA) — approved Febuxostat SmPC: https://www.medicines.org.uk/emc/product/487/smpc,publicado
alendronato_gravidez,alendronato,contraindicated,Os bifosfonatos não são recomendados na gravidez (longa semi-vida e deposição óssea).,Bisphosphonates are not recommended in pregnancy (long half-life and bone deposition).,Evitar na gravidez; descontinuar antes de uma gravidez planeada se clinicamente possível.,Avoid in pregnancy; discontinue before planned conception if clinically possible.,Desconhecido; preferir evitar durante a amamentação.,Unknown; prefer to avoid during breastfeeding.,Descontinuar antes de gravidez planeada; usar contraceção eficaz.,Discontinue before planned pregnancy; use effective contraception.,EMC-UK (MHRA) — SmPC aprovada Alendronato: https://www.medicines.org.uk/emc/product/5206/smpc,EMC-UK (MHRA) — approved Alendronate SmPC: https://www.medicines.org.uk/emc/product/5206/smpc,publicado
calcitriol_gravidez,calcitriol,caution,"O calcitriol em doses suprafisiológicas pode ser teratogénico; em doses de reposição o risco é baixo, vigiando a calcemia.","Calcitriol at supraphysiological doses may be teratogenic; at replacement doses the risk is low, monitoring serum calcium.","Usar apenas se necessário, com monitorização da calcemia.","Use only if necessary, with serum calcium monitoring.","Compatível na amamentação em doses de reposição, com vigilância do lactente.","Compatible during breastfeeding at replacement doses, with infant monitoring.",Em doses de reposição não é exigido recurso contracetivo; manter cautela com doses altas.,At replacement doses no contraception requirement; caution with high doses.,EMC-UK (MHRA) — SmPC aprovada Calcitriol: https://www.medicines.org.uk/emc/product/101902/smpc,EMC-UK (MHRA) — approved Calcitriol SmPC: https://www.medicines.org.uk/emc/product/101902/smpc,publicado
ibuprofeno_gravidez,ibuprofeno,caution,"Evitar no 3.º trimestre (fecho do canal arterial, oligohidrâmnios). Uso ocasional no 1.º/2.º trimestre com precaução.","Avoid in the 3rd trimester (ductus arteriosus closure, oligohydramnios). Occasional use in 1st/2nd trimester with caution.",Evitar no 3.º trimestre; usar a menor dose pelo menor tempo possível.,Avoid in the 3rd trimester; use the lowest dose for the shortest time.,Concentração no leite baixa; uso ocasional compatível.,Low milk levels; occasional use is compatible.,Usar paracetamol na gravidez; não há exigência específica de contraceção.,Use paracetamol in pregnancy; no specific contraception.,EMC-UK (MHRA) — SmPC aprovada Ibuprofeno: https://www.medicines.org.uk/emc/product/6713/smpc,EMC-UK (MHRA) — approved Ibuprofen SmPC: https://www.medicines.org.uk/emc/product/6713/smpc,publicado
diclofenac_gravidez,diclofenac,caution,Evitar no 3.º trimestre; dados limitados no início da gravidez.,Avoid in the 3rd trimester; limited data in early pregnancy.,Evitar no 3.º trimestre; usar a menor dose possível.,Avoid in the 3rd trimester; use the lowest dose possible.,Dados limitados; uso ocasional provavelmente compatível.,Limited data; occasional use probably compatible.,Usar paracetamol se possível; não há exigência específica de contraceção.,Use paracetamol where possible; no specific contraception.,EMC-UK (MHRA) — SmPC aprovada Diclofenac: https://www.medicines.org.uk/emc/product/4333/smpc,EMC-UK (MHRA) — approved Diclofenac SmPC: https://www.medicines.org.uk/emc/product/4333/smpc,publicado
alopurinol_gravidez,alopurinol,caution,Dados limitados; uso durante a gravidez apenas se o benefício justificar o risco.,Limited data; use in pregnancy only if benefit justifies risk.,"Usar apenas se necessário, na menor dose eficaz.","Use only if necessary, at the lowest effective dose.",Dados limitados; preferir evitar durante a amamentação.,Limited data; prefer to avoid during breastfeeding.,Manter contraceção eficaz; dados limitados na conceção.,Maintain effective contraception; limited conception data.,EMC-UK (MHRA) — SmPC aprovada Alopurinol: https://www.medicines.org.uk/emc/product/100235/smpc,EMC-UK (MHRA) — approved Allopurinol SmPC: https://www.medicines.org.uk/emc/product/100235/smpc,publicado
azatioprina_gravidez,azatioprina,caution,"Usado em situações específicas (transplantes, doenças autoimunes) quando o benefício supera o risco.","Used in specific settings (transplants, autoimmune diseases) when benefit outweighs risk.",Manter apenas sob vigilância especializada; não iniciar sem indicação clara.,Keep only under specialist supervision; do not start without clear indication.,"Dados limitados; preferir evitar, embora seja por vezes mantido em mães transplantadas.","Limited data; prefer to avoid, though sometimes kept in transplanted mothers.",Planear a gravidez com a equipa médica antes de suspender/continuar.,Plan pregnancy with the specialist team before stopping/continuing.,EMC-UK (MHRA) — SmPC aprovada Azatioprina: https://www.medicines.org.uk/emc/product/14296/smpc,EMC-UK (MHRA) — approved Azathioprine SmPC: https://www.medicines.org.uk/emc/product/14296/smpc,publicado
prednisolona_gravidez,prednisolona,caution,"Os corticosteroides atravessam a placenta; risco baixo com doses baixas, mas associados a fenda palatina (pequeno aumento) no 1.º trimestre e retardo do crescimento com uso prolongado.","Corticosteroids cross the placenta; low risk at low doses, but associated with cleft palate (small increase) in the 1st trimester and growth restriction with prolonged use.",Usar a menor dose eficaz e a mais curta duração; monitorizar crescimento fetal.,Use the lowest effective dose for the shortest duration; monitor fetal growth.,Baixas doses compatíveis com amamentação; doses elevadas: aguardar 3-4 h após a toma.,Low doses are compatible with breastfeeding; high doses: wait 3-4 h after dosing.,"Contraceção não é requerida de rotina; planear com o médico, sobretudo em terapêutica prolongada.","No routine contraception needed; plan with the doctor, especially long-term therapy.",EMC-UK (MHRA) — SmPC aprovada Prednisolona: https://www.medicines.org.uk/emc/product/2427/smpc,EMC-UK (MHRA) — approved Prednisolone SmPC: https://www.medicines.org.uk/emc/product/2427/smpc,publicado
hidroxicloroquina_gravidez,hidroxicloroquina,caution,Usada habitualmente em lúpus durante a gravidez (reduz surtos); benefício geralmente supera o risco.,Routinely used in lupus during pregnancy (reduces flares); benefit usually outweighs risk.,Manter sob vigilância especializada; não suspender em lúpus sem indicação médica.,Keep under specialist supervision; do not stop in lupus without medical advice.,Concentrações no leite baixas; considerado compatível com a amamentação.,Low milk levels; considered compatible with breastfeeding.,Planear a gravidez com a equipa; contraceção não é contraindicada.,Plan pregnancy with the team; contraception not contraindicated.,EMC-UK (MHRA) — SmPC aprovada Hidroxicloroquina: https://www.medicines.org.uk/emc/product/11540/smpc,EMC-UK (MHRA) — approved Hydroxychloroquine SmPC: https://www.medicines.org.uk/emc/product/11540/smpc,publicado
cetirizina_gravidez,cetirizina,compatible,A cetirizina é um dos anti-histamínicos de eleição na gravidez; não demonstrou teratogenicidade nos estudos disponíveis.,Cetirizine is one of the preferred antihistamines in pregnancy; available studies show no teratogenicity.,"Pode ser usada em todos os trimestres quando indicado, na menor dose eficaz.","Can be used in all trimesters when indicated, at the lowest effective dose.",Excretada no leite materno em pequenas quantidades; compatível com o aleitamento.,Excreted into breast milk in small amounts; compatible with breastfeeding.,Sem contraceção adicional específica.,No specific additional contraception.,EMC-UK (MHRA) — SmPC aprovada Cetirizina: https://www.medicines.org.uk/emc/product/3217/smpc,EMC-UK (MHRA) — approved Cetirizine SmPC: https://www.medicines.org.uk/emc/product/3217/smpc,publicado
loratadina_gravidez,loratadina,compatible,A loratadina é considerada compatível na gravidez (grande experiência de uso).,Loratadine is considered compatible in pregnancy (extensive use experience).,"Pode ser usada quando indicado, na menor dose eficaz.","Can be used when indicated, at the lowest effective dose.",Excretada no leite em pequenas quantidades; compatível.,Excreted into milk in small amounts; compatible.,Sem contraceção adicional específica.,No specific additional contraception.,EMC-UK (MHRA) — SmPC aprovada Loratadina: https://www.medicines.org.uk/emc/product/10942/smpc,EMC-UK (MHRA) — approved Loratadine SmPC: https://www.medicines.org.uk/emc/product/10942/smpc,publicado
desloratadina_gravidez,desloratadina,caution,Dados limitados na gravidez; metabolito ativo da loratadina.,Limited data in pregnancy; active loratadine metabolite.,Usar apenas se o benefício justificar o risco; preferir loratadina/cetirizina se disponíveis.,Use only if benefit justifies risk; prefer loratadine/cetirizine when available.,Dados limitados; preferir evitar durante a amamentação.,Limited data; prefer to avoid during breastfeeding.,Sem contraceção adicional específica.,No specific additional contraception.,EMC-UK (MHRA) — SmPC aprovada Desloratadina: https://www.medicines.org.uk/emc/product/14722/smpc,EMC-UK (MHRA) — approved Desloratadine SmPC: https://www.medicines.org.uk/emc/product/14722/smpc,publicado
fexofenadina_gravidez,fexofenadina,compatible,A fexofenadina (metabolito da terfenadina) não demonstrou teratogenicidade nos estudos disponíveis.,Fexofenadine (terfenadine metabolite) showed no teratogenicity in available studies.,"Pode ser usada quando indicado, na menor dose eficaz.","Can be used when indicated, at the lowest effective dose.",Dados limitados na amamentação; considerar alternativa com mais dados.,Limited breastfeeding data; consider an alternative with more data.,Sem contraceção adicional específica.,No specific additional contraception.,EMC-UK (MHRA) — SmPC aprovada Fexofenadina: https://www.medicines.org.uk/emc/product/13208/smpc,EMC-UK (MHRA) — approved Fexofenadine SmPC: https://www.medicines.org.uk/emc/product/13208/smpc,publicado
levocetirizina_gravidez,levocetirizina,caution,Dados limitados na gravidez; enantiómero ativo da cetirizina.,Limited data in pregnancy; active cetirizine enantiomer.,Usar apenas se o benefício justificar o risco; preferir cetirizina se disponível.,Use only if benefit justifies risk; prefer cetirizine when available.,Dados limitados; preferir evitar durante a amamentação.,Limited data; prefer to avoid during breastfeeding.,Sem contraceção adicional específica.,No specific additional contraception.,EMC-UK (MHRA) — SmPC aprovada Levocetirizina: https://www.medicines.org.uk/emc/product/9917/smpc,EMC-UK (MHRA) — approved Levocetirizine SmPC: https://www.medicines.org.uk/emc/product/9917/smpc,publicado
difenidramina_gravidez,difenidramina,caution,Uso ocasional geralmente considerado seguro; evitar doses elevadas próximo do termo (risco teórico de efeitos oxitócicos/neonatais).,Occasional use is generally considered safe; avoid high doses near term (theoretical risk of oxytocic/neonatal effects).,Usar a menor dose possível e por curta duração.,Use the lowest possible dose for a short duration.,Concentrações no leite baixas; uso ocasional compatível com vigilância do lactente.,Low milk levels; occasional use compatible with infant monitoring.,Sem contraceção adicional específica.,No specific additional contraception.,EMC-UK (MHRA) — SmPC aprovada Difenidramina: https://www.medicines.org.uk/emc/product/1476/smpc,EMC-UK (MHRA) — approved Diphenhydramine SmPC: https://www.medicines.org.uk/emc/product/1476/smpc,publicado
dexametasona_gravidez,dexametasona,caution,Os corticosteroides atravessam a placenta; uso na gravidez apenas quando claramente indicado (ex.: maturação pulmonar fetal sob orientação).,Corticosteroids cross the placenta; use in pregnancy only when clearly indicated (e.g. fetal lung maturation under guidance).,Usar a menor dose eficaz e a mais curta duração.,Use the lowest effective dose for the shortest duration.,Baixas doses compatíveis com amamentação; doses elevadas: aguardar 3-4 h após a toma.,Low doses are compatible with breastfeeding; high doses: wait 3-4 h after dosing.,Sem contraceção adicional específica.,No specific additional contraception.,EMC-UK (MHRA) — SmPC aprovada Dexametasona: https://www.medicines.org.uk/emc/product/13196/smpc,EMC-UK (MHRA) — approved Dexamethasone SmPC: https://www.medicines.org.uk/emc/product/13196/smpc,publicado
adrenalina_gravidez,adrenalina,caution,A adrenalina é usada em emergências (anafilaxia) na gravidez quando o benefício supera o risco; o risco de hipoperfusão materna/fetal não tratada é maior que o da exposição.,Epinephrine is used in emergencies (anaphylaxis) in pregnancy when benefit outweighs risk; the risk of untreated maternal/fetal hypoperfusion exceeds exposure risk.,Usar apenas em emergência sob orientação médica.,Use only in emergencies under medical guidance.,Não contraindica a amamentação após uso agudo.,Does not contraindicate breastfeeding after acute use.,Sem contraceção adicional específica.,No specific additional contraception.,EMC-UK (MHRA) — SmPC aprovada Adrenalina: https://www.medicines.org.uk/emc/product/3673/smpc,EMC-UK (MHRA) — approved Epinephrine SmPC: https://www.medicines.org.uk/emc/product/3673/smpc,publicado
pseudoefedrina_gravidez,pseudoefedrina,caution,Evitar no 1.º trimestre (dados limitados); usar a menor dose pelo menor tempo.,Avoid in the 1st trimester (limited data); use the lowest dose for the shortest time.,Usar apenas se claramente necessário e com precaução.,Use only if clearly necessary and with caution.,Dados limitados; preferir evitar durante a amamentação.,Limited data; prefer to avoid during breastfeeding.,Sem contraceção adicional específica.,No specific additional contraception.,EMC-UK (MHRA) — SmPC aprovada Pseudoefedrina: https://www.medicines.org.uk/emc/product/8292/smpc,EMC-UK (MHRA) — approved Pseudoephedrine SmPC: https://www.medicines.org.uk/emc/product/8292/smpc,publicado
glicose_gravidez,glicose,compatible,A glicose é um nutriente essencial; as soluções de glicose são usadas na gravidez com monitorização glicémica.,Glucose is an essential nutrient; glucose solutions are used in pregnancy with glycaemic monitoring.,"Monitorizar a glicemia, sobretudo em diabetes gestacional.","Monitor blood glucose, especially in gestational diabetes.",Compatível com a amamentação.,Compatible with breastfeeding.,Sem contraceção adicional específica.,No specific additional contraception.,EMC-UK (MHRA) — SmPC aprovada Glicose (dextrose): https://www.medicines.org.uk/emc/product/13132/smpc,EMC-UK (MHRA) — approved Glucose (dextrose) SmPC: https://www.medicines.org.uk/emc/product/13132/smpc,publicado
aminoacidos_gravidez,aminoacidos,caution,As soluções de aminoácidos para nutrição parentérica só devem ser usadas quando o benefício supera o risco.,Amino acid solutions for parenteral nutrition should only be used when benefit outweighs risk.,Usar sob orientação especializada com monitorização metabólica.,Use under specialist guidance with metabolic monitoring.,Dados limitados; preferir nutrição entérica quando possível.,Limited data; prefer enteral nutrition when possible.,Sem contraceção adicional específica.,No specific additional contraception.,EMC-UK (MHRA) — SmPC aprovada Aminoácidos: https://www.medicines.org.uk/emc/product/15230/smpc,EMC-UK (MHRA) — approved Amino acids SmPC: https://www.medicines.org.uk/emc/product/15230/smpc,publicado
emulsao_lipidica_gravidez,emulsao_lipidica,caution,A emulsão lipídica intravenosa só deve ser usada quando a nutrição entérica não é possível.,Intravenous lipid emulsion should only be used when enteral nutrition is not possible.,"Usar sob orientação especializada, monitorizando triglicéridos.","Use under specialist guidance, monitoring triglycerides.",Dados limitados; preferir nutrição entérica quando possível.,Limited data; prefer enteral nutrition when possible.,Sem contraceção adicional específica.,No specific additional contraception.,EMC-UK (MHRA) — SmPC aprovada Emulsão lipídica: https://www.medicines.org.uk/emc/product/15164/smpc,EMC-UK (MHRA) — approved Lipid emulsion SmPC: https://www.medicines.org.uk/emc/product/15164/smpc,publicado
colecalciferol_gravidez,colecalciferol,compatible,A vitamina D3 em doses fisiológicas é recomendada na gravidez.,Physiological doses of vitamin D3 are recommended in pregnancy.,"Evitar doses muito elevadas; usar as doses recomendadas (600-800 UI/dia, ou conforme prescrição).","Avoid very high doses; use recommended doses (600-800 IU/day, or as prescribed).",Compatível com a amamentação nas doses fisiológicas.,Compatible with breastfeeding at physiological doses.,Sem contraceção adicional específica.,No specific additional contraception.,EMC-UK (MHRA) — SmPC aprovada Colecalciferol (vitamina D3): https://www.medicines.org.uk/emc/product/7263/smpc,EMC-UK (MHRA) — approved Cholecalciferol (vitamin D3) SmPC: https://www.medicines.org.uk/emc/product/7263/smpc,publicado
acido_ascorbico_gravidez,acido_ascorbico,compatible,A vitamina C nas doses recomendadas é segura na gravidez.,Vitamin C at recommended doses is safe in pregnancy.,Usar as doses recomendadas; evitar megadoses.,Use recommended doses; avoid megadoses.,Compatível com a amamentação.,Compatible with breastfeeding.,Sem contraceção adicional específica.,No specific additional contraception.,EMC-UK (MHRA) — SmPC aprovada Ácido ascórbico (vitamina C): https://www.medicines.org.uk/emc/product/102185/smpc,EMC-UK (MHRA) — approved Ascorbic acid (vitamin C) SmPC: https://www.medicines.org.uk/emc/product/102185/smpc,publicado
carbonato_calcio_gravidez,carbonato_calcio,compatible,O cálcio é essencial na gravidez; a suplementação é segura nas doses recomendadas.,Calcium is essential in pregnancy; supplementation is safe at recommended doses.,Usar as doses recomendadas (cerca de 1000 mg/dia).,Use recommended doses (about 1000 mg/day).,Compatível com a amamentação.,Compatible with breastfeeding.,Sem contraceção adicional específica.,No specific additional contraception.,EMC-UK (MHRA) — SmPC aprovada Carbonato de cálcio: https://www.medicines.org.uk/emc/product/1295/smpc,EMC-UK (MHRA) — approved Calcium carbonate SmPC: https://www.medicines.org.uk/emc/product/1295/smpc,publicado
cloreto_potassio_gravidez,cloreto_potassio,compatible,A manutenção da normocaliemia é importante na gravidez; a suplementação é segura quando indicada.,Maintaining normokalaemia is important in pregnancy; supplementation is safe when indicated.,"Repor o potássio apenas quando indicado, com monitorização.","Replace potassium only when indicated, with monitoring.",Compatível com a amamentação.,Compatible with breastfeeding.,Sem contraceção adicional específica.,No specific additional contraception.,EMC-UK (MHRA) — SmPC aprovada Cloreto de potássio: https://www.medicines.org.uk/emc/product/959/smpc,EMC-UK (MHRA) — approved Potassium chloride SmPC: https://www.medicines.org.uk/emc/product/959/smpc,publicado
sulfato_magnesio_gravidez,sulfato_magnesio,caution,O sulfato de magnésio é usado na gravidez (pré-eclâmpsia/eclâmpsia) apenas sob vigilância clínica.,Magnesium sulfate is used in pregnancy (pre-eclampsia/eclampsia) only under clinical supervision.,Usar apenas sob indicação e monitorização hospitalar.,Use only on indication with hospital monitoring.,Dados limitados na amamentação; usar com precaução.,Limited data in breastfeeding; use with caution.,Sem contraceção adicional específica.,No specific additional contraception.,EMC-UK (MHRA) — SmPC aprovada Sulfato de magnésio: https://www.medicines.org.uk/emc/product/10502/smpc,EMC-UK (MHRA) — approved Magnesium sulfate SmPC: https://www.medicines.org.uk/emc/product/10502/smpc,publicado
zinco_gravidez,zinco,compatible,O zinco nas doses recomendadas é seguro na gravidez.,Zinc at recommended doses is safe in pregnancy.,Usar as doses recomendadas (cerca de 11 mg/dia).,Use recommended doses (about 11 mg/day).,Compatível com a amamentação.,Compatible with breastfeeding.,Sem contraceção adicional específica.,No specific additional contraception.,EMC-UK (MHRA) — SmPC aprovada Zinco (sulfato de zinco): https://www.medicines.org.uk/emc/product/4930/smpc,EMC-UK (MHRA) — approved Zinc (zinc sulfate) SmPC: https://www.medicines.org.uk/emc/product/4930/smpc,publicado
nitrofurantoina_gravidez,nitrofurantoina,caution,"A nitrofurantoína tem uso extenso documentado na gravidez, sem evidência de teratogenicidade; é, no entanto, contraindicada no termo (38–42 semanas), durante o trabalho de parto e no recém-nascido com menos de 3 meses, pela possibilidade de anemia hemolítica por imaturidade dos sistemas enzimáticos eritrocitários.","Nitrofurantoin has extensive documented use in pregnancy, with no evidence of teratogenicity; it is, however, contraindicated at term (38–42 weeks), during labour and delivery and in infants under 3 months, due to the possibility of haemolytic anaemia from immature erythrocyte enzyme systems.",Utilizável no 1.º e 2.º trimestres quando indicado (infeção urinária baixa não complicada); contraindicada a partir do termo e durante o trabalho de parto.,Usable in the 1st and 2nd trimesters when indicated (uncomplicated lower urinary tract infection); contraindicated from term onwards and during labour.,Excretada em pequenas quantidades no leite; evitar temporariamente a amamentação se o lactente tiver défice de G6PD ou suspeita de deficiência enzimática eritrocitária.,Excreted in small amounts into breast milk; temporarily avoid breastfeeding if the infant has G6PD deficiency or a suspected erythrocyte enzyme deficiency.,Não é necessária contraceção específica.,No specific contraception needed.,"EMC-UK (MHRA) — SmPC aprovada Nitrofurantoína: https://www.medicines.org.uk/emc/product/100018/smpc ; Prontuário Terapêutico do INFARMED (11.ª ed., 2012)","EMC-UK (MHRA) — approved Nitrofurantoin SmPC: https://www.medicines.org.uk/emc/product/100018/smpc ; Prontuário Terapêutico do INFARMED (11th ed., 2012)",publicado
tadalafil_gravidez,tadalafil,no_data,O tadalafil não é indicado para uso em mulheres; os dados em grávidas são limitados.,Tadalafil is not indicated for use in women; data in pregnant women are limited.,Não indicado em mulheres; não existem dados adequados na gravidez.,Not indicated in women; no adequate data in pregnancy.,A excreção no leite humano não é conhecida; não é indicado em mulheres.,Excretion into human milk is unknown; not indicated in women.,Não aplicável (fármaco masculino).,Not applicable (male-only drug).,EMC-UK (MHRA) — SmPC aprovada Tadalafil: https://www.medicines.org.uk/emc/product/100210/smpc,EMC-UK (MHRA) — approved Tadalafil SmPC: https://www.medicines.org.uk/emc/product/100210/smpc,publicado
vardenafil_gravidez,vardenafil,no_data,O vardenafil não é indicado para uso em mulheres; não existem estudos em grávidas.,Vardenafil is not indicated for use in women; no studies in pregnant women are available.,Não indicado em mulheres; sem dados na gravidez.,Not indicated in women; no data in pregnancy.,Não é indicado em mulheres; sem dados de excreção no leite.,Not indicated in women; no data on milk excretion.,Não aplicável (fármaco masculino).,Not applicable (male-only drug).,EMC-UK (MHRA) — SmPC aprovada Vardenafil: https://www.medicines.org.uk/emc/product/11394/smpc,EMC-UK (MHRA) — approved Vardenafil SmPC: https://www.medicines.org.uk/emc/product/11394/smpc,publicado
tansulosina_gravidez,tansulosina,no_data,A tansulosina não é indicada para uso em mulheres; não existem dados de gravidez.,Tamsulosin is not indicated for use in women; no pregnancy data are available.,Não indicado em mulheres; sem dados na gravidez.,Not indicated in women; no data in pregnancy.,Não é indicado em mulheres.,Not indicated in women.,Não aplicável (fármaco masculino).,Not applicable (male-only drug).,EMC-UK (MHRA) — SmPC aprovada Tansulosina: https://www.medicines.org.uk/emc/product/102038/smpc,EMC-UK (MHRA) — approved Tamsulosin SmPC: https://www.medicines.org.uk/emc/product/102038/smpc,publicado
doxazosina_gravidez,doxazosina,caution,Não existem estudos controlados em grávidas; a doxazosina deve ser usada na gravidez apenas se o benefício esperado superar o risco.,No controlled studies in pregnant women are available; doxazosin should be used in pregnancy only if the expected benefit outweighs the risk.,Usar apenas se o benefício superar o risco; sem dados suficientes por trimestre.,Use only if benefit outweighs risk; insufficient data by trimester.,"A excreção no leite é muito baixa (dose relativa <1%), mas os dados humanos são limitados; usar apenas se o benefício superar o risco.","Milk excretion is very low (relative infant dose <1%), but human data are limited; use only if benefit outweighs risk.",Não é necessária contraceção específica.,No specific contraception needed.,EMC-UK (MHRA) — SmPC aprovada Doxazosina: https://www.medicines.org.uk/emc/product/102410/smpc,EMC-UK (MHRA) — approved Doxazosin SmPC: https://www.medicines.org.uk/emc/product/102410/smpc,publicado
finasterida_gravidez,finasterida,contraindicated,Contraindicada em mulheres grávidas ou que possam engravidar: os inibidores da 5-alfa-redutase tipo II podem causar anomalias dos genitais externos do feto masculino.,Contraindicated in pregnant women or those who may become pregnant: type II 5-alpha reductase inhibitors can cause abnormalities of the external genitalia of a male fetus.,Contraindicada em qualquer fase da gravidez; mulheres grávidas ou que possam engravidar não devem manusear comprimidos esmagados ou partidos.,Contraindicated at any stage of pregnancy; pregnant women or those who may become pregnant must not handle crushed or broken tablets.,Não é indicada em mulheres; sem dados de excreção no leite.,Not indicated in women; no data on milk excretion.,Mulheres em idade fértil devem utilizar contraceção eficaz; os homens não têm restrição específica de contraceção.,Women of child-bearing age must use effective contraception; men have no specific contraception restriction.,"DailyMed/FDA (NIH/NLM) — rótulo aprovado Finasterida: https://dailymed.nlm.nih.gov/dailymed/drugInfo.cfm?setid=350b2bdb-84a1-4465-b0ad-175b8f720400 ; Prontuário Terapêutico do INFARMED (11.ª ed., 2012)","DailyMed/FDA (NIH/NLM) — approved Finasteride label: https://dailymed.nlm.nih.gov/dailymed/drugInfo.cfm?setid=350b2bdb-84a1-4465-b0ad-175b8f720400 ; Prontuário Terapêutico do INFARMED (11th ed., 2012)",publicado
dutasterida_gravidez,dutasterida,contraindicated,Contraindicada em mulheres e em mulheres com potencial para engravidar: a dutasterida pode inibir o desenvolvimento dos genitais externos do feto masculino.,Contraindicated in women and in women of child-bearing potential: dutasteride can inhibit the development of the external genitalia of a male fetus.,Contraindicada na gravidez; mulheres grávidas ou que possam engravidar não devem manusear as cápsulas.,Contraindicated in pregnancy; pregnant women or those who may become pregnant must not handle the capsules.,Não é indicada em mulheres; sem dados de excreção no leite.,Not indicated in women; no data on milk excretion.,"Quando a parceira está ou pode estar grávida, recomenda-se o uso de preservativo (dutasterida detetada no sémen); não doar sangue até 6 meses após a última dose.","When the partner is or may be pregnant, condom use is recommended (dutasteride detected in semen); do not donate blood until 6 months after the last dose.","DailyMed/FDA (NIH/NLM) — rótulo aprovado Dutasterida: https://dailymed.nlm.nih.gov/dailymed/drugInfo.cfm?setid=947644ea-bc35-41df-8a7a-874360c90192 ; EMC-UK (MHRA) — SmPC aprovada Dutasterida: https://www.medicines.org.uk/emc/product/102479/smpc ; Prontuário Terapêutico do INFARMED (11.ª ed., 2012)","DailyMed/FDA (NIH/NLM) — approved Dutasteride label: https://dailymed.nlm.nih.gov/dailymed/drugInfo.cfm?setid=947644ea-bc35-41df-8a7a-874360c90192 ; EMC-UK (MHRA) — approved Dutasteride SmPC: https://www.medicines.org.uk/emc/product/102479/smpc ; Prontuário Terapêutico do INFARMED (11th ed., 2012)",publicado
sildenafil_gravidez,sildenafil,no_data,O sildenafil não é indicado para uso em mulheres; não existem estudos adequados em grávidas.,Sildenafil is not indicated for use in women; no adequate studies in pregnant women are available.,Não indicado em mulheres; sem dados adequados na gravidez.,Not indicated in women; no adequate data in pregnancy.,Não é indicado em mulheres; sem dados de excreção no leite.,Not indicated in women; no data on milk excretion.,Não aplicável (fármaco masculino).,Not applicable (male-only drug).,"DailyMed/FDA (NIH/NLM) — rótulo aprovado Sildenafil: https://dailymed.nlm.nih.gov/dailymed/drugInfo.cfm?setid=00ee09dd-2de0-4dc4-85f6-b51ed6eabd5b ; Prontuário Terapêutico do INFARMED (11.ª ed., 2012)","DailyMed/FDA (NIH/NLM) — approved Sildenafil label: https://dailymed.nlm.nih.gov/dailymed/drugInfo.cfm?setid=00ee09dd-2de0-4dc4-85f6-b51ed6eabd5b ; Prontuário Terapêutico do INFARMED (11th ed., 2012)",publicado
tamoxifeno_gravidez,tamoxifeno,contraindicated,"O tamoxifeno está contraindicado na gravidez; há relatos de abortos espontâneos, defeitos congénitos e morte fetal após exposição.","Tamoxifen is contraindicated in pregnancy; spontaneous abortions, birth defects and fetal deaths have been reported after exposure.",Não administrar em qualquer trimestre; as mulheres devem usar contraceção não hormonal durante o tratamento e até 9 meses após a sua suspensão.,Do not administer in any trimester; women must use non-hormonal contraception during treatment and for up to 9 months after stopping.,O tamoxifeno e os seus metabolitos ativos são excretados no leite e acumulam-se; não é recomendado durante a amamentação.,Tamoxifen and its active metabolites are excreted into milk and accumulate; it is not recommended during breastfeeding.,Contraceção não hormonal obrigatória (barreira) durante o tratamento e até 9 meses após a suspensão.,Non-hormonal contraception (barrier) is mandatory during treatment and up to 9 months after stopping.,EMC-UK (MHRA) — SmPC aprovada Tamoxifeno: https://www.medicines.org.uk/emc/product/101398/smpc,EMC-UK (MHRA) — approved Tamoxifen SmPC: https://www.medicines.org.uk/emc/product/101398/smpc,publicado
anastrozol_gravidez,anastrozol,contraindicated,O anastrozol está contraindicado na gravidez; os estudos em animais mostraram toxicidade reprodutiva e não há dados em humanos.,Anastrozole is contraindicated in pregnancy; animal studies have shown reproductive toxicity and there are no human data.,"Não administrar em qualquer trimestre; antes de iniciar, excluir gravidez e usar contraceção eficaz.","Do not administer in any trimester; before starting, rule out pregnancy and use effective contraception.",Contraindicado na amamentação por ausência de dados sobre a excreção no leite.,Contraindicated during breastfeeding due to the lack of data on excretion into milk.,Usar contraceção eficaz; o anastrozol não é indicado em mulheres pré-menopáusicas.,Use effective contraception; anastrozole is not indicated in premenopausal women.,EMC-UK (MHRA) — SmPC aprovada Anastrozol: https://www.medicines.org.uk/emc/product/100971/smpc,EMC-UK (MHRA) — approved Anastrozole SmPC: https://www.medicines.org.uk/emc/product/100971/smpc,publicado
tiamazol_gravidez,tiamazol,caution,"O tiamazol atravessa a placenta e pode causar malformações congénitas no 1.º trimestre (aplasia cutis, malformações craniofaciais e gastrintestinais, onfalocele).","Methimazole crosses the placenta and can cause congenital malformations in the 1st trimester (aplasia cutis, craniofacial and GI malformations, omphalocele).",Evitar no 1.º trimestre (preferir propiltiouracilo nesse período); usar a dose mínima eficaz e monitorizar a função tiroideia materna e fetal.,Avoid in the 1st trimester (prefer propylthiouracil in that period); use the lowest effective dose and monitor maternal and fetal thyroid function.,"O tiamazol é excretado no leite em pequenas quantidades; estudos não mostraram toxicidade no lactente, mas a função tiroideia do lactente deve ser monitorizada.","Methimazole is excreted into milk in small amounts; studies have shown no toxicity in the infant, but the infant's thyroid function should be monitored.",Sem necessidade específica além da monitorização habitual; o hipertiroidismo não tratado na gravidez é prejudicial para a mãe e o feto.,No specific need beyond routine monitoring; untreated hyperthyroidism in pregnancy is harmful to both mother and fetus.,DailyMed/FDA (NIH/NLM) — rótulo aprovado Tiamazol: https://dailymed.nlm.nih.gov/dailymed/drugInfo.cfm?setid=b53f84ac-4263-478c-883d-aca7ab44fef5,DailyMed/FDA (NIH/NLM) — approved Methimazole label: https://dailymed.nlm.nih.gov/dailymed/drugInfo.cfm?setid=b53f84ac-4263-478c-883d-aca7ab44fef5,publicado
glimepirida_gravidez,glimepirida,contraindicated,A glimepirida não deve ser usada durante a gravidez; a insulina é o fármaco de primeira linha no controlo da diabetes na gravidez.,Glimepiride should not be used during pregnancy; insulin is the first-line drug for glycaemic control in pregnancy.,"Não usar em qualquer trimestre; se a gravidez for planeada ou detetada, mudar para insulina o mais cedo possível.","Do not use in any trimester; if pregnancy is planned or detected, switch to insulin as early as possible.","Como outras sulfonilureias, é excretada no leite e há risco de hipoglicemia no lactente — a amamentação não é recomendada durante o tratamento.","Like other sulfonylureas, it is excreted into milk and there is a risk of hypoglycaemia in the infant — breastfeeding is not recommended during treatment.","Sem dados específicos; a contraceção é recomendada se não houver desejo de gravidez, com planeamento da transição para insulina.","No specific data; contraception is recommended if pregnancy is not desired, with planned transition to insulin.",EMC-UK (MHRA) — SmPC aprovada Glimepirida: https://www.medicines.org.uk/emc/product/10742/smpc,EMC-UK (MHRA) — approved Glimepiride SmPC: https://www.medicines.org.uk/emc/product/10742/smpc,publicado
gliclazida_gravidez,gliclazida,contraindicated,Os antidiabéticos orais não são adequados na gravidez; a insulina é o fármaco de primeira escolha e a gliclazida deve ser substituída antes da conceção ou logo que a gravidez seja detetada.,Oral antidiabetics are not suitable in pregnancy; insulin is the first-choice drug and gliclazide should be replaced before conception or as soon as pregnancy is detected.,Não usar em qualquer trimestre; mudar para insulina antes da gravidez planeada ou assim que a gravidez seja descoberta.,Do not use in any trimester; switch to insulin before a planned pregnancy or as soon as pregnancy is discovered.,Desconhecida a excreção no leite; contraindicada na amamentação pelo risco de hipoglicemia neonatal.,Excretion into milk is unknown; contraindicated during breastfeeding due to the risk of neonatal hypoglycaemia.,Sem dados específicos; planeamento da gravidez com transição para insulina.,No specific data; pregnancy planning with transition to insulin.,EMC-UK (MHRA) — SmPC aprovada Gliclazida: https://www.medicines.org.uk/emc/product/1321/smpc,EMC-UK (MHRA) — approved Gliclazide SmPC: https://www.medicines.org.uk/emc/product/1321/smpc,publicado
pioglitazona_gravidez,pioglitazona,contraindicated,A pioglitazona não deve ser usada na gravidez (dados inadequados em humanos; toxicidade fetossomática em animais).,Pioglitazone should not be used in pregnancy (inadequate human data; foetotoxicity in animals).,"Não usar em qualquer trimestre; se ocorrer gravidez, suspender o tratamento.","Do not use in any trimester; if pregnancy occurs, stop treatment.",Não usar na amamentação (presença no leite em animais; desconhecido em humanos).,Do not use during breastfeeding (present in milk in animals; unknown in humans).,"Não recomendado em mulheres em idade fértil sem contraceção eficaz; se desejar gravidez, suspender e mudar para insulina/metformina conforme orientação.","Not recommended in women of childbearing potential without effective contraception; if pregnancy is desired, stop and switch to insulin/metformin as guided.",EMC-UK (MHRA) — SmPC aprovada Pioglitazona: https://www.medicines.org.uk/emc/product/12841/smpc,EMC-UK (MHRA) — approved Pioglitazone SmPC: https://www.medicines.org.uk/emc/product/12841/smpc,publicado
levonorgestrel_gravidez,levonorgestrel,caution,"A contraceção de emergência com levonorgestrel não é teratogénica (dados extensos não mostram aumento do risco de malformações), mas não deve ser usada como método regular.","Emergency contraception with levonorgestrel is not teratogenic (extensive data show no increase in malformation risk), but it must not be used as a regular method.","Não usar se a gravidez já estiver confirmada (não será eficaz); em gravidez inadvertida após uso, não há indicação para interromper a gravidez.","Do not use if pregnancy is already confirmed (it will not be effective); after inadvertent use in pregnancy, there is no indication to terminate.",O levonorgestrel é excretado no leite em pequenas quantidades; pode usar-se na amamentação como contraceção de emergência.,Levonorgestrel is excreted into milk in small amounts; it can be used during breastfeeding for emergency contraception.,Uso pontual como contraceção de emergência; não substitui a contraceção regular.,Occasional use as emergency contraception; it does not replace regular contraception.,DailyMed/FDA (NIH/NLM) — rótulo aprovado Levonorgestrel: https://dailymed.nlm.nih.gov/dailymed/drugInfo.cfm?setid=07567b80-d8a1-41c0-95e4-33afa584bbc4,DailyMed/FDA (NIH/NLM) — approved Levonorgestrel label: https://dailymed.nlm.nih.gov/dailymed/drugInfo.cfm?setid=07567b80-d8a1-41c0-95e4-33afa584bbc4,publicado
estradiol_gravidez,estradiol,contraindicated,"O estradiol não é indicado na gravidez; os estudos epidemiológicos não indicaram efeito teratogénico com exposição inadvertida, mas o fármaco não deve ser usado.","Estradiol is not indicated in pregnancy; epidemiological studies have not indicated a teratogenic effect with inadvertent exposure, but the drug must not be used.",Suspender imediatamente se ocorrer gravidez durante o tratamento; não usar em qualquer trimestre.,Stop immediately if pregnancy occurs during treatment; do not use in any trimester.,Os estrogénios reduzem a produção de leite; a terapêutica hormonal não é indicada durante a amamentação.,Oestrogens reduce milk production; hormone therapy is not indicated during breastfeeding.,"Em mulheres em idade fértil, usar contraceção eficaz se a terapêutica hormonal for iniciada (habitualmente pré-menopausa excluída).","In women of childbearing age, use effective contraception if hormone therapy is started (usually premenopause is excluded).",DailyMed/FDA (NIH/NLM) — rótulo aprovado Estradiol: https://dailymed.nlm.nih.gov/dailymed/drugInfo.cfm?setid=5718f042-e8c0-b721-e063-6294a90a5bef,DailyMed/FDA (NIH/NLM) — approved Estradiol label: https://dailymed.nlm.nih.gov/dailymed/drugInfo.cfm?setid=5718f042-e8c0-b721-e063-6294a90a5bef,publicado
glibenclamida_gravidez,glibenclamida,caution,"As sulfonilureias atravessam a placenta; a insulina é o fármaco de primeira linha na gravidez, mas a glibenclamida tem sido usada em alguns protocolos com monitorização.","Sulfonylureas cross the placenta; insulin is the first-line drug in pregnancy, but glyburide has been used in some protocols with monitoring.","Preferir insulina; se a glibenclamida for mantida (protocolos selecionados), monitorizar a glicemia materna e o crescimento fetal.","Prefer insulin; if glyburide is kept (selected protocols), monitor maternal glucose and fetal growth.",Há risco de hipoglicemia no lactente; usar com precaução na amamentação e monitorizar o lactente.,There is a risk of hypoglycaemia in the infant; use with caution during breastfeeding and monitor the infant.,Sem dados específicos; planeamento da gravidez com transição para insulina conforme orientação.,No specific data; pregnancy planning with transition to insulin as guided.,DailyMed/FDA (NIH/NLM) — rótulo aprovado Glibenclamida: https://dailymed.nlm.nih.gov/dailymed/drugInfo.cfm?setid=524eec41-37ee-419a-b7a1-d23e888ae6ab,DailyMed/FDA (NIH/NLM) — approved Glyburide label: https://dailymed.nlm.nih.gov/dailymed/drugInfo.cfm?setid=524eec41-37ee-419a-b7a1-d23e888ae6ab,publicado
claritromicina_gravidez,claritromicina,caution,"A claritromicina atravessa a placenta; os dados em humanos são limitados, mas os macrólidos são geralmente usados na gravidez quando indicados.","Clarithromycin crosses the placenta; human data are limited, but macrolides are generally used in pregnancy when indicated.",Usar apenas se o benefício justificar o risco; não é o macrólido de primeira escolha na gravidez.,Use only if the benefit justifies the risk; not the first-choice macrolide in pregnancy.,Excretada no leite; evitar durante a amamentação ou usar com precaução.,Excreted into breast milk; avoid while breastfeeding or use with caution.,Sem contraceção adicional específica.,No specific additional contraception.,DailyMed/FDA (NIH/NLM) — rótulo aprovado Claritromicina: https://dailymed.nlm.nih.gov/dailymed/drugInfo.cfm?setid=d5be5f12-6392-4d7d-ab23-ebc205ac1a85,DailyMed/FDA (NIH/NLM) — approved Clarithromycin label: https://dailymed.nlm.nih.gov/dailymed/drugInfo.cfm?setid=d5be5f12-6392-4d7d-ab23-ebc205ac1a85,publicado
rifampicina_gravidez,rifampicina,caution,"A rifampicina atravessa a placenta; os dados são limitados, mas é usada na gravidez para tratar tuberculose ativa.","Rifampicin crosses the placenta; data are limited, but it is used in pregnancy to treat active tuberculosis.","Usar na tuberculose ativa, com suplementação de vitamina K no recém-nascido e vitamina B6 materna.","Use in active tuberculosis, with vitamin K supplementation in the neonate and maternal vitamin B6.",Excretada no leite; compatível com a amamentação sob vigilância.,Excreted into breast milk; compatible with breastfeeding under supervision.,A rifampicina reduz a eficácia dos contracetivos hormonais — usar método adicional (barreira).,Rifampicin reduces the efficacy of hormonal contraceptives — use an additional (barrier) method.,DailyMed/FDA (NIH/NLM) — rótulo aprovado Rifampicina: https://dailymed.nlm.nih.gov/dailymed/drugInfo.cfm?setid=b389b1a3-672f-47e3-916c-4a9c044b211b,DailyMed/FDA (NIH/NLM) — approved Rifampicin label: https://dailymed.nlm.nih.gov/dailymed/drugInfo.cfm?setid=b389b1a3-672f-47e3-916c-4a9c044b211b,publicado
cetoconazol_gravidez,cetoconazol,contraindicated,O cetoconazol oral é teratogénico em animais e não deve ser usado na gravidez (o uso tópico tem exposição mínima).,Oral ketoconazole is teratogenic in animals and should not be used in pregnancy (topical use has minimal exposure).,Contraindicado por via oral na gravidez; preferir antifúngico alternativo.,Contraindicated orally in pregnancy; prefer an alternative antifungal.,Excretado no leite; evitar durante a amamentação.,Excreted into breast milk; avoid while breastfeeding.,Aconselhar contraceção eficaz durante o tratamento oral.,Advise effective contraception during oral treatment.,DailyMed/FDA (NIH/NLM) — rótulo aprovado Cetoconazol: https://dailymed.nlm.nih.gov/dailymed/drugInfo.cfm?setid=f162e616-21b4-49b1-b437-15e21001a6f0,DailyMed/FDA (NIH/NLM) — approved Ketoconazole label: https://dailymed.nlm.nih.gov/dailymed/drugInfo.cfm?setid=f162e616-21b4-49b1-b437-15e21001a6f0,publicado
ciprofloxacina_gravidez,ciprofloxacina,caution,"As fluoroquinolonas causam artropatia em animais jovens; os dados humanos são limitados, mas o uso na gravidez é geralmente evitado.","Fluoroquinolones cause arthropathy in young animals; human data are limited, but use in pregnancy is generally avoided.","Evitar na gravidez, exceto se não existirem alternativas seguras.",Avoid in pregnancy unless no safe alternative exists.,Excretada no leite; evitar durante a amamentação.,Excreted into breast milk; avoid while breastfeeding.,Sem contraceção adicional específica.,No specific additional contraception.,DailyMed/FDA (NIH/NLM) — rótulo aprovado Ciprofloxacina: https://dailymed.nlm.nih.gov/dailymed/drugInfo.cfm?setid=14c3bc33-201d-492e-9aee-a4d84c813a3d,DailyMed/FDA (NIH/NLM) — approved Ciprofloxacin label: https://dailymed.nlm.nih.gov/dailymed/drugInfo.cfm?setid=14c3bc33-201d-492e-9aee-a4d84c813a3d,publicado
itraconazol_gravidez,itraconazol,contraindicated,O itraconazol é teratogénico em animais; os dados humanos são limitados e o uso na gravidez deve ser evitado.,Itraconazole is teratogenic in animals; human data are limited and use in pregnancy should be avoided.,"Contraindicado na gravidez, exceto em infeção fúngica grave sem alternativa.","Contraindicated in pregnancy, except in severe fungal infection without an alternative.",Excretado no leite; evitar durante a amamentação.,Excreted into breast milk; avoid while breastfeeding.,Aconselhar contraceção eficaz durante o tratamento e até 2 meses após a suspensão.,Advise effective contraception during treatment and up to 2 months after stopping.,DailyMed/FDA (NIH/NLM) — rótulo aprovado Itraconazol: https://dailymed.nlm.nih.gov/dailymed/drugInfo.cfm?setid=68165d90-953c-e2f5-e053-2a91aa0ada25,DailyMed/FDA (NIH/NLM) — approved Itraconazole label: https://dailymed.nlm.nih.gov/dailymed/drugInfo.cfm?setid=68165d90-953c-e2f5-e053-2a91aa0ada25,publicado
cloroquina_gravidez,cloroquina,caution,"A cloroquina atravessa a placenta; não é teratogénica nas doses antimaláricas, mas os dados são limitados.","Chloroquine crosses the placenta; it is not teratogenic at antimalarial doses, but data are limited.","Pode ser usada na profilaxia e tratamento da malária na gravidez, sob vigilância.","May be used for malaria prophylaxis and treatment in pregnancy, under supervision.",Excretada no leite; compatível com a amamentação.,Excreted into breast milk; compatible with breastfeeding.,Sem contraceção adicional específica.,No specific additional contraception.,DailyMed/FDA (NIH/NLM) — rótulo aprovado Cloroquina: https://dailymed.nlm.nih.gov/dailymed/drugInfo.cfm?setid=06c69e2b-211b-4746-9f3a-f86d36520570,DailyMed/FDA (NIH/NLM) — approved Chloroquine label: https://dailymed.nlm.nih.gov/dailymed/drugInfo.cfm?setid=06c69e2b-211b-4746-9f3a-f86d36520570,publicado
voriconazol_gravidez,voriconazol,contraindicated,O voriconazol é teratogénico e embriotóxico em animais; contraindicado na gravidez.,Voriconazole is teratogenic and embryotoxic in animals; contraindicated in pregnancy.,Contraindicado na gravidez; usar contraceção eficaz durante o tratamento.,Contraindicated in pregnancy; use effective contraception during treatment.,Excretado no leite; evitar durante a amamentação.,Excreted into breast milk; avoid while breastfeeding.,Aconselhar contraceção eficaz durante o tratamento.,Advise effective contraception during treatment.,DailyMed/FDA (NIH/NLM) — rótulo aprovado Voriconazol: https://dailymed.nlm.nih.gov/dailymed/drugInfo.cfm?setid=c620b2d7-3c2b-4252-8cfc-2f322d624435,DailyMed/FDA (NIH/NLM) — approved Voriconazole label: https://dailymed.nlm.nih.gov/dailymed/drugInfo.cfm?setid=c620b2d7-3c2b-4252-8cfc-2f322d624435,publicado
fluconazol_gravidez,fluconazol,caution,Doses baixas e curtas de fluconazol não se associam a malformações; doses elevadas (≥ 400 mg/dia) prolongadas associam-se a risco aumentado.,"Low, short fluconazole doses are not associated with malformations; prolonged high doses (≥ 400 mg/day) are associated with increased risk.",Usar a menor dose eficaz pelo menor tempo; evitar doses elevadas prolongadas na gravidez.,Use the lowest effective dose for the shortest time; avoid prolonged high doses in pregnancy.,Excretado no leite; compatível com a amamentação em doses habituais.,Excreted into breast milk; compatible with breastfeeding at usual doses.,Sem contraceção adicional específica.,No specific additional contraception.,DailyMed/FDA (NIH/NLM) — rótulo aprovado Fluconazol: https://dailymed.nlm.nih.gov/dailymed/drugInfo.cfm?setid=7961c029-746c-48c3-888b-8f8344102873,DailyMed/FDA (NIH/NLM) — approved Fluconazole label: https://dailymed.nlm.nih.gov/dailymed/drugInfo.cfm?setid=7961c029-746c-48c3-888b-8f8344102873,publicado
eritromicina_gravidez,eritromicina,compatible,A eritromicina é o macrólido de primeira escolha na gravidez quando indicado; não se associou a malformações major.,Erythromycin is the first-choice macrolide in pregnancy when indicated; no major malformations have been associated.,"Pode ser usada na gravidez quando indicado (ex.: Legionella, coqueluche, clamídia).","May be used in pregnancy when indicated (e.g. Legionella, pertussis, chlamydia).",Excretada no leite; compatível com a amamentação.,Excreted into breast milk; compatible with breastfeeding.,Sem contraceção adicional específica.,No specific additional contraception.,DailyMed/FDA (NIH/NLM) — rótulo aprovado Eritromicina: https://dailymed.nlm.nih.gov/dailymed/drugInfo.cfm?setid=ca65a48f-5fe6-4b31-8359-51dbc31f6d4e,DailyMed/FDA (NIH/NLM) — approved Erythromycin label: https://dailymed.nlm.nih.gov/dailymed/drugInfo.cfm?setid=ca65a48f-5fe6-4b31-8359-51dbc31f6d4e,publicado
isoniazida_gravidez,isoniazida,caution,"A isoniazida atravessa a placenta; não é teratogénica, mas é hepatotóxica e exige suplementação de vitamina B6 na gravidez.","Isoniazid crosses the placenta; it is not teratogenic, but is hepatotoxic and requires vitamin B6 supplementation in pregnancy.",Usar na tuberculose ativa na gravidez; suplementar piridoxina e vigiar transaminases.,Use for active tuberculosis in pregnancy; supplement pyridoxine and monitor transaminases.,Excretada no leite; compatível com a amamentação sob vigilância.,Excreted into breast milk; compatible with breastfeeding under supervision.,Sem contraceção adicional específica.,No specific additional contraception.,DailyMed/FDA (NIH/NLM) — rótulo aprovado Isoniazida: https://dailymed.nlm.nih.gov/dailymed/drugInfo.cfm?setid=93252cc8-c8d4-401b-bde5-ca8a3b57651e,DailyMed/FDA (NIH/NLM) — approved Isoniazid label: https://dailymed.nlm.nih.gov/dailymed/drugInfo.cfm?setid=93252cc8-c8d4-401b-bde5-ca8a3b57651e,publicado
metronidazol_gravidez,metronidazol,caution,"O metronidazol atravessa a placenta; os dados não mostram aumento claro de malformações, mas o uso no 1.º trimestre é cauteloso.","Metronidazole crosses the placenta; data show no clear increase in malformations, but use in the 1st trimester is cautious.",Evitar no 1.º trimestre; usar doses curtas quando claramente indicado.,Avoid in the 1st trimester; use short courses when clearly indicated.,Excretado no leite; evitar a amamentação durante o tratamento e 12–24 h após a última dose.,Excreted into breast milk; avoid breastfeeding during treatment and for 12–24 h after the last dose.,Sem contraceção adicional específica.,No specific additional contraception.,DailyMed/FDA (NIH/NLM) — rótulo aprovado Metronidazol: https://dailymed.nlm.nih.gov/dailymed/drugInfo.cfm?setid=5cc3fd98-d579-432e-a4b5-b6d5586991a6,DailyMed/FDA (NIH/NLM) — approved Metronidazole label: https://dailymed.nlm.nih.gov/dailymed/drugInfo.cfm?setid=5cc3fd98-d579-432e-a4b5-b6d5586991a6,publicado
cotrimoxazol_gravidez,cotrimoxazol,caution,O trimetoprim é antagonista do folato; o uso no 1.º trimestre associa-se a risco aumentado de malformações (defeitos do tubo neural).,Trimethoprim is a folate antagonist; use in the 1st trimester is associated with an increased risk of malformations (neural tube defects).,Evitar no 1.º trimestre; suplementar ácido fólico se inevitável.,Avoid in the 1st trimester; supplement folic acid if unavoidable.,Excretado no leite; evitar durante a amamentação em recém-nascidos (risco de kernicterus com sulfonamidas).,Excreted into breast milk; avoid while breastfeeding neonates (kernicterus risk with sulphonamides).,Sem contraceção adicional específica.,No specific additional contraception.,DailyMed/FDA (NIH/NLM) — rótulo aprovado Cotrimoxazol: https://dailymed.nlm.nih.gov/dailymed/drugInfo.cfm?setid=08500fcb-dbec-4ac2-91c3-189d27907ec0,DailyMed/FDA (NIH/NLM) — approved Co-trimoxazole label: https://dailymed.nlm.nih.gov/dailymed/drugInfo.cfm?setid=08500fcb-dbec-4ac2-91c3-189d27907ec0,publicado
levofloxacina_gravidez,levofloxacina,caution,As fluoroquinolonas causam artropatia em animais jovens; o uso na gravidez é geralmente evitado.,Fluoroquinolones cause arthropathy in young animals; use in pregnancy is generally avoided.,"Evitar na gravidez, exceto se não existirem alternativas seguras.",Avoid in pregnancy unless no safe alternative exists.,Excretada no leite; evitar durante a amamentação.,Excreted into breast milk; avoid while breastfeeding.,Sem contraceção adicional específica.,No specific additional contraception.,DailyMed/FDA (NIH/NLM) — rótulo aprovado Levofloxacina: https://dailymed.nlm.nih.gov/dailymed/drugInfo.cfm?setid=857f256c-88ac-4f73-9815-c2724edf2f1e,DailyMed/FDA (NIH/NLM) — approved Levofloxacin label: https://dailymed.nlm.nih.gov/dailymed/drugInfo.cfm?setid=857f256c-88ac-4f73-9815-c2724edf2f1e,publicado
azitromicina_gravidez,azitromicina,compatible,A azitromicina não se associou a aumento de malformações major; é usada na gravidez quando o macrólido está indicado.,Azithromycin has not been associated with an increase in major malformations; it is used in pregnancy when a macrolide is indicated.,Pode ser usada na gravidez quando indicado.,May be used in pregnancy when indicated.,Excretada no leite; compatível com a amamentação.,Excreted into breast milk; compatible with breastfeeding.,Sem contraceção adicional específica.,No specific additional contraception.,DailyMed/FDA (NIH/NLM) — rótulo aprovado Azitromicina: https://dailymed.nlm.nih.gov/dailymed/drugInfo.cfm?setid=db52b91e-79f7-4cc1-9564-f2eee8e31c45,DailyMed/FDA (NIH/NLM) — approved Azithromycin label: https://dailymed.nlm.nih.gov/dailymed/drugInfo.cfm?setid=db52b91e-79f7-4cc1-9564-f2eee8e31c45,publicado
doxiciclina_gravidez,doxiciclina,contraindicated,"As tetraciclinas causam alterações ósseas e dentárias no feto (descoloração dos dentes, hipoplasia do esmalte) após o 4.º mês.","Tetracyclines cause fetal bone and dental changes (tooth discolouration, enamel hypoplasia) after the 4th month.",Contraindicada no 2.º e 3.º trimestres; evitar sempre que existam alternativas.,Contraindicated in the 2nd and 3rd trimesters; avoid whenever alternatives exist.,Excretada no leite; evitar durante a amamentação (risco de descoloração dentária no lactente).,Excreted into breast milk; avoid while breastfeeding (risk of dental discolouration in the infant).,Aconselhar contraceção eficaz se o tratamento for prolongado.,Advise effective contraception if treatment is prolonged.,DailyMed/FDA (NIH/NLM) — rótulo aprovado Doxiciclina: https://dailymed.nlm.nih.gov/dailymed/drugInfo.cfm?setid=bcc95094-80ed-4023-b2a6-955a4810bfbe,DailyMed/FDA (NIH/NLM) — approved Doxycycline label: https://dailymed.nlm.nih.gov/dailymed/drugInfo.cfm?setid=bcc95094-80ed-4023-b2a6-955a4810bfbe,publicado
pirazinamida_gravidez,pirazinamida,caution,"A pirazinamida atravessa a placenta; é usada no tratamento da tuberculose ativa na gravidez, com vigilância da função hepática.","Pyrazinamide crosses the placenta; it is used to treat active tuberculosis in pregnancy, with monitoring of liver function.","Usar na tuberculose ativa, com vigilância de transaminases; dose habitual em adultos.","Use in active tuberculosis, with transaminase monitoring; usual adult dose.",Excretada no leite; compatível com a amamentação sob vigilância.,Excreted into breast milk; compatible with breastfeeding under supervision.,Sem contraceção adicional específica.,No specific additional contraception.,DailyMed/FDA (NIH/NLM) — rótulo aprovado Pirazinamida: https://dailymed.nlm.nih.gov/dailymed/drugInfo.cfm?setid=262d8829-728c-48db-b89b-88d13b87e684,DailyMed/FDA (NIH/NLM) — approved Pyrazinamide label: https://dailymed.nlm.nih.gov/dailymed/drugInfo.cfm?setid=262d8829-728c-48db-b89b-88d13b87e684,publicado
etambutol_gravidez,etambutol,caution,O etambutol atravessa a placenta; não é teratogénico conhecido nas doses terapêuticas e é usado na tuberculose ativa na gravidez.,Ethambutol crosses the placenta; it is not a known teratogen at therapeutic doses and is used in active tuberculosis in pregnancy.,Usar na tuberculose ativa; a dose baseada no peso é segura na gravidez.,Use in active tuberculosis; the weight-based dose is safe in pregnancy.,Excretado no leite; compatível com a amamentação sob vigilância.,Excreted into breast milk; compatible with breastfeeding under supervision.,Sem contraceção adicional específica.,No specific additional contraception.,DailyMed/FDA (NIH/NLM) — rótulo aprovado Etambutol: https://dailymed.nlm.nih.gov/dailymed/drugInfo.cfm?setid=c12b3482-55f0-4324-bdcd-b129ca2dae73,DailyMed/FDA (NIH/NLM) — approved Ethambutol label: https://dailymed.nlm.nih.gov/dailymed/drugInfo.cfm?setid=c12b3482-55f0-4324-bdcd-b129ca2dae73,publicado
rifabutina_gravidez,rifabutina,caution,Os dados em humanos são limitados; a rifabutina deve ser usada na gravidez apenas se o benefício justificar o risco.,Human data are limited; rifabutin should be used in pregnancy only if the benefit justifies the risk.,Usar apenas se o benefício justificar o risco; não é o fármaco de primeira linha na gravidez.,Use only if the benefit justifies the risk; not the first-line agent in pregnancy.,Excretada no leite; compatível com a amamentação sob vigilância.,Excreted into breast milk; compatible with breastfeeding under supervision.,A rifabutina induz o CYP3A4 e reduz a eficácia dos contracetivos hormonais — usar método adicional (barreira).,Rifabutin induces CYP3A4 and reduces the efficacy of hormonal contraceptives — use an additional (barrier) method.,DailyMed/FDA (NIH/NLM) — rótulo aprovado Rifabutina: https://dailymed.nlm.nih.gov/dailymed/drugInfo.cfm?setid=c2026b67-4755-4236-96b6-a6b5e7399707,DailyMed/FDA (NIH/NLM) — approved Rifabutin label: https://dailymed.nlm.nih.gov/dailymed/drugInfo.cfm?setid=c2026b67-4755-4236-96b6-a6b5e7399707,publicado
estreptomicina_gravidez,estreptomicina,contraindicated,A estreptomicina atravessa a placenta e pode causar ototoxicidade fetal irreversível (lesão do 8.º par craniano); está contraindicada na gravidez.,Streptomycin crosses the placenta and can cause irreversible fetal ototoxicity (8th cranial nerve damage); it is contraindicated in pregnancy.,Contraindicada na gravidez; escolher esquema antituberculoso alternativo.,Contraindicated in pregnancy; choose an alternative antituberculosis regimen.,Excretada no leite em pequenas quantidades; compatível com a amamentação sob vigilância.,Excreted into breast milk in small amounts; compatible with breastfeeding under supervision.,Sem contraceção adicional específica.,No specific additional contraception.,DailyMed/FDA (NIH/NLM) — rótulo aprovado Estreptomicina: https://dailymed.nlm.nih.gov/dailymed/drugInfo.cfm?setid=abd1f64e-4283-4370-aae8-3666316aa36e,DailyMed/FDA (NIH/NLM) — approved Streptomycin label: https://dailymed.nlm.nih.gov/dailymed/drugInfo.cfm?setid=abd1f64e-4283-4370-aae8-3666316aa36e,publicado
linezolida_gravidez,linezolida,caution,Os dados em humanos são limitados; a linezolida deve ser usada na gravidez apenas se o benefício justificar o risco.,Human data are limited; linezolid should be used in pregnancy only if the benefit justifies the risk.,Usar apenas se não existirem alternativas mais seguras.,Use only if no safer alternative exists.,Excretada no leite; evitar durante a amamentação ou usar com precaução.,Excreted into breast milk; avoid while breastfeeding or use with caution.,Sem contraceção adicional específica.,No specific additional contraception.,DailyMed/FDA (NIH/NLM) — rótulo aprovado Linezolida: https://dailymed.nlm.nih.gov/dailymed/drugInfo.cfm?setid=90dd8c13-c428-4472-91e5-5b1fcdc4fce3,DailyMed/FDA (NIH/NLM) — approved Linezolid label: https://dailymed.nlm.nih.gov/dailymed/drugInfo.cfm?setid=90dd8c13-c428-4472-91e5-5b1fcdc4fce3,publicado
bedaquilina_gravidez,bedaquilina,caution,"Os dados em humanos são muito limitados; a bedaquilina não é recomendada na gravidez, exceto se o benefício superar claramente o risco.",Human data are very limited; bedaquiline is not recommended in pregnancy unless the benefit clearly outweighs the risk.,Evitar na gravidez; considerar apenas em tuberculose multirresistente sem alternativa.,Avoid in pregnancy; consider only in multidrug-resistant tuberculosis without an alternative.,Excretada no leite; evitar durante a amamentação (dados insuficientes).,Excreted into breast milk; avoid while breastfeeding (insufficient data).,Sem contraceção adicional específica.,No specific additional contraception.,DailyMed/FDA (NIH/NLM) — rótulo aprovado Bedaquilina: https://dailymed.nlm.nih.gov/dailymed/drugInfo.cfm?setid=1534c9ae-4948-4cf4-9f66-222a99db6d0e,DailyMed/FDA (NIH/NLM) — approved Bedaquiline label: https://dailymed.nlm.nih.gov/dailymed/drugInfo.cfm?setid=1534c9ae-4948-4cf4-9f66-222a99db6d0e,publicado
atazanavir_gravidez,atazanavir,caution,O atazanavir é usado na gravidez como parte da terapêutica anti-retrovírica do HIV; a exposição fetal é aceite face ao benefício da supressão viral.,Atazanavir is used in pregnancy as part of HIV antiretroviral therapy; fetal exposure is accepted given the benefit of viral suppression.,Usar na gravidez como parte do esquema anti-retrovírico; a dose pode necessitar de ajuste no 3.º trimestre.,Use in pregnancy as part of the antiretroviral regimen; the dose may need adjustment in the 3rd trimester.,Excretado no leite; na infeção por HIV recomenda-se não amamentar independentemente do tratamento.,Excreted into breast milk; in HIV infection breastfeeding is not recommended regardless of treatment.,O atazanavir reduz os níveis de estrogénio/progestagénio — considerar método adicional se usado contracetivo hormonal.,Atazanavir lowers oestrogen/progestin levels — consider an additional method if a hormonal contraceptive is used.,DailyMed/FDA (NIH/NLM) — rótulo aprovado Atazanavir: https://dailymed.nlm.nih.gov/dailymed/drugInfo.cfm?setid=165cff62-b284-4a27-a65d-9ec8a5bfcdd8,DailyMed/FDA (NIH/NLM) — approved Atazanavir label: https://dailymed.nlm.nih.gov/dailymed/drugInfo.cfm?setid=165cff62-b284-4a27-a65d-9ec8a5bfcdd8,publicado
efavirenz_gravidez,efavirenz,caution,O efavirenz é teratogénico em primatas (defeitos do tubo neural) e deve ser evitado no 1.º trimestre; os dados humanos são limitados.,Efavirenz is teratogenic in primates (neural tube defects) and should be avoided in the 1st trimester; human data are limited.,"Evitar no 1.º trimestre; se possível, preferir alternativa (ex.: dolutegravir) em mulheres em idade fértil.","Avoid in the 1st trimester; where possible, prefer an alternative (e.g. dolutegravir) in women of childbearing age.",Excretado no leite; na infeção por HIV recomenda-se não amamentar independentemente do tratamento.,Excreted into breast milk; in HIV infection breastfeeding is not recommended regardless of treatment.,Aconselhar contraceção eficaz durante o tratamento (o efavirenz pode reduzir a eficácia dos contracetivos hormonais).,Advise effective contraception during treatment (efavirenz may reduce the efficacy of hormonal contraceptives).,DailyMed/FDA (NIH/NLM) — rótulo aprovado Efavirenz: https://dailymed.nlm.nih.gov/dailymed/drugInfo.cfm?setid=92603fa5-7a2c-4bfb-9a70-aadb4fba952c,DailyMed/FDA (NIH/NLM) — approved Efavirenz label: https://dailymed.nlm.nih.gov/dailymed/drugInfo.cfm?setid=92603fa5-7a2c-4bfb-9a70-aadb4fba952c,publicado
lamivudina_gravidez,lamivudina,caution,A lamivudina é usada na gravidez para prevenção da transmissão vertical do HIV; não é teratogénica conhecida nas doses terapêuticas.,Lamivudine is used in pregnancy to prevent vertical transmission of HIV; it is not a known teratogen at therapeutic doses.,Usar na gravidez como parte do esquema anti-retrovírico do HIV.,Use in pregnancy as part of the HIV antiretroviral regimen.,Excretada no leite; na infeção por HIV recomenda-se não amamentar independentemente do tratamento.,Excreted into breast milk; in HIV infection breastfeeding is not recommended regardless of treatment.,Sem contraceção adicional específica.,No specific additional contraception.,DailyMed/FDA (NIH/NLM) — rótulo aprovado Lamivudina: https://dailymed.nlm.nih.gov/dailymed/drugInfo.cfm?setid=6bd6b9da-df69-46db-813e-4e7f3bdecf95,DailyMed/FDA (NIH/NLM) — approved Lamivudine label: https://dailymed.nlm.nih.gov/dailymed/drugInfo.cfm?setid=6bd6b9da-df69-46db-813e-4e7f3bdecf95,publicado
nevirapina_gravidez,nevirapina,caution,A nevirapina é usada na gravidez como parte da terapêutica anti-retrovírica do HIV; o risco de hepatotoxicidade é maior em mulheres com CD4 elevado.,Nevirapine is used in pregnancy as part of HIV antiretroviral therapy; the hepatotoxicity risk is higher in women with high CD4 counts.,"Usar na gravidez como parte do esquema anti-retrovírico, com vigilância hepática apertada nas primeiras semanas.","Use in pregnancy as part of the antiretroviral regimen, with close hepatic monitoring in the first weeks.",Excretada no leite; na infeção por HIV recomenda-se não amamentar independentemente do tratamento.,Excreted into breast milk; in HIV infection breastfeeding is not recommended regardless of treatment.,Sem contraceção adicional específica.,No specific additional contraception.,DailyMed/FDA (NIH/NLM) — rótulo aprovado Nevirapina: https://dailymed.nlm.nih.gov/dailymed/drugInfo.cfm?setid=c6e93829-7024-48f6-8023-da6ff27dfc0a,DailyMed/FDA (NIH/NLM) — approved Nevirapine label: https://dailymed.nlm.nih.gov/dailymed/drugInfo.cfm?setid=c6e93829-7024-48f6-8023-da6ff27dfc0a,publicado
ritonavir_gravidez,ritonavir,caution,O ritonavir é usado na gravidez como potenciador farmacocinético da terapêutica anti-retrovírica do HIV.,Ritonavir is used in pregnancy as a pharmacokinetic booster of HIV antiretroviral therapy.,"Usar na gravidez como parte do esquema anti-retrovírico, sob vigilância.","Use in pregnancy as part of the antiretroviral regimen, under supervision.",Excretado no leite; na infeção por HIV recomenda-se não amamentar independentemente do tratamento.,Excreted into breast milk; in HIV infection breastfeeding is not recommended regardless of treatment.,O ritonavir reduz a eficácia dos contracetivos hormonais — usar método adicional (barreira).,Ritonavir reduces the efficacy of hormonal contraceptives — use an additional (barrier) method.,DailyMed/FDA (NIH/NLM) — rótulo aprovado Ritonavir: https://dailymed.nlm.nih.gov/dailymed/drugInfo.cfm?setid=d2f8c6ba-5e06-4b03-8ca5-b4fd7e5a8925,DailyMed/FDA (NIH/NLM) — approved Ritonavir label: https://dailymed.nlm.nih.gov/dailymed/drugInfo.cfm?setid=d2f8c6ba-5e06-4b03-8ca5-b4fd7e5a8925,publicado
zidovudina_gravidez,zidovudina,caution,A zidovudina é usada na gravidez para prevenção da transmissão vertical do HIV; não é teratogénica conhecida nas doses terapêuticas.,Zidovudine is used in pregnancy to prevent vertical transmission of HIV; it is not a known teratogen at therapeutic doses.,Usar na gravidez como parte do esquema anti-retrovírico do HIV; vigiar hemograma materno (anemia).,Use in pregnancy as part of the HIV antiretroviral regimen; monitor maternal blood count (anaemia).,Excretada no leite; na infeção por HIV recomenda-se não amamentar independentemente do tratamento.,Excreted into breast milk; in HIV infection breastfeeding is not recommended regardless of treatment.,Sem contraceção adicional específica.,No specific additional contraception.,DailyMed/FDA (NIH/NLM) — rótulo aprovado Zidovudina: https://dailymed.nlm.nih.gov/dailymed/drugInfo.cfm?setid=e816e8f5-1e50-4f49-8bea-92da0121d26e,DailyMed/FDA (NIH/NLM) — approved Zidovudine label: https://dailymed.nlm.nih.gov/dailymed/drugInfo.cfm?setid=e816e8f5-1e50-4f49-8bea-92da0121d26e,publicado
artesunato_gravidez,artesunato,caution,O artesunato injetável é o fármaco de escolha na malária grave na gravidez (todas as fases); o benefício do tratamento supera claramente o risco.,Injectable artesunate is the drug of choice for severe malaria in pregnancy (all trimesters); the treatment benefit clearly outweighs the risk.,"Usar na malária grave na gravidez, em todas as fases, conforme as diretrizes da OMS.","Use for severe malaria in pregnancy, in all trimesters, per WHO guidelines.",Excretado no leite em pequenas quantidades; compatível com a amamentação sob vigilância.,Excreted into breast milk in small amounts; compatible with breastfeeding under supervision.,Sem contraceção adicional específica.,No specific additional contraception.,SmPC-padrão WHO-prequalificado (MA152) e EMA (Artesunate Amivas) — Directrizes da OMS para a malária: https://www.who.int/teams/global-malaria-programme/guidelines-for-malaria,WHO-prequalified model SmPC (MA152) and EMA (Artesunate Amivas) — WHO Guidelines for malaria: https://www.who.int/teams/global-malaria-programme/guidelines-for-malaria,publicado
artemeter-lumefantrina_gravidez,artemeter-lumefantrina,caution,"O arteméter + lumefantrina é recomendado pela OMS para a malária não complicada na gravidez no 2.º e 3.º trimestres; no 1.º trimestre, usar se o benefício justificar.","Artemether + lumefantrine is recommended by WHO for uncomplicated malaria in pregnancy in the 2nd and 3rd trimesters; in the 1st trimester, use if the benefit justifies it.","Usar no 2.º e 3.º trimestres; no 1.º trimestre, considerar apenas se o benefício superar o risco.","Use in the 2nd and 3rd trimesters; in the 1st trimester, consider only if the benefit outweighs the risk.",Excretado no leite em pequenas quantidades; compatível com a amamentação sob vigilância.,Excreted into breast milk in small amounts; compatible with breastfeeding under supervision.,Possível indução do CYP3A4 pelos derivados da artemisinina — considerar método contracetivo adicional se usado contracetivo hormonal.,Possible CYP3A4 induction by artemisinin derivatives — consider an additional contraceptive method if a hormonal contraceptive is used.,DailyMed/FDA (NIH/NLM) — rótulo aprovado Arteméter + Lumefantrina: https://dailymed.nlm.nih.gov/dailymed/drugInfo.cfm?setid=7866ec19-dfac-47d4-a53f-511a12643cbf,DailyMed/FDA (NIH/NLM) — approved Artemether + Lumefantrine label: https://dailymed.nlm.nih.gov/dailymed/drugInfo.cfm?setid=7866ec19-dfac-47d4-a53f-511a12643cbf,publicado
artesunato-amodiaquina_gravidez,artesunato-amodiaquina,caution,A OMS não recomenda o artesunato + amodiaquina no 1.º trimestre; no 2.º e 3.º trimestres pode ser usado se o benefício justificar.,WHO does not recommend artesunate + amodiaquine in the 1st trimester; in the 2nd and 3rd trimesters it may be used if the benefit justifies it.,Evitar no 1.º trimestre; considerar apenas se não existir alternativa.,Avoid in the 1st trimester; consider only if no alternative exists.,Excretado no leite em pequenas quantidades; compatível com a amamentação sob vigilância.,Excreted into breast milk in small amounts; compatible with breastfeeding under supervision.,Sem contraceção adicional específica.,No specific additional contraception.,"OMS (WHO) — Directrizes para a malária (artesunato + amodiaquina, Coarsucam): https://www.who.int/teams/global-malaria-programme/guidelines-for-malaria","WHO — Malaria guidelines (artesunate + amodiaquine, Coarsucam): https://www.who.int/teams/global-malaria-programme/guidelines-for-malaria",publicado
diidroartemisinina-piperaquina_gravidez,diidroartemisinina-piperaquina,caution,A diidroartemisinina + piperaquina é recomendada pela OMS para a malária na gravidez no 2.º e 3.º trimestres; no 1.º trimestre os dados são limitados.,Dihydroartemisinin + piperaquine is recommended by WHO for malaria in pregnancy in the 2nd and 3rd trimesters; data in the 1st trimester are limited.,"Usar no 2.º e 3.º trimestres; no 1.º trimestre, considerar apenas se o benefício superar o risco.","Use in the 2nd and 3rd trimesters; in the 1st trimester, consider only if the benefit outweighs the risk.",Excretado no leite em pequenas quantidades; compatível com a amamentação sob vigilância.,Excreted into breast milk in small amounts; compatible with breastfeeding under supervision.,Possível indução do CYP3A4 pelos derivados da artemisinina — considerar método contracetivo adicional se usado contracetivo hormonal.,Possible CYP3A4 induction by artemisinin derivatives — consider an additional contraceptive method if a hormonal contraceptive is used.,EMA — EPAR Eurartesim (diidroartemisinina + piperaquina): https://www.ema.europa.eu/en/medicines/human/EPAR/eurartesim,EMA — EPAR Eurartesim (dihydroartemisinin + piperaquine): https://www.ema.europa.eu/en/medicines/human/EPAR/eurartesim,publicado
sulfadoxina-pirimetamina_gravidez,sulfadoxina-pirimetamina,caution,"A sulfadoxina + pirimetamina é usada na gravidez como tratamento intermitente preventivo da malária (TPIp) a partir do 2.º trimestre, com suplementação de ácido fólico.","Sulfadoxine + pyrimethamine is used in pregnancy as intermittent preventive treatment of malaria (IPTp) from the 2nd trimester, with folic acid supplementation.","Usar como TPIp no 2.º e 3.º trimestres, com ácido fólico.","Use as IPTp in the 2nd and 3rd trimesters, with folic acid.",Excretada no leite em pequenas quantidades; compatível com a amamentação sob vigilância.,Excreted into breast milk in small amounts; compatible with breastfeeding under supervision.,Sem contraceção adicional específica.,No specific additional contraception.,OMS (WHO) — Directrizes para a malária (sulfadoxina + pirimetamina): https://www.who.int/teams/global-malaria-programme/guidelines-for-malaria,WHO — Malaria guidelines (sulfadoxine + pyrimethamine): https://www.who.int/teams/global-malaria-programme/guidelines-for-malaria,publicado
mefloquina_gravidez,mefloquina,caution,"A mefloquina pode ser usada na gravidez no 2.º e 3.º trimestres (profilaxia e tratamento); no 1.º trimestre, usar apenas se o benefício justificar.","Mefloquine may be used in pregnancy in the 2nd and 3rd trimesters (prophylaxis and treatment); in the 1st trimester, use only if the benefit justifies it.","Evitar no 1.º trimestre; nos restantes, usar sob vigilância.","Avoid in the 1st trimester; in the others, use under supervision.",Excretada no leite em pequenas quantidades; compatível com a amamentação sob vigilância.,Excreted into breast milk in small amounts; compatible with breastfeeding under supervision.,Sem contraceção adicional específica.,No specific additional contraception.,DailyMed/FDA (NIH/NLM) — rótulo aprovado Mefloquina: https://dailymed.nlm.nih.gov/dailymed/drugInfo.cfm?setid=09716a24-d7da-42b2-af29-c03a1b6670bd,DailyMed/FDA (NIH/NLM) — approved Mefloquine label: https://dailymed.nlm.nih.gov/dailymed/drugInfo.cfm?setid=09716a24-d7da-42b2-af29-c03a1b6670bd,publicado
primaquina_gravidez,primaquina,contraindicated,A primaquina está contraindicada na gravidez: o estado de G6PD do feto é desconhecido e existe risco de hemólise fetal grave.,Primaquine is contraindicated in pregnancy: the fetal G6PD status is unknown and there is a risk of severe fetal haemolysis.,Contraindicada na gravidez; adiar a cura radical (erradicação de hipnozoítos) para após o parto.,Contraindicated in pregnancy; postpone radical cure (hypnozoite eradication) until after delivery.,Excretada no leite; contraindicada na amamentação se o lactente for G6PD deficiente ou de estado desconhecido.,Excreted into breast milk; contraindicated in breastfeeding if the infant is G6PD deficient or of unknown status.,Sem contraceção adicional específica.,No specific additional contraception.,DailyMed/FDA (NIH/NLM) — rótulo aprovado Primaquina: https://dailymed.nlm.nih.gov/dailymed/drugInfo.cfm?setid=3f16166d-678e-51aa-e054-00144ff88e88,DailyMed/FDA (NIH/NLM) — approved Primaquine label: https://dailymed.nlm.nih.gov/dailymed/drugInfo.cfm?setid=3f16166d-678e-51aa-e054-00144ff88e88,publicado
quinina_gravidez,quinina,caution,"A quinina é usada na gravidez para a malária por P. falciparum resistente à cloroquina; em doses elevadas tem efeito abortivo histórico, pelo que a dose deve ser rigorosa.","Quinine is used in pregnancy for chloroquine-resistant P. falciparum malaria; at high doses it has a historical abortifacient effect, so dosing must be strict.","Usar nas doses terapêuticas indicadas, sob vigilância; vigiar glicemia.","Use at the indicated therapeutic doses, under supervision; monitor blood glucose.",Excretada no leite em pequenas quantidades; compatível com a amamentação sob vigilância.,Excreted into breast milk in small amounts; compatible with breastfeeding under supervision.,Sem contraceção adicional específica.,No specific additional contraception.,DailyMed/FDA (NIH/NLM) — rótulo aprovado Quinina: https://dailymed.nlm.nih.gov/dailymed/drugInfo.cfm?setid=1f32f05c-a215-40be-b951-e41a7b54a8a0,DailyMed/FDA (NIH/NLM) — approved Quinine label: https://dailymed.nlm.nih.gov/dailymed/drugInfo.cfm?setid=1f32f05c-a215-40be-b951-e41a7b54a8a0,publicado
atovaquona-proguanil_gravidez,atovaquona-proguanil,caution,A atovaquona + proguanil pode ser usada no tratamento da malária na gravidez quando o benefício justificar; não é recomendada como profilaxia na gravidez.,Atovaquone + proguanil may be used for malaria treatment in pregnancy when the benefit justifies it; it is not recommended as prophylaxis in pregnancy.,Usar no tratamento apenas se o benefício superar o risco; preferir outra profilaxia na gravidez.,Use for treatment only if the benefit outweighs the risk; prefer another prophylaxis in pregnancy.,Excretada no leite em pequenas quantidades; compatível com a amamentação sob vigilância.,Excreted into breast milk in small amounts; compatible with breastfeeding under supervision.,Sem contraceção adicional específica.,No specific additional contraception.,DailyMed/FDA (NIH/NLM) — rótulo aprovado Atovaquona + Proguanil: https://dailymed.nlm.nih.gov/dailymed/drugInfo.cfm?setid=fc22e8d8-3bfb-4f70-a599-dd81262a4887,DailyMed/FDA (NIH/NLM) — approved Atovaquone + Proguanil label: https://dailymed.nlm.nih.gov/dailymed/drugInfo.cfm?setid=fc22e8d8-3bfb-4f70-a599-dd81262a4887,publicado
tafenoquina_gravidez,tafenoquina,contraindicated,A tafenoquina está contraindicada na gravidez: o estado de G6PD do feto é desconhecido e existe risco de hemólise fetal grave.,Tafenoquine is contraindicated in pregnancy: the fetal G6PD status is unknown and there is a risk of severe fetal haemolysis.,Contraindicada na gravidez; adiar a cura radical para após o parto.,Contraindicated in pregnancy; postpone radical cure until after delivery.,Contraindicada na amamentação se o lactente for G6PD deficiente ou de estado desconhecido.,Contraindicated in breastfeeding if the infant is G6PD deficient or of unknown status.,Aconselhar contraceção eficaz durante o tratamento.,Advise effective contraception during treatment.,DailyMed/FDA (NIH/NLM) — rótulo aprovado Tafenoquina (KRINTAFEL): https://dailymed.nlm.nih.gov/dailymed/drugInfo.cfm?setid=5cf989d5-36f5-4561-a30b-9fcb9deb6b6a,DailyMed/FDA (NIH/NLM) — approved Tafenoquine label (KRINTAFEL): https://dailymed.nlm.nih.gov/dailymed/drugInfo.cfm?setid=5cf989d5-36f5-4561-a30b-9fcb9deb6b6a,publicado
ampicilina_gravidez,ampicilina,compatible,"As penicilinas, incluindo a ampicilina, são geralmente seguras na gravidez e são os antibióticos de primeira linha quando indicadas.","Penicillins, including ampicillin, are generally safe in pregnancy and are first-line antibiotics when indicated.","Pode ser usada na gravidez quando indicada, nas doses habituais.","May be used in pregnancy when indicated, at the usual doses.",Excretada no leite em pequenas quantidades; compatível com a amamentação.,Excreted into breast milk in small amounts; compatible with breastfeeding.,Sem contraceção adicional específica.,No specific additional contraception.,DailyMed/FDA (NIH/NLM) — rótulo aprovado Ampicilina: https://dailymed.nlm.nih.gov/dailymed/drugInfo.cfm?setid=402e7cc7-5ae8-c113-e063-6394a90aa54a,DailyMed/FDA (NIH/NLM) — approved Ampicillin label: https://dailymed.nlm.nih.gov/dailymed/drugInfo.cfm?setid=402e7cc7-5ae8-c113-e063-6394a90aa54a,publicado
amoxicilina-clavulanato_gravidez,amoxicilina-clavulanato,compatible,A amoxicilina + clavulanato é geralmente segura na gravidez quando indicada; usar com precaução em história de hepatite colestática (evitar).,Amoxicillin + clavulanate is generally safe in pregnancy when indicated; use with caution in a history of cholestatic hepatitis (avoid).,"Pode ser usada na gravidez quando indicada, exceto em história de icterícia com esta associação.","May be used in pregnancy when indicated, except in a history of jaundice with this combination.",Excretada no leite em pequenas quantidades; compatível com a amamentação.,Excreted into breast milk in small amounts; compatible with breastfeeding.,Sem contraceção adicional específica.,No specific additional contraception.,DailyMed/FDA (NIH/NLM) — rótulo aprovado Amoxicilina + Ácido Clavulânico: https://dailymed.nlm.nih.gov/dailymed/drugInfo.cfm?setid=5250085e-5509-c577-e063-6294a90a9b87,DailyMed/FDA (NIH/NLM) — approved Amoxicillin + Clavulanate label: https://dailymed.nlm.nih.gov/dailymed/drugInfo.cfm?setid=5250085e-5509-c577-e063-6294a90a9b87,publicado
piperacilina-tazobactam_gravidez,piperacilina-tazobactam,caution,Os dados em humanos são limitados; a piperacilina + tazobactam deve ser usada na gravidez apenas quando o benefício justificar (infeções graves).,Human data are limited; piperacillin + tazobactam should be used in pregnancy only when the benefit justifies it (severe infections).,Usar apenas em infeções graves sem alternativa.,Use only in severe infections without an alternative.,Excretada no leite em pequenas quantidades; compatível com a amamentação sob vigilância.,Excreted into breast milk in small amounts; compatible with breastfeeding under supervision.,Sem contraceção adicional específica.,No specific additional contraception.,DailyMed/FDA (NIH/NLM) — rótulo aprovado Piperacilina + Tazobactam: https://dailymed.nlm.nih.gov/dailymed/drugInfo.cfm?setid=7aebc0e6-89db-4ef0-b5ab-d6b3199bcfc4,DailyMed/FDA (NIH/NLM) — approved Piperacillin + Tazobactam label: https://dailymed.nlm.nih.gov/dailymed/drugInfo.cfm?setid=7aebc0e6-89db-4ef0-b5ab-d6b3199bcfc4,publicado
ceftriaxona_gravidez,ceftriaxona,compatible,"As cefalosporinas, incluindo a ceftriaxona, são geralmente seguras na gravidez quando indicadas.","Cephalosporins, including ceftriaxone, are generally safe in pregnancy when indicated.",Pode ser usada na gravidez quando indicada; evitar em recém-nascidos com hiperbilirrubinemia (não aplicável na gravidez).,May be used in pregnancy when indicated; avoid in neonates with hyperbilirubinaemia (not applicable in pregnancy).,Excretada no leite em pequenas quantidades; compatível com a amamentação.,Excreted into breast milk in small amounts; compatible with breastfeeding.,Sem contraceção adicional específica.,No specific additional contraception.,DailyMed/FDA (NIH/NLM) — rótulo aprovado Ceftriaxona: https://dailymed.nlm.nih.gov/dailymed/drugInfo.cfm?setid=9efed4c4-72a7-4669-88ae-c80e882c1b37,DailyMed/FDA (NIH/NLM) — approved Ceftriaxone label: https://dailymed.nlm.nih.gov/dailymed/drugInfo.cfm?setid=9efed4c4-72a7-4669-88ae-c80e882c1b37,publicado
cefalexina_gravidez,cefalexina,compatible,"As cefalosporinas, incluindo a cefalexina, são geralmente seguras na gravidez quando indicadas.","Cephalosporins, including cephalexin, are generally safe in pregnancy when indicated.","Pode ser usada na gravidez quando indicada, nas doses habituais.","May be used in pregnancy when indicated, at the usual doses.",Excretada no leite em pequenas quantidades; compatível com a amamentação.,Excreted into breast milk in small amounts; compatible with breastfeeding.,Sem contraceção adicional específica.,No specific additional contraception.,DailyMed/FDA (NIH/NLM) — rótulo aprovado Cefalexina: https://dailymed.nlm.nih.gov/dailymed/drugInfo.cfm?setid=b73593ce-0b1f-4371-bae1-140742de3b42,DailyMed/FDA (NIH/NLM) — approved Cephalexin label: https://dailymed.nlm.nih.gov/dailymed/drugInfo.cfm?setid=b73593ce-0b1f-4371-bae1-140742de3b42,publicado
cefuroxima_gravidez,cefuroxima,compatible,"As cefalosporinas, incluindo a cefuroxima, são geralmente seguras na gravidez quando indicadas.","Cephalosporins, including cefuroxime, are generally safe in pregnancy when indicated.","Pode ser usada na gravidez quando indicada, nas doses habituais.","May be used in pregnancy when indicated, at the usual doses.",Excretada no leite em pequenas quantidades; compatível com a amamentação.,Excreted into breast milk in small amounts; compatible with breastfeeding.,Sem contraceção adicional específica.,No specific additional contraception.,DailyMed/FDA (NIH/NLM) — rótulo aprovado Cefuroxima Axetil: https://dailymed.nlm.nih.gov/dailymed/drugInfo.cfm?setid=76cec54f-d167-4298-951b-5411a3c47f4a,DailyMed/FDA (NIH/NLM) — approved Cefuroxime Axetil label: https://dailymed.nlm.nih.gov/dailymed/drugInfo.cfm?setid=76cec54f-d167-4298-951b-5411a3c47f4a,publicado
alprazolam_gravidez,alprazolam,caution,As benzodiazepinas atravessam a placenta; o uso no 1.º trimestre associa-se a malformações e no 3.º trimestre a sedação neonatal e síndrome de abstinência.,Benzodiazepines cross the placenta; first-trimester use is associated with malformations and third-trimester use with neonatal sedation and withdrawal syndrome.,Evitar no 1.º trimestre; usar apenas se o benefício superar claramente o risco no 2.º/3.º.,Avoid in the first trimester; use only if the benefit clearly outweighs the risk in the 2nd/3rd.,Presente no leite materno; evitar a amamentação ou o fármaco.,Present in breast milk; avoid breastfeeding or the drug.,Não é necessária contraceção específica; a decisão deve ser individualizada.,No specific contraception required; the decision should be individualised.,DailyMed/FDA (NIH/NLM) — rótulo aprovado Alprazolam: https://dailymed.nlm.nih.gov/dailymed/drugInfo.cfm?setid=0cf8b567-201b-44fa-8fd3-c74023aff44f,DailyMed/FDA (NIH/NLM) — approved Alprazolam label: https://dailymed.nlm.nih.gov/dailymed/drugInfo.cfm?setid=0cf8b567-201b-44fa-8fd3-c74023aff44f,publicado
amicacina_gravidez,amicacina,caution,Os aminoglicosídeos podem causar ototoxicidade fetal; usar apenas se o benefício superar o risco.,Aminoglycosides can cause fetal ototoxicity; use only if the benefit outweighs the risk.,Usar apenas em infeções graves quando não há alternativa (ex.: tuberculose multirresistente).,"Use only in severe infections when there is no alternative (e.g., multidrug-resistant tuberculosis).","Presente no leite materno em pequenas quantidades; o risco de ototoxicidade no lactente é considerado baixo, mas usar com precaução.","Present in breast milk in small amounts; the ototoxicity risk to the infant is considered low, but use with caution.",Não é necessária contraceção específica.,No specific contraception required.,DailyMed/FDA (NIH/NLM) — rótulo aprovado Amicacina: https://dailymed.nlm.nih.gov/dailymed/drugInfo.cfm?setid=f260ff2a-76a0-4672-9516-91c344b67890,DailyMed/FDA (NIH/NLM) — approved Amikacin label: https://dailymed.nlm.nih.gov/dailymed/drugInfo.cfm?setid=f260ff2a-76a0-4672-9516-91c344b67890,publicado
amlodipina_gravidez,amlodipina,caution,Os dados sobre amlodipina na gravidez são limitados; os bloqueadores dos canais de cálcio são usados na hipertensão gestacional quando necessário.,Data on amlodipine in pregnancy are limited; calcium channel blockers are used in gestational hypertension when needed.,Usar apenas se o benefício superar o risco; a nifedipina é preferida em algumas situações obstétricas.,Use only if the benefit outweighs the risk; nifedipine is preferred in some obstetric situations.,Presente no leite materno em pequenas quantidades; geralmente considerado compatível.,Present in breast milk in small amounts; generally considered compatible.,Não é necessária contraceção específica.,No specific contraception required.,DailyMed/FDA (NIH/NLM) — rótulo aprovado Amlodipina: https://dailymed.nlm.nih.gov/dailymed/drugInfo.cfm?setid=edf9b22c-e37e-4b4e-8a64-20bb036c7d2d,DailyMed/FDA (NIH/NLM) — approved Amlodipine label: https://dailymed.nlm.nih.gov/dailymed/drugInfo.cfm?setid=edf9b22c-e37e-4b4e-8a64-20bb036c7d2d,publicado
amoxicilina_gravidez,amoxicilina,compatible,As penicilinas são consideradas seguras na gravidez; a amoxicilina é usada em infeções comuns na grávida.,Penicillins are considered safe in pregnancy; amoxicillin is used in common infections in pregnancy.,Pode usar em qualquer trimestre quando indicado.,May be used in any trimester when indicated.,Presente no leite materno em pequenas quantidades; compatível com a amamentação.,Present in breast milk in small amounts; compatible with breastfeeding.,Não é necessária contraceção específica.,No specific contraception required.,DailyMed/FDA (NIH/NLM) — rótulo aprovado Amoxicilina (cápsulas): https://dailymed.nlm.nih.gov/dailymed/drugInfo.cfm?setid=afb4149a-0714-4a85-b9e8-2379a8e6a302,DailyMed/FDA (NIH/NLM) — approved Amoxicillin label (capsules): https://dailymed.nlm.nih.gov/dailymed/drugInfo.cfm?setid=afb4149a-0714-4a85-b9e8-2379a8e6a302,publicado
benzilpenicilina-benzatina_gravidez,benzilpenicilina-benzatina,compatible,As penicilinas são consideradas seguras na gravidez; a benzilpenicilina benzatina é o tratamento de escolha da sífilis na grávida.,Penicillins are considered safe in pregnancy; benzathine benzylpenicillin is the treatment of choice for syphilis in pregnancy.,Pode usar em qualquer trimestre quando indicado (ex.: sífilis).,"May be used in any trimester when indicated (e.g., syphilis).",Presente no leite materno em pequenas quantidades; compatível com a amamentação.,Present in breast milk in small amounts; compatible with breastfeeding.,Não é necessária contraceção específica.,No specific contraception required.,DailyMed/FDA (NIH/NLM) — rótulo aprovado Bicillin L-A (Pfizer): https://dailymed.nlm.nih.gov/dailymed/drugInfo.cfm?setid=012d46f1-d0a0-4676-a879-cd320297ab16,DailyMed/FDA (NIH/NLM) — approved Bicillin L-A label (Pfizer): https://dailymed.nlm.nih.gov/dailymed/drugInfo.cfm?setid=012d46f1-d0a0-4676-a879-cd320297ab16,publicado
cefazolina_gravidez,cefazolina,compatible,As cefalosporinas são consideradas seguras na gravidez; a cefazolina é usada como profilaxia cirúrgica na grávida.,Cephalosporins are considered safe in pregnancy; cefazolin is used as surgical prophylaxis in pregnancy.,Pode usar em qualquer trimestre quando indicado.,May be used in any trimester when indicated.,Presente no leite materno em pequenas quantidades; compatível com a amamentação.,Present in breast milk in small amounts; compatible with breastfeeding.,Não é necessária contraceção específica.,No specific contraception required.,DailyMed/FDA (NIH/NLM) — rótulo aprovado Cefazolin Injection (WG Critical Care): https://dailymed.nlm.nih.gov/dailymed/drugInfo.cfm?setid=1999084a-124c-45f9-801f-416a1b942c96,DailyMed/FDA (NIH/NLM) — approved Cefazolin Injection label (WG Critical Care): https://dailymed.nlm.nih.gov/dailymed/drugInfo.cfm?setid=1999084a-124c-45f9-801f-416a1b942c96,publicado
cefepima_gravidez,cefepima,caution,Os dados sobre cefepima na gravidez são limitados; usar apenas se o benefício superar o risco.,Data on cefepime in pregnancy are limited; use only if the benefit outweighs the risk.,Usar apenas em infeções graves sem alternativa segura.,Use only in severe infections with no safe alternative.,Presente no leite materno em pequenas quantidades; geralmente compatível.,Present in breast milk in small amounts; generally compatible.,Não é necessária contraceção específica.,No specific contraception required.,DailyMed/FDA (NIH/NLM) — rótulo aprovado Cefepime Injection (WG Critical Care): https://dailymed.nlm.nih.gov/dailymed/drugInfo.cfm?setid=5fd857e5-591f-44ca-80cf-fd903660b03c,DailyMed/FDA (NIH/NLM) — approved Cefepime Injection label (WG Critical Care): https://dailymed.nlm.nih.gov/dailymed/drugInfo.cfm?setid=5fd857e5-591f-44ca-80cf-fd903660b03c,publicado
cefotaxima_gravidez,cefotaxima,compatible,As cefalosporinas são consideradas seguras na gravidez; a cefotaxima é usada em infeções maternas e neonatais.,Cephalosporins are considered safe in pregnancy; cefotaxime is used in maternal and neonatal infections.,Pode usar em qualquer trimestre quando indicado.,May be used in any trimester when indicated.,Presente no leite materno em pequenas quantidades; compatível com a amamentação.,Present in breast milk in small amounts; compatible with breastfeeding.,Não é necessária contraceção específica.,No specific contraception required.,DailyMed/FDA (NIH/NLM) — rótulo aprovado Cefotaxime Injection: https://dailymed.nlm.nih.gov/dailymed/drugInfo.cfm?setid=8efe3bd0-c43a-2bd6-e053-2a95a90a92fa,DailyMed/FDA (NIH/NLM) — approved Cefotaxime Injection label: https://dailymed.nlm.nih.gov/dailymed/drugInfo.cfm?setid=8efe3bd0-c43a-2bd6-e053-2a95a90a92fa,publicado
ceftazidima_gravidez,ceftazidima,caution,Os dados sobre ceftazidima na gravidez são limitados; usar apenas se o benefício superar o risco.,Data on ceftazidime in pregnancy are limited; use only if the benefit outweighs the risk.,Usar apenas em infeções graves sem alternativa segura.,Use only in severe infections with no safe alternative.,Presente no leite materno em pequenas quantidades; geralmente compatível.,Present in breast milk in small amounts; generally compatible.,Não é necessária contraceção específica.,No specific contraception required.,DailyMed/FDA (NIH/NLM) — rótulo aprovado Ceftazidima: https://dailymed.nlm.nih.gov/dailymed/drugInfo.cfm?setid=78982c98-7866-49f1-989f-a289c4242358,DailyMed/FDA (NIH/NLM) — approved Ceftazidime label: https://dailymed.nlm.nih.gov/dailymed/drugInfo.cfm?setid=78982c98-7866-49f1-989f-a289c4242358,publicado
clozapina_gravidez,clozapina,caution,A clozapina atravessa a placenta; os dados são limitados e há risco de agranulocitose materna e efeitos no recém-nascido.,Clozapine crosses the placenta; data are limited and there is a risk of maternal agranulocytosis and neonatal effects.,Evitar na gravidez; usar apenas se a psicose grave não responder a alternativas.,Avoid in pregnancy; use only if severe psychosis does not respond to alternatives.,Presente no leite materno; evitar a amamentação durante o tratamento.,Present in breast milk; avoid breastfeeding during treatment.,"Não é necessária contraceção específica, mas planear a gravidez com o psiquiatra.","No specific contraception required, but plan pregnancy with the psychiatrist.",DailyMed/FDA (NIH/NLM) — rótulo aprovado Clozapina: https://dailymed.nlm.nih.gov/dailymed/drugInfo.cfm?setid=61fe53d5-ed5c-4e45-9189-709d08d386cb,DailyMed/FDA (NIH/NLM) — approved Clozapine label: https://dailymed.nlm.nih.gov/dailymed/drugInfo.cfm?setid=61fe53d5-ed5c-4e45-9189-709d08d386cb,publicado
daptomicina_gravidez,daptomicina,no_data,Não existem dados suficientes sobre o uso de daptomicina na gravidez humana.,There are insufficient data on daptomycin use in human pregnancy.,Usar apenas se o benefício superar claramente o risco.,Use only if the benefit clearly outweighs the risk.,Dados insuficientes; usar com precaução durante a amamentação.,Insufficient data; use with caution during breastfeeding.,Não é necessária contraceção específica.,No specific contraception required.,DailyMed/FDA (NIH/NLM) — rótulo aprovado Daptomicina: https://dailymed.nlm.nih.gov/dailymed/drugInfo.cfm?setid=f4ad8613-f25e-4b82-9621-cc5ff9525d3e,DailyMed/FDA (NIH/NLM) — approved Daptomycin label: https://dailymed.nlm.nih.gov/dailymed/drugInfo.cfm?setid=f4ad8613-f25e-4b82-9621-cc5ff9525d3e,publicado
fenitoina_gravidez,fenitoina,caution,"A fenitoína é teratogénica (fenda palatina, defeitos cardíacos, síndrome fetal hidantoínica); o risco aumenta com politerapia.","Phenytoin is teratogenic (cleft palate, cardiac defects, fetal hydantoin syndrome); the risk increases with polytherapy.",Evitar no 1.º trimestre; não suspender abruptamente em doentes epiléticas — reavaliar a terapêutica antes da gravidez.,Avoid in the first trimester; do not stop abruptly in epileptic patients — reassess therapy before pregnancy.,"Presente no leite materno em pequenas quantidades; geralmente compatível, vigiando o lactente.","Present in breast milk in small amounts; generally compatible, monitoring the infant.",Usar contraceção eficaz durante o tratamento; a fenitoína pode reduzir a eficácia dos contracetivos hormonais.,Use effective contraception during treatment; phenytoin can reduce the efficacy of hormonal contraceptives.,DailyMed/FDA (NIH/NLM) — rótulo aprovado Fenitoína: https://dailymed.nlm.nih.gov/dailymed/drugInfo.cfm?setid=ef4e97a7-cd18-47a9-a016-2eca5481a87e,DailyMed/FDA (NIH/NLM) — approved Phenytoin label: https://dailymed.nlm.nih.gov/dailymed/drugInfo.cfm?setid=ef4e97a7-cd18-47a9-a016-2eca5481a87e,publicado
fenobarbital_gravidez,fenobarbital,caution,O fenobarbital atravessa a placenta e associa-se a malformações e a hemorragia neonatal por défice de vitamina K.,Phenobarbital crosses the placenta and is associated with malformations and neonatal haemorrhage due to vitamin K deficiency.,Evitar no 1.º trimestre; administrar vitamina K ao recém-nascido.,Avoid in the first trimester; give vitamin K to the newborn.,Presente no leite materno; pode causar sedação no lactente — vigiar.,Present in breast milk; can cause sedation in the infant — monitor.,Usar contraceção eficaz; o fenobarbital reduz a eficácia dos contracetivos hormonais.,Use effective contraception; phenobarbital reduces the efficacy of hormonal contraceptives.,DailyMed/FDA (NIH/NLM) — rótulo aprovado Fenobarbital: https://dailymed.nlm.nih.gov/dailymed/drugInfo.cfm?setid=fa09b4f2-edb0-4594-a2d2-b16f7b9686b4,DailyMed/FDA (NIH/NLM) — approved Phenobarbital label: https://dailymed.nlm.nih.gov/dailymed/drugInfo.cfm?setid=fa09b4f2-edb0-4594-a2d2-b16f7b9686b4,publicado
fenoximetilpenicilina_gravidez,fenoximetilpenicilina,compatible,As penicilinas são consideradas seguras na gravidez.,Penicillins are considered safe in pregnancy.,Pode usar em qualquer trimestre quando indicado.,May be used in any trimester when indicated.,Presente no leite materno em pequenas quantidades; compatível com a amamentação.,Present in breast milk in small amounts; compatible with breastfeeding.,Não é necessária contraceção específica.,No specific contraception required.,DailyMed/FDA (NIH/NLM) — rótulo aprovado Penicillin V Potassium: https://dailymed.nlm.nih.gov/dailymed/drugInfo.cfm?setid=64ac283c-fe6a-49f0-ae85-90ab98e38272,DailyMed/FDA (NIH/NLM) — approved Penicillin V Potassium label: https://dailymed.nlm.nih.gov/dailymed/drugInfo.cfm?setid=64ac283c-fe6a-49f0-ae85-90ab98e38272,publicado
fluoxetina_gravidez,fluoxetina,caution,Os ISRS no 3.º trimestre associam-se a hipertensão pulmonar persistente do recém-nascido e síndrome de adaptação neonatal.,SSRIs in the third trimester are associated with persistent pulmonary hypertension of the newborn and neonatal adaptation syndrome.,Evitar se possível no 3.º trimestre; avaliar risco/benefício em depressão materna grave.,Avoid if possible in the third trimester; assess risk/benefit in severe maternal depression.,"Presente no leite materno; geralmente considerado compatível, vigiando o lactente.","Present in breast milk; generally considered compatible, monitoring the infant.",Não é necessária contraceção específica.,No specific contraception required.,DailyMed/FDA (NIH/NLM) — rótulo aprovado Fluoxetina: https://dailymed.nlm.nih.gov/dailymed/drugInfo.cfm?setid=583c5021-2948-7db4-e063-6294a90ae7dc,DailyMed/FDA (NIH/NLM) — approved Fluoxetine label: https://dailymed.nlm.nih.gov/dailymed/drugInfo.cfm?setid=583c5021-2948-7db4-e063-6294a90ae7dc,publicado
fosfomicina_gravidez,fosfomicina,caution,Os dados sobre fosfomicina na gravidez são limitados; usar apenas se o benefício superar o risco (ex.: ITU não complicada).,"Data on fosfomycin in pregnancy are limited; use only if the benefit outweighs the risk (e.g., uncomplicated UTI).",Usar apenas quando indicado e sem alternativa segura.,Use only when indicated and with no safe alternative.,Presente no leite materno em pequenas quantidades; geralmente compatível.,Present in breast milk in small amounts; generally compatible.,Não é necessária contraceção específica.,No specific contraception required.,DailyMed/FDA (NIH/NLM) — rótulo aprovado Fosfomicina trometamol: https://dailymed.nlm.nih.gov/dailymed/drugInfo.cfm?setid=4f206750-8126-99a3-e063-6294a90ade4c,DailyMed/FDA (NIH/NLM) — approved Fosfomycin trometamol label: https://dailymed.nlm.nih.gov/dailymed/drugInfo.cfm?setid=4f206750-8126-99a3-e063-6294a90ade4c,publicado
gentamicina_gravidez,gentamicina,caution,Os aminoglicosídeos podem causar ototoxicidade fetal; usar apenas se o benefício superar o risco.,Aminoglycosides can cause fetal ototoxicity; use only if the benefit outweighs the risk.,Usar apenas em infeções graves quando não há alternativa.,Use only in severe infections when there is no alternative.,Presente no leite materno em pequenas quantidades; o risco de ototoxicidade no lactente é considerado baixo.,Present in breast milk in small amounts; the ototoxicity risk to the infant is considered low.,Não é necessária contraceção específica.,No specific contraception required.,DailyMed/FDA (NIH/NLM) — rótulo aprovado Gentamicina: https://dailymed.nlm.nih.gov/dailymed/drugInfo.cfm?setid=441b6232-bb60-40ad-85ec-7c41ba43fd5f,DailyMed/FDA (NIH/NLM) — approved Gentamicin label: https://dailymed.nlm.nih.gov/dailymed/drugInfo.cfm?setid=441b6232-bb60-40ad-85ec-7c41ba43fd5f,publicado
haloperidol_gravidez,haloperidol,caution,Os dados sobre haloperidol na gravidez são limitados; o uso no 3.º trimestre pode causar sintomas extrapiramidais neonatais.,Data on haloperidol in pregnancy are limited; third-trimester use can cause neonatal extrapyramidal symptoms.,Usar apenas se o benefício superar o risco; vigiar o recém-nascido.,Use only if the benefit outweighs the risk; monitor the newborn.,Presente no leite materno; usar com precaução e vigiar o lactente.,Present in breast milk; use with caution and monitor the infant.,Não é necessária contraceção específica.,No specific contraception required.,DailyMed/FDA (NIH/NLM) — rótulo aprovado Haloperidol: https://dailymed.nlm.nih.gov/dailymed/drugInfo.cfm?setid=e2eed126-cb82-42b1-9b48-9cbeb6873b50,DailyMed/FDA (NIH/NLM) — approved Haloperidol label: https://dailymed.nlm.nih.gov/dailymed/drugInfo.cfm?setid=e2eed126-cb82-42b1-9b48-9cbeb6873b50,publicado
lamotrigina_gravidez,lamotrigina,caution,"A lamotrigina em monoterapia tem risco relativamente baixo de malformações, mas o risco aumenta com politerapia (sobretudo com valproato).","Lamotrigine monotherapy has a relatively low risk of malformations, but the risk increases with polytherapy (especially with valproate).",Manter a monoterapia na menor dose eficaz; não suspender sem reavaliar o risco de crises.,Maintain monotherapy at the lowest effective dose; do not stop without reassessing seizure risk.,"Presente no leite materno em quantidades relevantes; geralmente considerado compatível, vigiando o lactente.","Present in breast milk in relevant amounts; generally considered compatible, monitoring the infant.",Não é necessária contraceção específica; a lamotrigina não reduz a eficácia dos contracetivos hormonais.,No specific contraception required; lamotrigine does not reduce the efficacy of hormonal contraceptives.,DailyMed/FDA (NIH/NLM) — rótulo aprovado Lamotrigina: https://dailymed.nlm.nih.gov/dailymed/drugInfo.cfm?setid=57f04b9b-06cd-8044-e063-6394a90ae733,DailyMed/FDA (NIH/NLM) — approved Lamotrigine label: https://dailymed.nlm.nih.gov/dailymed/drugInfo.cfm?setid=57f04b9b-06cd-8044-e063-6394a90ae733,publicado
litio_gravidez,litio,caution,O lítio associa-se a malformações cardíacas (defeito de Ebstein) e a toxicidade neonatal; os níveis maternos flutuam na gravidez.,Lithium is associated with cardiac malformations (Ebstein anomaly) and neonatal toxicity; maternal levels fluctuate in pregnancy.,"Evitar no 1.º trimestre; se inevitável, monitorizar a litemia de perto e vigiar o recém-nascido.","Avoid in the first trimester; if unavoidable, monitor serum lithium closely and watch the newborn.",Presente no leite materno em concentrações relevantes; geralmente evitado na amamentação.,Present in breast milk at relevant concentrations; generally avoided in breastfeeding.,Usar contraceção eficaz durante o tratamento.,Use effective contraception during treatment.,DailyMed/FDA (NIH/NLM) — rótulo aprovado Lítio: https://dailymed.nlm.nih.gov/dailymed/drugInfo.cfm?setid=0e6b0a2d-b79c-44d8-b785-5267df9e8f72,DailyMed/FDA (NIH/NLM) — approved Lithium label: https://dailymed.nlm.nih.gov/dailymed/drugInfo.cfm?setid=0e6b0a2d-b79c-44d8-b785-5267df9e8f72,publicado
moxifloxacina_gravidez,moxifloxacina,caution,"As fluoroquinolonas podem afetar a cartilagem em crescimento; evitar na gravidez, exceto se não houver alternativa.",Fluoroquinolones can affect growing cartilage; avoid in pregnancy unless there is no alternative.,Evitar; usar apenas em infeções graves sem alternativa segura.,Avoid; use only in severe infections with no safe alternative.,Presente no leite materno; evitar a amamentação durante o tratamento.,Present in breast milk; avoid breastfeeding during treatment.,Não é necessária contraceção específica.,No specific contraception required.,DailyMed/FDA (NIH/NLM) — rótulo aprovado Moxifloxacina: https://dailymed.nlm.nih.gov/dailymed/drugInfo.cfm?setid=1ed191f5-7df5-488c-bb72-91ac0b618d9a,DailyMed/FDA (NIH/NLM) — approved Moxifloxacin label: https://dailymed.nlm.nih.gov/dailymed/drugInfo.cfm?setid=1ed191f5-7df5-488c-bb72-91ac0b618d9a,publicado
nitroglicerina_gravidez,nitroglicerina,caution,Os dados sobre nitroglicerina na gravidez são limitados; usar apenas se o benefício superar o risco (ex.: emergência hipertensiva).,"Data on nitroglycerin in pregnancy are limited; use only if the benefit outweighs the risk (e.g., hypertensive emergency).",Usar apenas quando estritamente indicado.,Use only when strictly indicated.,Dados insuficientes sobre a excreção no leite materno; usar com precaução.,Insufficient data on breast milk excretion; use with caution.,Não é necessária contraceção específica.,No specific contraception required.,DailyMed/FDA (NIH/NLM) — rótulo aprovado Nitroglicerina: https://dailymed.nlm.nih.gov/dailymed/drugInfo.cfm?setid=3c11c1c2-8e62-4f63-8293-2f8b8d845f7e,DailyMed/FDA (NIH/NLM) — approved Nitroglycerin label: https://dailymed.nlm.nih.gov/dailymed/drugInfo.cfm?setid=3c11c1c2-8e62-4f63-8293-2f8b8d845f7e,publicado
paracetamol_gravidez,paracetamol,compatible,O paracetamol é o analgésico/antipirético de escolha na gravidez nas doses habituais.,Paracetamol is the analgesic/antipyretic of choice in pregnancy at usual doses.,Pode usar na menor dose eficaz e pelo menor tempo possível.,May be used at the lowest effective dose for the shortest possible time.,Presente no leite materno em pequenas quantidades; compatível com a amamentação.,Present in breast milk in small amounts; compatible with breastfeeding.,Não é necessária contraceção específica.,No specific contraception required.,DailyMed/FDA (NIH/NLM) — rótulo aprovado Paracetamol: https://dailymed.nlm.nih.gov/dailymed/drugInfo.cfm?setid=4c737cd6-fe56-4cef-887c-cd6cf83b254c,DailyMed/FDA (NIH/NLM) — approved Paracetamol label: https://dailymed.nlm.nih.gov/dailymed/drugInfo.cfm?setid=4c737cd6-fe56-4cef-887c-cd6cf83b254c,publicado
praziquantel_gravidez,praziquantel,caution,Os dados sobre praziquantel na gravidez são limitados; as diretrizes da OMS permitem o seu uso em infeções helmínticas quando indicado.,Data on praziquantel in pregnancy are limited; WHO guidelines allow its use in helminth infections when indicated.,Pode ser usado em qualquer trimestre segundo as diretrizes da OMS para helmintíases.,May be used in any trimester per WHO guidelines for helminthiasis.,Presente no leite materno em pequenas quantidades; geralmente compatível.,Present in breast milk in small amounts; generally compatible.,Não é necessária contraceção específica.,No specific contraception required.,DailyMed/FDA (NIH/NLM) — rótulo aprovado Praziquantel: https://dailymed.nlm.nih.gov/dailymed/drugInfo.cfm?setid=34ce1cdd-648e-4f1e-8512-bf3d4cc22eb9,DailyMed/FDA (NIH/NLM) — approved Praziquantel label: https://dailymed.nlm.nih.gov/dailymed/drugInfo.cfm?setid=34ce1cdd-648e-4f1e-8512-bf3d4cc22eb9,publicado
sertralina_gravidez,sertralina,caution,Os ISRS no 3.º trimestre associam-se a síndrome de adaptação neonatal; a sertralina é um dos ISRS mais estudados na gravidez.,SSRIs in the third trimester are associated with neonatal adaptation syndrome; sertraline is one of the most studied SSRIs in pregnancy.,Avaliar risco/benefício; evitar se possível no 3.º trimestre em depressão leve-moderada.,Assess risk/benefit; avoid if possible in the third trimester in mild-moderate depression.,Presente no leite materno em pequenas quantidades; geralmente considerado compatível.,Present in breast milk in small amounts; generally considered compatible.,Não é necessária contraceção específica.,No specific contraception required.,DailyMed/FDA (NIH/NLM) — rótulo aprovado Sertralina: https://dailymed.nlm.nih.gov/dailymed/drugInfo.cfm?setid=91e24d17-ff0a-449c-9472-b9df74c98456,DailyMed/FDA (NIH/NLM) — approved Sertraline label: https://dailymed.nlm.nih.gov/dailymed/drugInfo.cfm?setid=91e24d17-ff0a-449c-9472-b9df74c98456,publicado
tobramicina_gravidez,tobramicina,caution,Os aminoglicosídeos podem causar ototoxicidade fetal; usar apenas se o benefício superar o risco.,Aminoglycosides can cause fetal ototoxicity; use only if the benefit outweighs the risk.,Usar apenas em infeções graves quando não há alternativa.,Use only in severe infections when there is no alternative.,Presente no leite materno em pequenas quantidades; o risco de ototoxicidade no lactente é considerado baixo.,Present in breast milk in small amounts; the ototoxicity risk to the infant is considered low.,Não é necessária contraceção específica.,No specific contraception required.,DailyMed/FDA (NIH/NLM) — rótulo aprovado Tobramicina: https://dailymed.nlm.nih.gov/dailymed/drugInfo.cfm?setid=c4751a4f-c9c1-60c5-e053-2995a90aeba9,DailyMed/FDA (NIH/NLM) — approved Tobramycin label: https://dailymed.nlm.nih.gov/dailymed/drugInfo.cfm?setid=c4751a4f-c9c1-60c5-e053-2995a90aeba9,publicado
tramadol_gravidez,tramadol,caution,O uso prolongado de opioides na gravidez causa dependência e síndrome de abstinência neonatal; o uso no parto pode deprimir a respiração do recém-nascido.,Prolonged opioid use in pregnancy causes dependence and neonatal withdrawal syndrome; use at delivery can depress the newborn respiration.,Evitar o uso crónico; usar a menor dose pelo menor tempo possível.,Avoid chronic use; use the lowest dose for the shortest possible time.,Presente no leite materno; evitar a amamentação durante o uso (risco de sedação no lactente).,Present in breast milk; avoid breastfeeding during use (risk of sedation in the infant).,Usar contraceção eficaz se o tratamento for crónico.,Use effective contraception if treatment is chronic.,DailyMed/FDA (NIH/NLM) — rótulo aprovado Tramadol: https://dailymed.nlm.nih.gov/dailymed/drugInfo.cfm?setid=9f0e33bd-65f8-446a-886f-e7e16a142ce5,DailyMed/FDA (NIH/NLM) — approved Tramadol label: https://dailymed.nlm.nih.gov/dailymed/drugInfo.cfm?setid=9f0e33bd-65f8-446a-886f-e7e16a142ce5,publicado
valproato_gravidez,valproato,contraindicated,"O valproato é fortemente teratogénico (defeitos do tubo neural, malformações faciais e cardiovasculares) e reduz o QI da criança.","Valproate is strongly teratogenic (neural tube defects, facial and cardiovascular malformations) and lowers the child IQ.","Contraindicado na gravidez; em mulheres em idade fértil, usar apenas com programa de prevenção de gravidez.","Contraindicated in pregnancy; in women of childbearing age, use only with a pregnancy prevention programme.",Presente no leite materno em pequenas quantidades; geralmente evitado durante a amamentação.,Present in breast milk in small amounts; generally avoided during breastfeeding.,Contraceção obrigatória e eficaz; reavaliar anualmente o programa de prevenção de gravidez.,Mandatory effective contraception; reassess the pregnancy prevention programme annually.,DailyMed/FDA (NIH/NLM) — rótulo aprovado Valproato: https://dailymed.nlm.nih.gov/dailymed/drugInfo.cfm?setid=a33f7657-ad0f-43e9-ba48-024746e6d08e,DailyMed/FDA (NIH/NLM) — approved Valproate label: https://dailymed.nlm.nih.gov/dailymed/drugInfo.cfm?setid=a33f7657-ad0f-43e9-ba48-024746e6d08e,publicado
vancomicina_gravidez,vancomicina,caution,Os dados sobre vancomicina na gravidez são limitados; usar apenas se o benefício superar o risco (ex.: infeções graves por Gram-positivos).,"Data on vancomycin in pregnancy are limited; use only if the benefit outweighs the risk (e.g., severe Gram-positive infections).",Usar apenas em infeções graves sem alternativa segura; monitorizar níveis.,Use only in severe infections with no safe alternative; monitor levels.,Presente no leite materno em pequenas quantidades; geralmente compatível com a amamentação.,Present in breast milk in small amounts; generally compatible with breastfeeding.,Não é necessária contraceção específica.,No specific contraception required.,DailyMed/FDA (NIH/NLM) — rótulo aprovado Vancomicina: https://dailymed.nlm.nih.gov/dailymed/drugInfo.cfm?setid=b01aaa02-8f1d-4b57-96a5-337503428af1,DailyMed/FDA (NIH/NLM) — approved Vancomycin label: https://dailymed.nlm.nih.gov/dailymed/drugInfo.cfm?setid=b01aaa02-8f1d-4b57-96a5-337503428af1,publicado
